-- ecshop v2.x SQL Dump Program
-- http://127.0.0.1
-- 
-- DATE : 2014-06-09 08:31:13
-- MYSQL SERVER VERSION : 5.0.77-community-nt
-- PHP VERSION : 5.2.8
-- ECShop VERSION : v2.7.3
-- Vol : 1
DROP TABLE IF EXISTS `ecs_ad`;
CREATE TABLE `ecs_ad` (
  `ad_id` smallint(5) unsigned NOT NULL auto_increment,
  `position_id` smallint(5) unsigned NOT NULL default '0',
  `media_type` tinyint(3) unsigned NOT NULL default '0',
  `ad_name` varchar(60) NOT NULL default '',
  `ad_link` varchar(255) NOT NULL default '',
  `ad_code` text NOT NULL,
  `start_time` int(11) NOT NULL default '0',
  `end_time` int(11) NOT NULL default '0',
  `link_man` varchar(60) NOT NULL default '',
  `link_email` varchar(60) NOT NULL default '',
  `link_phone` varchar(60) NOT NULL default '',
  `click_count` mediumint(8) unsigned NOT NULL default '0',
  `enabled` tinyint(3) unsigned NOT NULL default '1',
  PRIMARY KEY  (`ad_id`),
  KEY `position_id` (`position_id`),
  KEY `enabled` (`enabled`)
) ENGINE=MyISAM DEFAULT CHARSET=utf8;
INSERT INTO `ecs_ad` ( `ad_id`, `position_id`, `media_type`, `ad_name`, `ad_link`, `ad_code`, `start_time`, `end_time`, `link_man`, `link_email`, `link_phone`, `click_count`, `enabled` ) VALUES  ('1', '1', '0', '公告下广告', '', '1380096734189271435.gif', '1378137600', '1625846400', '', '', '', '0', '1');
INSERT INTO `ecs_ad` ( `ad_id`, `position_id`, `media_type`, `ad_name`, `ad_link`, `ad_code`, `start_time`, `end_time`, `link_man`, `link_email`, `link_phone`, `click_count`, `enabled` ) VALUES  ('2', '2', '0', '主广告右广告', '', '1381909547401497966.jpg', '1381161600', '1479139200', '', '', '', '2', '1');
INSERT INTO `ecs_ad` ( `ad_id`, `position_id`, `media_type`, `ad_name`, `ad_link`, `ad_code`, `start_time`, `end_time`, `link_man`, `link_email`, `link_phone`, `click_count`, `enabled` ) VALUES  ('3', '3', '0', '首页头部通栏广告', '', '1399444144242815427.jpg', '1399392000', '1497628800', '', '', '', '0', '1');
INSERT INTO `ecs_ad` ( `ad_id`, `position_id`, `media_type`, `ad_name`, `ad_link`, `ad_code`, `start_time`, `end_time`, `link_man`, `link_email`, `link_phone`, `click_count`, `enabled` ) VALUES  ('4', '4', '0', '首页公告下广告', '', '1399557826320211911.jpg', '1399478400', '1497542400', '', '', '', '1', '1');
DROP TABLE IF EXISTS `ecs_ad_custom`;
CREATE TABLE `ecs_ad_custom` (
  `ad_id` mediumint(8) unsigned NOT NULL auto_increment,
  `ad_type` tinyint(1) unsigned NOT NULL default '1',
  `ad_name` varchar(60) default NULL,
  `add_time` int(10) unsigned NOT NULL default '0',
  `content` mediumtext,
  `url` varchar(255) default NULL,
  `ad_status` tinyint(3) unsigned NOT NULL default '0',
  PRIMARY KEY  (`ad_id`)
) ENGINE=MyISAM DEFAULT CHARSET=utf8;
DROP TABLE IF EXISTS `ecs_ad_position`;
CREATE TABLE `ecs_ad_position` (
  `position_id` tinyint(3) unsigned NOT NULL auto_increment,
  `position_name` varchar(60) NOT NULL default '',
  `ad_width` smallint(5) unsigned NOT NULL default '0',
  `ad_height` smallint(5) unsigned NOT NULL default '0',
  `position_desc` varchar(255) NOT NULL default '',
  `position_style` text NOT NULL,
  PRIMARY KEY  (`position_id`)
) ENGINE=MyISAM DEFAULT CHARSET=utf8;
INSERT INTO `ecs_ad_position` ( `position_id`, `position_name`, `ad_width`, `ad_height`, `position_desc`, `position_style` ) VALUES  ('1', '公告下AD', '228', '70', '', '<table cellpadding=\"0\" cellspacing=\"0\">\r\n{foreach from=$ads item=ad}\r\n<tr><td>{$ad}</td></tr>\r\n{/foreach}\r\n</table>');
INSERT INTO `ecs_ad_position` ( `position_id`, `position_name`, `ad_width`, `ad_height`, `position_desc`, `position_style` ) VALUES  ('2', '主广告右广告', '213', '348', '', '<table cellpadding=\"0\" cellspacing=\"0\">\r\n{foreach from=$ads item=ad}\r\n<tr><td>{$ad}</td></tr>\r\n{/foreach}\r\n</table>');
INSERT INTO `ecs_ad_position` ( `position_id`, `position_name`, `ad_width`, `ad_height`, `position_desc`, `position_style` ) VALUES  ('3', '首页头部通栏广告', '1000', '60', '', '<table cellpadding=\"0\" cellspacing=\"0\">\r\n{foreach from=$ads item=ad}\r\n<tr><td>{$ad}</td></tr>\r\n{/foreach}\r\n</table>');
INSERT INTO `ecs_ad_position` ( `position_id`, `position_name`, `ad_width`, `ad_height`, `position_desc`, `position_style` ) VALUES  ('4', '首页公告下广告', '253', '157', '', '<table cellpadding=\"0\" cellspacing=\"0\">\r\n{foreach from=$ads item=ad}\r\n<tr><td>{$ad}</td></tr>\r\n{/foreach}\r\n</table>');
DROP TABLE IF EXISTS `ecs_admin_action`;
CREATE TABLE `ecs_admin_action` (
  `action_id` tinyint(3) unsigned NOT NULL auto_increment,
  `parent_id` tinyint(3) unsigned NOT NULL default '0',
  `action_code` varchar(20) NOT NULL default '',
  `relevance` varchar(20) NOT NULL default '',
  PRIMARY KEY  (`action_id`),
  KEY `parent_id` (`parent_id`)
) ENGINE=MyISAM DEFAULT CHARSET=utf8;
INSERT INTO `ecs_admin_action` ( `action_id`, `parent_id`, `action_code`, `relevance` ) VALUES  ('1', '0', 'goods', '');
INSERT INTO `ecs_admin_action` ( `action_id`, `parent_id`, `action_code`, `relevance` ) VALUES  ('2', '0', 'cms_manage', '');
INSERT INTO `ecs_admin_action` ( `action_id`, `parent_id`, `action_code`, `relevance` ) VALUES  ('3', '0', 'users_manage', '');
INSERT INTO `ecs_admin_action` ( `action_id`, `parent_id`, `action_code`, `relevance` ) VALUES  ('4', '0', 'priv_manage', '');
INSERT INTO `ecs_admin_action` ( `action_id`, `parent_id`, `action_code`, `relevance` ) VALUES  ('5', '0', 'sys_manage', '');
INSERT INTO `ecs_admin_action` ( `action_id`, `parent_id`, `action_code`, `relevance` ) VALUES  ('6', '0', 'order_manage', '');
INSERT INTO `ecs_admin_action` ( `action_id`, `parent_id`, `action_code`, `relevance` ) VALUES  ('7', '0', 'promotion', '');
INSERT INTO `ecs_admin_action` ( `action_id`, `parent_id`, `action_code`, `relevance` ) VALUES  ('8', '0', 'email', '');
INSERT INTO `ecs_admin_action` ( `action_id`, `parent_id`, `action_code`, `relevance` ) VALUES  ('9', '0', 'templates_manage', '');
INSERT INTO `ecs_admin_action` ( `action_id`, `parent_id`, `action_code`, `relevance` ) VALUES  ('10', '0', 'db_manage', '');
INSERT INTO `ecs_admin_action` ( `action_id`, `parent_id`, `action_code`, `relevance` ) VALUES  ('11', '0', 'sms_manage', '');
INSERT INTO `ecs_admin_action` ( `action_id`, `parent_id`, `action_code`, `relevance` ) VALUES  ('21', '1', 'goods_manage', '');
INSERT INTO `ecs_admin_action` ( `action_id`, `parent_id`, `action_code`, `relevance` ) VALUES  ('22', '1', 'remove_back', '');
INSERT INTO `ecs_admin_action` ( `action_id`, `parent_id`, `action_code`, `relevance` ) VALUES  ('23', '1', 'cat_manage', '');
INSERT INTO `ecs_admin_action` ( `action_id`, `parent_id`, `action_code`, `relevance` ) VALUES  ('24', '1', 'cat_drop', 'cat_manage');
INSERT INTO `ecs_admin_action` ( `action_id`, `parent_id`, `action_code`, `relevance` ) VALUES  ('25', '1', 'attr_manage', '');
INSERT INTO `ecs_admin_action` ( `action_id`, `parent_id`, `action_code`, `relevance` ) VALUES  ('26', '1', 'brand_manage', '');
INSERT INTO `ecs_admin_action` ( `action_id`, `parent_id`, `action_code`, `relevance` ) VALUES  ('27', '1', 'comment_priv', '');
INSERT INTO `ecs_admin_action` ( `action_id`, `parent_id`, `action_code`, `relevance` ) VALUES  ('84', '1', 'tag_manage', '');
INSERT INTO `ecs_admin_action` ( `action_id`, `parent_id`, `action_code`, `relevance` ) VALUES  ('30', '2', 'article_cat', '');
INSERT INTO `ecs_admin_action` ( `action_id`, `parent_id`, `action_code`, `relevance` ) VALUES  ('31', '2', 'article_manage', '');
INSERT INTO `ecs_admin_action` ( `action_id`, `parent_id`, `action_code`, `relevance` ) VALUES  ('32', '2', 'shopinfo_manage', '');
INSERT INTO `ecs_admin_action` ( `action_id`, `parent_id`, `action_code`, `relevance` ) VALUES  ('33', '2', 'shophelp_manage', '');
INSERT INTO `ecs_admin_action` ( `action_id`, `parent_id`, `action_code`, `relevance` ) VALUES  ('34', '2', 'vote_priv', '');
INSERT INTO `ecs_admin_action` ( `action_id`, `parent_id`, `action_code`, `relevance` ) VALUES  ('35', '7', 'topic_manage', '');
INSERT INTO `ecs_admin_action` ( `action_id`, `parent_id`, `action_code`, `relevance` ) VALUES  ('74', '4', 'template_manage', '');
INSERT INTO `ecs_admin_action` ( `action_id`, `parent_id`, `action_code`, `relevance` ) VALUES  ('73', '3', 'feedback_priv', '');
INSERT INTO `ecs_admin_action` ( `action_id`, `parent_id`, `action_code`, `relevance` ) VALUES  ('38', '3', 'integrate_users', '');
INSERT INTO `ecs_admin_action` ( `action_id`, `parent_id`, `action_code`, `relevance` ) VALUES  ('39', '3', 'sync_users', 'integrate_users');
INSERT INTO `ecs_admin_action` ( `action_id`, `parent_id`, `action_code`, `relevance` ) VALUES  ('40', '3', 'users_manage', '');
INSERT INTO `ecs_admin_action` ( `action_id`, `parent_id`, `action_code`, `relevance` ) VALUES  ('41', '3', 'users_drop', 'users_manage');
INSERT INTO `ecs_admin_action` ( `action_id`, `parent_id`, `action_code`, `relevance` ) VALUES  ('42', '3', 'user_rank', '');
INSERT INTO `ecs_admin_action` ( `action_id`, `parent_id`, `action_code`, `relevance` ) VALUES  ('85', '3', 'surplus_manage', 'account_manage');
INSERT INTO `ecs_admin_action` ( `action_id`, `parent_id`, `action_code`, `relevance` ) VALUES  ('43', '4', 'admin_manage', '');
INSERT INTO `ecs_admin_action` ( `action_id`, `parent_id`, `action_code`, `relevance` ) VALUES  ('44', '4', 'admin_drop', 'admin_manage');
INSERT INTO `ecs_admin_action` ( `action_id`, `parent_id`, `action_code`, `relevance` ) VALUES  ('45', '4', 'allot_priv', 'admin_manage');
INSERT INTO `ecs_admin_action` ( `action_id`, `parent_id`, `action_code`, `relevance` ) VALUES  ('46', '4', 'logs_manage', '');
INSERT INTO `ecs_admin_action` ( `action_id`, `parent_id`, `action_code`, `relevance` ) VALUES  ('47', '4', 'logs_drop', 'logs_manage');
INSERT INTO `ecs_admin_action` ( `action_id`, `parent_id`, `action_code`, `relevance` ) VALUES  ('48', '5', 'shop_config', '');
INSERT INTO `ecs_admin_action` ( `action_id`, `parent_id`, `action_code`, `relevance` ) VALUES  ('49', '5', 'ship_manage', '');
INSERT INTO `ecs_admin_action` ( `action_id`, `parent_id`, `action_code`, `relevance` ) VALUES  ('50', '5', 'payment', '');
INSERT INTO `ecs_admin_action` ( `action_id`, `parent_id`, `action_code`, `relevance` ) VALUES  ('51', '5', 'shiparea_manage', '');
INSERT INTO `ecs_admin_action` ( `action_id`, `parent_id`, `action_code`, `relevance` ) VALUES  ('52', '5', 'area_manage', '');
INSERT INTO `ecs_admin_action` ( `action_id`, `parent_id`, `action_code`, `relevance` ) VALUES  ('53', '6', 'order_os_edit', '');
INSERT INTO `ecs_admin_action` ( `action_id`, `parent_id`, `action_code`, `relevance` ) VALUES  ('54', '6', 'order_ps_edit', 'order_os_edit');
INSERT INTO `ecs_admin_action` ( `action_id`, `parent_id`, `action_code`, `relevance` ) VALUES  ('55', '6', 'order_ss_edit', 'order_os_edit');
INSERT INTO `ecs_admin_action` ( `action_id`, `parent_id`, `action_code`, `relevance` ) VALUES  ('56', '6', 'order_edit', 'order_os_edit');
INSERT INTO `ecs_admin_action` ( `action_id`, `parent_id`, `action_code`, `relevance` ) VALUES  ('57', '6', 'order_view', '');
INSERT INTO `ecs_admin_action` ( `action_id`, `parent_id`, `action_code`, `relevance` ) VALUES  ('58', '6', 'order_view_finished', '');
INSERT INTO `ecs_admin_action` ( `action_id`, `parent_id`, `action_code`, `relevance` ) VALUES  ('59', '6', 'repay_manage', '');
INSERT INTO `ecs_admin_action` ( `action_id`, `parent_id`, `action_code`, `relevance` ) VALUES  ('60', '6', 'booking', '');
INSERT INTO `ecs_admin_action` ( `action_id`, `parent_id`, `action_code`, `relevance` ) VALUES  ('61', '6', 'sale_order_stats', '');
INSERT INTO `ecs_admin_action` ( `action_id`, `parent_id`, `action_code`, `relevance` ) VALUES  ('62', '6', 'client_flow_stats', '');
INSERT INTO `ecs_admin_action` ( `action_id`, `parent_id`, `action_code`, `relevance` ) VALUES  ('78', '7', 'snatch_manage', '');
INSERT INTO `ecs_admin_action` ( `action_id`, `parent_id`, `action_code`, `relevance` ) VALUES  ('83', '7', 'ad_manage', '');
INSERT INTO `ecs_admin_action` ( `action_id`, `parent_id`, `action_code`, `relevance` ) VALUES  ('80', '7', 'gift_manage', '');
INSERT INTO `ecs_admin_action` ( `action_id`, `parent_id`, `action_code`, `relevance` ) VALUES  ('81', '7', 'card_manage', '');
INSERT INTO `ecs_admin_action` ( `action_id`, `parent_id`, `action_code`, `relevance` ) VALUES  ('70', '1', 'goods_type', '');
INSERT INTO `ecs_admin_action` ( `action_id`, `parent_id`, `action_code`, `relevance` ) VALUES  ('82', '7', 'pack', '');
INSERT INTO `ecs_admin_action` ( `action_id`, `parent_id`, `action_code`, `relevance` ) VALUES  ('79', '7', 'bonus_manage', '');
INSERT INTO `ecs_admin_action` ( `action_id`, `parent_id`, `action_code`, `relevance` ) VALUES  ('75', '5', 'friendlink', '');
INSERT INTO `ecs_admin_action` ( `action_id`, `parent_id`, `action_code`, `relevance` ) VALUES  ('76', '5', 'db_backup', '');
INSERT INTO `ecs_admin_action` ( `action_id`, `parent_id`, `action_code`, `relevance` ) VALUES  ('77', '5', 'db_renew', 'db_backup');
INSERT INTO `ecs_admin_action` ( `action_id`, `parent_id`, `action_code`, `relevance` ) VALUES  ('86', '4', 'agency_manage', '');
INSERT INTO `ecs_admin_action` ( `action_id`, `parent_id`, `action_code`, `relevance` ) VALUES  ('87', '3', 'account_manage', '');
INSERT INTO `ecs_admin_action` ( `action_id`, `parent_id`, `action_code`, `relevance` ) VALUES  ('88', '5', 'flash_manage', '');
INSERT INTO `ecs_admin_action` ( `action_id`, `parent_id`, `action_code`, `relevance` ) VALUES  ('89', '5', 'navigator', '');
INSERT INTO `ecs_admin_action` ( `action_id`, `parent_id`, `action_code`, `relevance` ) VALUES  ('90', '7', 'auction', '');
INSERT INTO `ecs_admin_action` ( `action_id`, `parent_id`, `action_code`, `relevance` ) VALUES  ('91', '7', 'group_by', '');
INSERT INTO `ecs_admin_action` ( `action_id`, `parent_id`, `action_code`, `relevance` ) VALUES  ('92', '7', 'favourable', '');
INSERT INTO `ecs_admin_action` ( `action_id`, `parent_id`, `action_code`, `relevance` ) VALUES  ('93', '7', 'whole_sale', '');
INSERT INTO `ecs_admin_action` ( `action_id`, `parent_id`, `action_code`, `relevance` ) VALUES  ('94', '1', 'goods_auto', '');
INSERT INTO `ecs_admin_action` ( `action_id`, `parent_id`, `action_code`, `relevance` ) VALUES  ('95', '2', 'article_auto', '');
INSERT INTO `ecs_admin_action` ( `action_id`, `parent_id`, `action_code`, `relevance` ) VALUES  ('96', '5', 'cron', '');
INSERT INTO `ecs_admin_action` ( `action_id`, `parent_id`, `action_code`, `relevance` ) VALUES  ('97', '5', 'affiliate', '');
INSERT INTO `ecs_admin_action` ( `action_id`, `parent_id`, `action_code`, `relevance` ) VALUES  ('98', '5', 'affiliate_ck', '');
INSERT INTO `ecs_admin_action` ( `action_id`, `parent_id`, `action_code`, `relevance` ) VALUES  ('99', '8', 'attention_list', '');
INSERT INTO `ecs_admin_action` ( `action_id`, `parent_id`, `action_code`, `relevance` ) VALUES  ('100', '8', 'email_list', '');
INSERT INTO `ecs_admin_action` ( `action_id`, `parent_id`, `action_code`, `relevance` ) VALUES  ('101', '8', 'magazine_list', '');
INSERT INTO `ecs_admin_action` ( `action_id`, `parent_id`, `action_code`, `relevance` ) VALUES  ('102', '8', 'view_sendlist', '');
INSERT INTO `ecs_admin_action` ( `action_id`, `parent_id`, `action_code`, `relevance` ) VALUES  ('103', '1', 'virualcard', '');
INSERT INTO `ecs_admin_action` ( `action_id`, `parent_id`, `action_code`, `relevance` ) VALUES  ('104', '7', 'package_manage', '');
INSERT INTO `ecs_admin_action` ( `action_id`, `parent_id`, `action_code`, `relevance` ) VALUES  ('105', '1', 'picture_batch', '');
INSERT INTO `ecs_admin_action` ( `action_id`, `parent_id`, `action_code`, `relevance` ) VALUES  ('106', '1', 'goods_export', '');
INSERT INTO `ecs_admin_action` ( `action_id`, `parent_id`, `action_code`, `relevance` ) VALUES  ('107', '1', 'goods_batch', '');
INSERT INTO `ecs_admin_action` ( `action_id`, `parent_id`, `action_code`, `relevance` ) VALUES  ('108', '1', 'gen_goods_script', '');
INSERT INTO `ecs_admin_action` ( `action_id`, `parent_id`, `action_code`, `relevance` ) VALUES  ('109', '5', 'sitemap', '');
INSERT INTO `ecs_admin_action` ( `action_id`, `parent_id`, `action_code`, `relevance` ) VALUES  ('110', '5', 'file_priv', '');
INSERT INTO `ecs_admin_action` ( `action_id`, `parent_id`, `action_code`, `relevance` ) VALUES  ('111', '5', 'file_check', '');
INSERT INTO `ecs_admin_action` ( `action_id`, `parent_id`, `action_code`, `relevance` ) VALUES  ('112', '9', 'template_select', '');
INSERT INTO `ecs_admin_action` ( `action_id`, `parent_id`, `action_code`, `relevance` ) VALUES  ('113', '9', 'template_setup', '');
INSERT INTO `ecs_admin_action` ( `action_id`, `parent_id`, `action_code`, `relevance` ) VALUES  ('114', '9', 'library_manage', '');
INSERT INTO `ecs_admin_action` ( `action_id`, `parent_id`, `action_code`, `relevance` ) VALUES  ('115', '9', 'lang_edit', '');
INSERT INTO `ecs_admin_action` ( `action_id`, `parent_id`, `action_code`, `relevance` ) VALUES  ('116', '9', 'backup_setting', '');
INSERT INTO `ecs_admin_action` ( `action_id`, `parent_id`, `action_code`, `relevance` ) VALUES  ('117', '9', 'mail_template', '');
INSERT INTO `ecs_admin_action` ( `action_id`, `parent_id`, `action_code`, `relevance` ) VALUES  ('118', '10', 'db_backup', '');
INSERT INTO `ecs_admin_action` ( `action_id`, `parent_id`, `action_code`, `relevance` ) VALUES  ('119', '10', 'db_renew', '');
INSERT INTO `ecs_admin_action` ( `action_id`, `parent_id`, `action_code`, `relevance` ) VALUES  ('120', '10', 'db_optimize', '');
INSERT INTO `ecs_admin_action` ( `action_id`, `parent_id`, `action_code`, `relevance` ) VALUES  ('121', '10', 'sql_query', '');
INSERT INTO `ecs_admin_action` ( `action_id`, `parent_id`, `action_code`, `relevance` ) VALUES  ('122', '10', 'convert', '');
INSERT INTO `ecs_admin_action` ( `action_id`, `parent_id`, `action_code`, `relevance` ) VALUES  ('124', '11', 'sms_send', '');
INSERT INTO `ecs_admin_action` ( `action_id`, `parent_id`, `action_code`, `relevance` ) VALUES  ('128', '7', 'exchange_goods', '');
INSERT INTO `ecs_admin_action` ( `action_id`, `parent_id`, `action_code`, `relevance` ) VALUES  ('129', '6', 'delivery_view', '');
INSERT INTO `ecs_admin_action` ( `action_id`, `parent_id`, `action_code`, `relevance` ) VALUES  ('130', '6', 'back_view', '');
INSERT INTO `ecs_admin_action` ( `action_id`, `parent_id`, `action_code`, `relevance` ) VALUES  ('131', '5', 'reg_fields', '');
INSERT INTO `ecs_admin_action` ( `action_id`, `parent_id`, `action_code`, `relevance` ) VALUES  ('132', '5', 'shop_authorized', '');
INSERT INTO `ecs_admin_action` ( `action_id`, `parent_id`, `action_code`, `relevance` ) VALUES  ('133', '5', 'webcollect_manage', '');
INSERT INTO `ecs_admin_action` ( `action_id`, `parent_id`, `action_code`, `relevance` ) VALUES  ('134', '4', 'suppliers_manage', '');
INSERT INTO `ecs_admin_action` ( `action_id`, `parent_id`, `action_code`, `relevance` ) VALUES  ('135', '4', 'role_manage', '');
DROP TABLE IF EXISTS `ecs_adsense`;
CREATE TABLE `ecs_adsense` (
  `from_ad` smallint(5) NOT NULL default '0',
  `referer` varchar(255) NOT NULL default '',
  `clicks` int(10) unsigned NOT NULL default '0',
  KEY `from_ad` (`from_ad`)
) ENGINE=MyISAM DEFAULT CHARSET=utf8;
INSERT INTO `ecs_adsense` ( `from_ad`, `referer`, `clicks` ) VALUES  ('2', '本站', '2');
INSERT INTO `ecs_adsense` ( `from_ad`, `referer`, `clicks` ) VALUES  ('4', '本站', '1');
DROP TABLE IF EXISTS `ecs_agency`;
CREATE TABLE `ecs_agency` (
  `agency_id` smallint(5) unsigned NOT NULL auto_increment,
  `agency_name` varchar(255) NOT NULL,
  `agency_desc` text NOT NULL,
  PRIMARY KEY  (`agency_id`),
  KEY `agency_name` (`agency_name`)
) ENGINE=MyISAM DEFAULT CHARSET=utf8;
DROP TABLE IF EXISTS `ecs_area_region`;
CREATE TABLE `ecs_area_region` (
  `shipping_area_id` smallint(5) unsigned NOT NULL default '0',
  `region_id` smallint(5) unsigned NOT NULL default '0',
  PRIMARY KEY  (`shipping_area_id`,`region_id`)
) ENGINE=MyISAM DEFAULT CHARSET=utf8;
INSERT INTO `ecs_area_region` ( `shipping_area_id`, `region_id` ) VALUES  ('1', '1');
INSERT INTO `ecs_area_region` ( `shipping_area_id`, `region_id` ) VALUES  ('2', '1');
INSERT INTO `ecs_area_region` ( `shipping_area_id`, `region_id` ) VALUES  ('3', '1');
INSERT INTO `ecs_area_region` ( `shipping_area_id`, `region_id` ) VALUES  ('4', '3');
INSERT INTO `ecs_area_region` ( `shipping_area_id`, `region_id` ) VALUES  ('4', '4');
INSERT INTO `ecs_area_region` ( `shipping_area_id`, `region_id` ) VALUES  ('4', '6');
INSERT INTO `ecs_area_region` ( `shipping_area_id`, `region_id` ) VALUES  ('4', '9');
INSERT INTO `ecs_area_region` ( `shipping_area_id`, `region_id` ) VALUES  ('4', '30');
INSERT INTO `ecs_area_region` ( `shipping_area_id`, `region_id` ) VALUES  ('4', '32');
DROP TABLE IF EXISTS `ecs_article`;
CREATE TABLE `ecs_article` (
  `article_id` mediumint(8) unsigned NOT NULL auto_increment,
  `cat_id` smallint(5) NOT NULL default '0',
  `title` varchar(150) NOT NULL default '',
  `content` longtext NOT NULL,
  `author` varchar(30) NOT NULL default '',
  `author_email` varchar(60) NOT NULL default '',
  `keywords` varchar(255) NOT NULL default '',
  `article_type` tinyint(1) unsigned NOT NULL default '2',
  `is_open` tinyint(1) unsigned NOT NULL default '1',
  `add_time` int(10) unsigned NOT NULL default '0',
  `file_url` varchar(255) NOT NULL default '',
  `open_type` tinyint(1) unsigned NOT NULL default '0',
  `link` varchar(255) NOT NULL default '',
  `description` varchar(255) default NULL,
  PRIMARY KEY  (`article_id`),
  KEY `cat_id` (`cat_id`)
) ENGINE=MyISAM DEFAULT CHARSET=utf8;
INSERT INTO `ecs_article` ( `article_id`, `cat_id`, `title`, `content`, `author`, `author_email`, `keywords`, `article_type`, `is_open`, `add_time`, `file_url`, `open_type`, `link`, `description` ) VALUES  ('1', '2', '免责条款', '', '', '', '', '0', '1', '1380088046', '', '0', '', '');
INSERT INTO `ecs_article` ( `article_id`, `cat_id`, `title`, `content`, `author`, `author_email`, `keywords`, `article_type`, `is_open`, `add_time`, `file_url`, `open_type`, `link`, `description` ) VALUES  ('2', '2', '隐私保护', '', '', '', '', '0', '1', '1380088046', '', '0', '', '');
INSERT INTO `ecs_article` ( `article_id`, `cat_id`, `title`, `content`, `author`, `author_email`, `keywords`, `article_type`, `is_open`, `add_time`, `file_url`, `open_type`, `link`, `description` ) VALUES  ('3', '2', '咨询热点', '', '', '', '', '0', '1', '1380088046', '', '0', '', '');
INSERT INTO `ecs_article` ( `article_id`, `cat_id`, `title`, `content`, `author`, `author_email`, `keywords`, `article_type`, `is_open`, `add_time`, `file_url`, `open_type`, `link`, `description` ) VALUES  ('4', '2', '联系我们', '', '', '', '', '0', '1', '1380088046', '', '0', '', '');
INSERT INTO `ecs_article` ( `article_id`, `cat_id`, `title`, `content`, `author`, `author_email`, `keywords`, `article_type`, `is_open`, `add_time`, `file_url`, `open_type`, `link`, `description` ) VALUES  ('5', '2', '公司简介', '', '', '', '', '0', '1', '1380088046', '', '0', '', '');
INSERT INTO `ecs_article` ( `article_id`, `cat_id`, `title`, `content`, `author`, `author_email`, `keywords`, `article_type`, `is_open`, `add_time`, `file_url`, `open_type`, `link`, `description` ) VALUES  ('6', '-1', '用户协议', '', '', '', '', '0', '1', '1380088046', '', '0', '', '');
INSERT INTO `ecs_article` ( `article_id`, `cat_id`, `title`, `content`, `author`, `author_email`, `keywords`, `article_type`, `is_open`, `add_time`, `file_url`, `open_type`, `link`, `description` ) VALUES  ('7', '4', '三星电子宣布将在中国发布15款3G手机', '<p>全球领先的电子产品及第二大移动通信终端制造商三星电子今天在北京宣布，为全面支持中国开展3G移动通信业务，将在3G服务正式商用之际，向中国市场推出 15款3G手机。这些产品分别支持中国三大无线运营商的各种3G服务，并已经得到运营商的合作认可。凭借在电子和通信领域的整体技术实力和对消费者的准确 把握，三星电子已经开始全面发力中国的3G移动通信市场。<br />\n<br />\n&nbsp;&nbsp;&nbsp;&nbsp;2009年1月，中国政府宣布正式启动3G移动通信服务。并根据中国的实际情况，决定由三大运营商分别采用全部三种3G网络制式，&nbsp;即以中国自主知识产权为核心的TD-SCDMA，以欧洲为主要市场的WCDMA和源自北美的CDMA2000技术。<br />\n<br />\n&nbsp;&nbsp;&nbsp;&nbsp;多 年来，三星电子秉承&ldquo;做中国人民喜爱的企业，贡献于中国社会的企业&rdquo;的企业理念，准确地把握了中国社会的发展和市场的需求，推出了一系列深受中国消费者喜 爱的电子产品。为了配合中国推进具有自主知识产权的3G移动通信标准TD-SCDMA，&nbsp;三星电子从2000年开始在中国设立了通信技术研究院，&nbsp;开始进 行TD-SCDMA技术的研究。作为最早承诺支持中国3G标准的手机制造企业，三星电子已经先后投入了上亿元的研究费用，&nbsp;组建了几百人的研发团队。推出 的TD-SCDMA制式的产品，不仅通过了各级权威部门的试验和检测，也经历了2008年北京奥运会的现场考验。此次为中国移动定制的TD-SCDMA手 机，包括了满足高端商务需求的双待产品B7702C，以及数字电视手机、多媒体手机和时尚手机。<br />\n<br />\n&nbsp;&nbsp;&nbsp;&nbsp;作为世界第二大手机制造企业，三 星电子已经在全球3G市场积累了多年的技术和市场经验。最新的统计表明，在完全采用WCDMA标准的欧洲，三星电子的市场份额已经排名第二。在为中国联通 准备的产品中，不仅包括能够支持HSDPA的高端多媒体手机S7520U，也涵盖了能够支持高速上网、在线电影、在线音乐等适合不同消费需求的各种产品。<br />\n<br />\n&nbsp;&nbsp;&nbsp;&nbsp;而 在主要采用CDMA2000技术的北美市场，三星电子也取得了市场份额的第一名。即将陆续上市的支持中国电信3G服务的EVDO产品，有高端商务手机 W709。该机能够支持EVDO/GSM的双网双待功能，含800万像素拍摄系统。其他产品还包括音乐手机M609，双模手机W239，以及时尚设计的 F539等。<br />\n<br />\n&nbsp;&nbsp;&nbsp;&nbsp;作为世界上少数能够提供支持三种3G标准的终端厂商，三星电子正利用其在通信、半导体、显示器以及数字多媒体等方面 的优势，加快产品数字融合的进程。除上述3G手机产品外，三星电子也于近期推出了用于3G网络的上网卡和网络笔记本电脑。三星电子专务、无线事业部大中华 区高级副总裁卢基学先生说，&ldquo;上述15款新品，&nbsp;只是我们二季度新产品的一部分。随着中国3G移动通信市场的不断扩大，三星还将推出更多适合中国市场的终 端产品，以满足消费者对于通信和数字产品的不同需求。三星也将积极配合运营商业务的发展计划，加快技术和应用的研发。中国3G的移动通信市场前景将是非常 明亮的。&rdquo;</p>', '', '', '', '0', '1', '1241426864', '', '0', 'http://', '');
INSERT INTO `ecs_article` ( `article_id`, `cat_id`, `title`, `content`, `author`, `author_email`, `keywords`, `article_type`, `is_open`, `add_time`, `file_url`, `open_type`, `link`, `description` ) VALUES  ('8', '4', '诺基亚牵手移动 5款热门TD手机机型推荐', '<table width=\"100%\" cellspacing=\"0\" cellpadding=\"4\" align=\"center\" class=\"tableborder\">\r\n<tbody>\r\n<tr>\r\n<td width=\"180\" valign=\"top\" class=\"altbg4\">&nbsp;</td>\r\n<td height=\"100%\" valign=\"top\" class=\"altbg3\">\r\n<table cellspacing=\"0\" cellpadding=\"0\" border=\"0\" style=\"padding: 5px; table-layout: fixed; width: 973px; height: 2195px;\">\r\n<tbody>\r\n<tr>\r\n<td valign=\"top\">\r\n<div class=\"bbs_content clearfix\">随着5月17日电信日的来临，自从09年初网民对于3G方面关注越来越多，目前国内3G网络主要有中国移动TD-SCDMA，中国联通WCDMA以及 中国电信的CDMA2000这三种制式。到底是哪一种网络制式能让消费者满意，相信好多消费者都难以判断。<br />\r\n<br />\r\n而作为3G网络最主要的组 成部分-手持终端（手机） ，相信也是好多消费者关注的焦点。目前，中国移动TD-SCDMA手机机型频频爆出，其中不乏亮点产品，像联想联想 Ophone、诺基亚、多普达 Magic等，下面就让笔者与大家一起来了解TD-SCDMA网络制式下的几款强势机型吧。<br />\r\n<br />\r\n诺基亚TD-SCDMA手机　型号：待定　参考报价：尚未上市<br />\r\n<br />\r\n随着国内3G网络发展速度加快及众多手机厂商纷纷跟进，诺基亚终于推出TD-SCDMA手机，这款诺基亚的首台TD-SCDMA测试手机型号目前仍无法 得知，但从键盘及菜单设计来看，我们可以是知道其并没有采用S60操作系统，只是配备了S40系统，机身直板造型与早期热卖的6300有几分相像。<br />\r\n<br />\r\n<p><img width=\"450\" alt=\"\" src=\"http://dstatic.esqimg.com/4812278/1.jpg\" style=\"display: block;\" /></p>\r\n<br />\r\n<br />\r\n图为：诺基亚TD-SCDMA手机<br />\r\n<br />\r\n虽然没有更多的参数资料，但是从曝光的图片我们可以知道这款诺基亚TD-SCDMA手机必定配备了QVGA分辨率的屏幕以及320万像素的摄像头，而标准的MP3以及蓝牙等功能自然不会缺少，在功能方面不会比以往的S40手机逊色。<br />\r\n<br />\r\n<p><img width=\"450\" alt=\"\" src=\"http://dstatic.esqimg.com/4812279/2.jpg\" style=\"display: block;\" /></p>\r\n<br />\r\n<br />\r\n图为：诺基亚TD-SCDMA手机<br />\r\n<br />\r\n这款诺基亚的TD手机最大的卖点便是提供了对TD-HSDPA技术的支持，最大的功能特色便是该技术被看为是TD网络下一步的演进技术，能够同时适用于 WCDMA和TD-SCDMA两种不同的网络支持，能够很好的支持非对称的数据业务，也就是说这款诺基亚手机的用户即便在全球漫游都能够使用到3G网络。 而其机身前置的摄像头也更是证实了其3G手机的身份。<br />\r\n<br />\r\n<p><img width=\"450\" alt=\"\" src=\"http://dstatic.esqimg.com/4812280/3.jpg\" style=\"display: block;\" /></p>\r\n<p><br />\r\n<br />\r\n图为：诺基亚TD-SCDMA手机<br />\r\n<br />\r\n从目前曝光的测试情况来看，通过这款诺基亚TD手机连接网络，其下载速度能够稳定在1.3Mbps左右，不过根据国内有些媒体的报道，诺基亚官方已经证实将于今天下半年配合运营商中国移动对出自己的第一款TD-SCDMA制式的S60手机，大家要拭目以待了。</p>\r\n<p>&nbsp;</p>\r\n图为：诺基亚TD-SCDMA手机<br />\r\n<br />\r\n最后较为耐人寻味的便是目前有业内人士指出目前曝光的的诺基亚TD手机其实是去年夏季就出现过的 TD测试手机，但是随着诺基亚拥有部分股份的TD芯片厂商&ldquo;凯明&rdquo;的倒闭，这款机型也就被取消了。尽管对于目前这款诺基亚的TD测试手机的身份尚无官方的 消息，但是诺基亚将推出TD手机遗失毫无悬念的事情了，相信大家也希望在TD制式下能够有更多的手机可以选择。</div>\r\n</td>\r\n</tr>\r\n</tbody>\r\n</table>\r\n</td>\r\n</tr>\r\n</tbody>\r\n</table>\r\n<p>&nbsp;</p>', '', '', '', '0', '1', '1241427051', '', '0', 'http://', '');
INSERT INTO `ecs_article` ( `article_id`, `cat_id`, `title`, `content`, `author`, `author_email`, `keywords`, `article_type`, `is_open`, `add_time`, `file_url`, `open_type`, `link`, `description` ) VALUES  ('9', '5', '售后流程', '', '', '', '', '0', '1', '1242576700', '', '0', 'http://', '');
INSERT INTO `ecs_article` ( `article_id`, `cat_id`, `title`, `content`, `author`, `author_email`, `keywords`, `article_type`, `is_open`, `add_time`, `file_url`, `open_type`, `link`, `description` ) VALUES  ('10', '5', '购物流程', '', '', '', '', '0', '1', '1242576717', '', '0', 'http://', '');
INSERT INTO `ecs_article` ( `article_id`, `cat_id`, `title`, `content`, `author`, `author_email`, `keywords`, `article_type`, `is_open`, `add_time`, `file_url`, `open_type`, `link`, `description` ) VALUES  ('11', '5', '订购方式', '', '', '', '', '0', '1', '1242576727', '', '0', 'http://', '');
INSERT INTO `ecs_article` ( `article_id`, `cat_id`, `title`, `content`, `author`, `author_email`, `keywords`, `article_type`, `is_open`, `add_time`, `file_url`, `open_type`, `link`, `description` ) VALUES  ('12', '6', '如何分辨原装电池', '<p><font size=\"2\">一般在购买时主要是依靠观察外观特征的方法来鉴别电池，而原装电池一般应具有以下一些特征：&nbsp;<br />\n<br />\n1、 电池外观整齐，外表面有一定的粗糙度且手感舒适，内表面手感光滑，灯光下能看见细密的纵向划痕&nbsp;<br />\n<br />\n2、 生产厂家字样应该轮廓清晰，且防伪标志亮度高，看上去有立体感，电池标贴 字迹清晰，有与电池类型相一致的电池件号<br />\n3、 电池标贴采用二次印刷技术，在一定光线下从斜面看，条形码部分的颜色比其他部分要黑，且用手触摸有凹凸感<br />\n<br />\n4、 原装电池电极与手机电池片宽度相等，电池电极下方标有&ldquo; + &rdquo;、&ldquo; - &rdquo;标志，电池电极片之间的隔离材料与外壳材料一致，但不是一体<br />\n<br />\n5、 原装电池装入手机时手感舒适，安装自如，电池按压部分卡位适当而且牢固<br />\n<br />\n6、 原装电池的金属触点采用优质的铜片，只有在正面看时才会有反光，而从其它角度看的话，都是比较暗淡的</font></p>', '', '', '', '1', '1', '1242576826', '', '0', 'http://', '');
INSERT INTO `ecs_article` ( `article_id`, `cat_id`, `title`, `content`, `author`, `author_email`, `keywords`, `article_type`, `is_open`, `add_time`, `file_url`, `open_type`, `link`, `description` ) VALUES  ('15', '7', '货到付款区域', '', '', '', '', '0', '1', '1242577023', '', '0', 'http://', '');
INSERT INTO `ecs_article` ( `article_id`, `cat_id`, `title`, `content`, `author`, `author_email`, `keywords`, `article_type`, `is_open`, `add_time`, `file_url`, `open_type`, `link`, `description` ) VALUES  ('16', '7', '配送支付智能查询 ', '', '', '', '', '0', '1', '1242577032', '', '0', 'http://', '');
INSERT INTO `ecs_article` ( `article_id`, `cat_id`, `title`, `content`, `author`, `author_email`, `keywords`, `article_type`, `is_open`, `add_time`, `file_url`, `open_type`, `link`, `description` ) VALUES  ('17', '7', '支付方式说明', '', '', '', '', '0', '1', '1242577041', '', '0', 'http://', '');
INSERT INTO `ecs_article` ( `article_id`, `cat_id`, `title`, `content`, `author`, `author_email`, `keywords`, `article_type`, `is_open`, `add_time`, `file_url`, `open_type`, `link`, `description` ) VALUES  ('18', '10', '资金管理', '', '', '', '', '0', '1', '1242577127', '', '0', 'user.php?act=account_log', '');
INSERT INTO `ecs_article` ( `article_id`, `cat_id`, `title`, `content`, `author`, `author_email`, `keywords`, `article_type`, `is_open`, `add_time`, `file_url`, `open_type`, `link`, `description` ) VALUES  ('19', '10', '我的收藏', '', '', '', '', '0', '1', '1242577178', '', '0', 'user.php?act=collection_list', '');
INSERT INTO `ecs_article` ( `article_id`, `cat_id`, `title`, `content`, `author`, `author_email`, `keywords`, `article_type`, `is_open`, `add_time`, `file_url`, `open_type`, `link`, `description` ) VALUES  ('20', '10', '我的订单', '', '', '', '', '0', '1', '1242577199', '', '0', 'user.php?act=order_list', '');
INSERT INTO `ecs_article` ( `article_id`, `cat_id`, `title`, `content`, `author`, `author_email`, `keywords`, `article_type`, `is_open`, `add_time`, `file_url`, `open_type`, `link`, `description` ) VALUES  ('21', '8', '退换货原则', '', '', '', '服务', '0', '1', '1242577293', '', '0', 'http://', '');
INSERT INTO `ecs_article` ( `article_id`, `cat_id`, `title`, `content`, `author`, `author_email`, `keywords`, `article_type`, `is_open`, `add_time`, `file_url`, `open_type`, `link`, `description` ) VALUES  ('22', '8', '售后服务保证 ', '', '', '', '售后', '0', '1', '1242577308', '', '0', 'http://', '');
INSERT INTO `ecs_article` ( `article_id`, `cat_id`, `title`, `content`, `author`, `author_email`, `keywords`, `article_type`, `is_open`, `add_time`, `file_url`, `open_type`, `link`, `description` ) VALUES  ('23', '8', '产品质量保证 ', '', '', '', '质量', '1', '1', '1242577326', '', '0', 'http://', '');
INSERT INTO `ecs_article` ( `article_id`, `cat_id`, `title`, `content`, `author`, `author_email`, `keywords`, `article_type`, `is_open`, `add_time`, `file_url`, `open_type`, `link`, `description` ) VALUES  ('24', '9', '网站故障报告', '', '', '', '', '0', '1', '1242577432', '', '0', 'http://', '');
INSERT INTO `ecs_article` ( `article_id`, `cat_id`, `title`, `content`, `author`, `author_email`, `keywords`, `article_type`, `is_open`, `add_time`, `file_url`, `open_type`, `link`, `description` ) VALUES  ('25', '9', '选机咨询 ', '', '', '', '', '0', '1', '1242577448', '', '0', 'http://', '');
INSERT INTO `ecs_article` ( `article_id`, `cat_id`, `title`, `content`, `author`, `author_email`, `keywords`, `article_type`, `is_open`, `add_time`, `file_url`, `open_type`, `link`, `description` ) VALUES  ('26', '9', '投诉与建议 ', '', '', '', '', '0', '1', '1242577459', '', '0', 'http://', '');
INSERT INTO `ecs_article` ( `article_id`, `cat_id`, `title`, `content`, `author`, `author_email`, `keywords`, `article_type`, `is_open`, `add_time`, `file_url`, `open_type`, `link`, `description` ) VALUES  ('27', '12', '800万像素超强拍照机 LG Viewty Smart再曝光', '', '', '', '', '0', '1', '1242577702', '', '0', 'http://news.imobile.com.cn/index-a-view-id-66790.html', '');
INSERT INTO `ecs_article` ( `article_id`, `cat_id`, `title`, `content`, `author`, `author_email`, `keywords`, `article_type`, `is_open`, `add_time`, `file_url`, `open_type`, `link`, `description` ) VALUES  ('28', '11', '飞利浦9@9促销', '<p>&nbsp;</p>\r\n<div class=\"boxCenterList RelaArticle\" id=\"com_v\">\r\n<p align=\"left\">作为一款性价比极高的入门级<font size=\"3\" color=\"#ff0000\"><strong>商务手机</strong></font>，飞利浦<a href=\"mailto:9@9v\">Xenium&nbsp; 9@9v</a>三围大小为105&times;44&times;15.8mm，机身重量仅为<strong><font size=\"3\" color=\"#ff0000\">75g</font></strong>，装配了一块低规格1.75英寸128&times;160像素65000色CSTN显示屏。身正面采用月银色功能键区与屏幕数字键区相分隔，键盘设计较为<font size=\"3\"><strong><font color=\"#ff0000\">别</font><font color=\"#ff0000\">致</font></strong></font>，中部导航键区采用钛金色的&ldquo;腰带&rdquo;彰显出浓郁的商务气息。</p>\r\n<p align=\"left\">&nbsp;</p>\r\n<p align=\"left\">此款手机采用<strong><font size=\"3\" color=\"#ff0000\">触摸屏</font></strong>设计，搭配精致的手写笔，可支持手写中文和英文两个版本。增强的内置系统还能识别潦草字迹，确保在移动中和匆忙时输入文字的识别率。手写指令功能还支持特定图案的瞬间调用，独特的手写记事本功能，可以在触摸屏上随意绘制个性化的图案并进行<strong><font size=\"3\" color=\"#ff0000\">记事提醒</font></strong>，让商务应用更加随意。</p>\r\n<p align=\"left\">&nbsp;</p>\r\n<p align=\"left\">&nbsp;作为入门级为数不多支持<strong><font size=\"3\" color=\"#ff0000\">双卡功能</font></strong>的手机，可以同时插入两张SIM卡，通过菜单随意切换，只需开启漫游自动切换模式，<a href=\"mailto:9@9V\">9@9V</a>在该模式下能够判断网络情况，自动切换适合的手机号。</p>\r\n<p align=\"left\">&nbsp;</p>\r\n<p align=\"left\">&nbsp;</p>\r\n</div>\r\n<p>&nbsp;</p>', '', '', '', '0', '1', '1242578199', '', '0', 'http://', '');
INSERT INTO `ecs_article` ( `article_id`, `cat_id`, `title`, `content`, `author`, `author_email`, `keywords`, `article_type`, `is_open`, `add_time`, `file_url`, `open_type`, `link`, `description` ) VALUES  ('29', '11', '诺基亚5320 促销', '<p>&nbsp;</p>\r\n<div id=\"com_v\" class=\"boxCenterList RelaArticle\">\r\n<p>诺基亚5320XpressMusic音乐手机采用XpressMusic系列常见的黑红、黑蓝配色方案，而材质方便则选用的是经过<strong><font size=\"3\" color=\"#ff0000\">抛光处理</font></strong>的工程塑料；三围/体重为，为108&times;46&times;15mm/<strong><font size=\"3\" color=\"#ff0000\">90g</font></strong>，手感舒适。</p>\r\n<p>&nbsp;</p>\r\n<p>诺基亚5320采用的是一块可视面积为2.0英寸的<font size=\"3\" color=\"#ff0000\"><strong>1600万色</strong></font>屏幕，分辨率是常见的240&times;320像素（QVGA）。虽然屏幕不是特别大，但效果非常精细，色彩还原不错。</p>\r\n<p>&nbsp;</p>\r\n<p>手机背面，诺基亚为5320XM配备一颗<strong><font size=\"3\" color=\"#ff0000\">200W像素</font></strong>的摄像头，并且带有<strong><font size=\"3\" color=\"#ff0000\">两个LED的补光灯</font></strong>，可以实现拍照、摄像功能，并能通过彩信、邮件方式发送给朋友。</p>\r\n<p>&nbsp;</p>\r\n</div>\r\n<p>&nbsp;</p>', '', '', '', '1', '1', '1242578676', '', '0', 'http://', '');
INSERT INTO `ecs_article` ( `article_id`, `cat_id`, `title`, `content`, `author`, `author_email`, `keywords`, `article_type`, `is_open`, `add_time`, `file_url`, `open_type`, `link`, `description` ) VALUES  ('30', '11', '促销诺基亚N96', '<p>&nbsp;</p>\r\n<div class=\"boxCenterList RelaArticle\" id=\"com_v\">\r\n<p>诺基亚N96采用了<strong><font size=\"3\" color=\"#ff0000\">双向滑盖</font></strong>设计，机身整体呈灰黑色，沉稳、大气，机身材质采用了高强度的塑料材质，手机背面采用了抛光面板的设计风格。N96三维体积103*55*20mm，重量为125g。屏幕方面，诺基亚N96配备一块<strong><font size=\"3\" color=\"#ff0000\">2.8英寸</font></strong>的屏幕，支持<strong><font size=\"3\" color=\"#ff0000\">1670万色</font></strong>显示，分辨率达到QVGA（320&times;240）水准。</p>\r\n<p>&nbsp;<img src=\"http://img2.zol.com.cn/product/21/896/ceN6LBMCid3X6.jpg\" alt=\"\" /></p>\r\n<p>&nbsp;</p>\r\n<p>诺基亚N96设置有专门的<strong><font size=\"3\" color=\"#ff0000\">音乐播放键</font></strong>和标准的3.5毫米音频插口，支持多格式音乐播放。内置了<strong><font size=\"3\" color=\"#ff0000\">多媒体播放器</font></strong>，支持FM调频收音机等娱乐功能。N96手机支持<strong><font size=\"3\" color=\"#ff0000\">N-Gage游戏平台</font></strong>，内置包括<font size=\"3\" color=\"#ff0000\"><strong>《PinBall》完整版</strong></font>在内的四款N-Gage游戏，除了手机本身内置的游戏，还可以从N-Gage的网站下载或者购买最新的游戏，而且可以在论坛里和其他玩家一起讨论。</p>\r\n<p>&nbsp;</p>\r\n</div>\r\n<p>&nbsp;<img src=\"http://img2.zol.com.cn/product/21/898/cekkw57qJjSI.jpg\" alt=\"\" /></p>', '', '', '', '1', '1', '1242578826', '', '0', 'http://', '');
INSERT INTO `ecs_article` ( `article_id`, `cat_id`, `title`, `content`, `author`, `author_email`, `keywords`, `article_type`, `is_open`, `add_time`, `file_url`, `open_type`, `link`, `description` ) VALUES  ('13', '6', '如何分辨水货手机 ', '<p>\n<div class=\"artibody\">\n<p><font size=\"2\"><strong>1、&nbsp;什么是水货？</strong><br />\n提及水货手机，按照行业内的说法，可以将水货手机分成三类：A类、B类和C类。 </font></p>\n<p><font size=\"2\">A类水货手机是指由国外、港澳台等地区在没有经过正常海关渠道的情况下进入国内市场的产品，就是我们常说的走私货， 与行货的主要差异是在输入法上，这类手机都是英文输入法或者是港澳台地区的繁体中文输入法。这类手机其最主要的目的是为了逃避国家关税或者因为该种产品曾 经过不正当改装而不能够通过正常渠道入关，质量一般没有大的问题。但由于逃避关税本身就是违法的，所以购买这类手机的用户根本得不到任何售后保障服务； </font></p>\n<p><font size=\"2\">B类水货手机就是走私者将手机的系统软件由英文版升级至中文版后，偷运到内地，然后贴上非法渠道购买的入网标志，作为行货手机充数。 </font></p>\n<p><font size=\"2\">C类水货手机则是那些由其他型号机改装、更换芯片等等方法做假&ldquo;生产&rdquo;出来的，或者就是从各地购买手机的部件，自己组装然后再贴上非法购买的入网标志。 </font></p>\n<p><font size=\"2\">水货手机虽然不排除它是原厂正货的可能，但通过市场调研发现，绝大多数水货手机都是改版的次货，而且产品基本没有受国内厂商的保修许可。</font></p>\n<p><font size=\"2\"><strong>2、水货有哪些？</strong>水货有两种，一种俗称港行，也称作水行，这种产品原本是在香港 及周边地区销售的，但是经过非法途径进入大陆地区销售。另一种是欧版水改机，也称作欧版，水改等，此种产品以英文改版机为主，通过刷改机内软件达到英文改 中文的目的，原来这类产品是销往欧美地区的，由于和大陆地区有相当大的价格差，所以通过走私进入中国市场。</font></p>\n<p><font size=\"2\"><strong>3、水货手机的危害</strong><br />\n1、售后服务无保障 <br />\n手机作为精密类电子产品，软件、硬件方面都有可能产生不同的问题。购买正规渠道的手机，一旦出现问题，只要将问题反映给厂商客户服务中心并静候佳音就 可以了。大多数走私手机的贩卖点规模较小，根本没有资金和技术能力建立起自己的维修网点，因此他们往往制定非常苛刻的保修条件，将国家明令的一年保修期缩 短为三个月，并加入完全对走私手机经销商有利的诸如&ldquo;认为摔打&rdquo;等概念难以界定的排除条件(众所周知，手机很有可能发生摔撞事件)，是确确实实的霸王条 款。规定时间内手机出了故障，走私手机经销商会通过曲解条款尽可能地开脱保修责任。即使他们愿意承担保修服务，也需将手机发往广州、深圳等地，委托他人维 修。一来路途漫长，二来经手人繁多，小问题&ldquo;修&rdquo;成了大问题。最终走私手机经销商会以无法维修为由劝客户自行去当地正规客服维修。至于维修费用，他们自然 也不愿意出了。<br />\n<br />\n2、产品本身质量不过关<br />\n&nbsp;&nbsp;&nbsp; 现在很多奸商为了谋取暴利，经常使用C类的翻修或者组装手机冒充A类水货手机进行销售。作为消费者来说面对和正规行货之间巨大的价格差异，他们无法分辨想要购买的手机是否象销售商说的那样质量过硬，在销售商的巧舌如簧下只能眼看自己的钱包&ldquo;减肥&rdquo;。 </font></p>\n<p><font size=\"2\">但是这类翻修或者组装的水货手机往往为了降低成本，其采用的配件往往也是不合格产品，甚至也是伪劣产品，可以想象由这样产品组装起来的手机的质量究竟可以好到那里去。目前在经常看到手机电池爆炸伤人的事件的报道，究其原因也是消费者购买了这些组装的水货手机。</font></p>\n<p><font size=\"2\">而且不光这类手机硬件存在问题，包括手机使用的软件。由于组装的水货硬件规格根本无法保证和原场产品一致，手机使用的软件也会造成和手机硬件的冲突。频繁死机就是家常便饭，更有甚者会造成经常性的电话本丢失，无法联系到好友。</font></p>\n<p><br />\n<font size=\"2\"><strong>4、如何分辨行、水货手机？</strong><br />\n1、看手机上是否贴有信息产业部&ldquo;进网许可&rdquo;标志。水货与正品的入网标志稍微有一点不同：真的入网标志一般都是针式打印机打印的，数字清晰，颜色较浅，仔细看有针打的凹痕；假的入网标志一般是普通喷墨打印机打印的，数字不很清晰，颜色较深，没有凹痕。 </font></p>\n<p><font size=\"2\">2、检查手机的配置，包括中文说明书、电池、充电器等，如果是厂家原配，一般均贴有厂家的激光防伪标志。原厂配置的 中文说明书通常印刷精美，并与其他语言的说明书及相关产品资料的印刷质量、格式、风格等保持一致。不是原厂家配置的中文说明书通常印刷质量低劣，常出现错 别字，甚至字迹模糊。正品手机的包装盒中均附带有原厂合格证、原厂条码卡、原厂保修卡，而水货则没有。 </font></p>\n<p><font size=\"2\">3、确认经销商的保修条例是否与厂家一致，在购买手机时应索要发票和保修卡。 </font></p>\n<p><font size=\"2\">4、电子串号是否一致也是验证是否水货手机的重要途径。首先在手机上按&ldquo;*#06#&rdquo;，一般会在手机上显示15个数 字，这就是本手机的IMEI码。然后打开手机的电池盖，在手机里有一张贴纸，上面也有一个IMEI码，这个码应该同手机上显示的IMEI码完全一致。然后 再检查手机的外包装盒上的贴纸，上面也应该有一个IMEI码，这个码也应该同手机上显示的IMEI码完全一致。如果此三个码有不一致的地方，这个手机就有 问题。</font></p>\n</div>\n<p>&nbsp;</p>\n</p>', '', '', '', '0', '1', '1242576911', '', '0', 'http://', '');
INSERT INTO `ecs_article` ( `article_id`, `cat_id`, `title`, `content`, `author`, `author_email`, `keywords`, `article_type`, `is_open`, `add_time`, `file_url`, `open_type`, `link`, `description` ) VALUES  ('14', '6', '如何享受全国联保', '', '', '', '', '0', '1', '1242576927', '', '0', 'http://', '');
INSERT INTO `ecs_article` ( `article_id`, `cat_id`, `title`, `content`, `author`, `author_email`, `keywords`, `article_type`, `is_open`, `add_time`, `file_url`, `open_type`, `link`, `description` ) VALUES  ('31', '12', '诺基亚6681手机广告欣赏', '<object>\n<param value=\"always\" name=\"allowScriptAccess\" />\n<param value=\"transparent\" name=\"wmode\" />\n<param value=\"http://6.cn/player.swf?flag=0&amp;vid=nZNyu3nGNWWYjmtPQDY9nQ\" name=\"movie\" /><embed width=\"480\" height=\"385\" src=\"http://6.cn/player.swf?flag=0&amp;vid=nZNyu3nGNWWYjmtPQDY9nQ\" allowscriptaccess=\"always\" wmode=\"transparent\" type=\"application/x-shockwave-flash\"></embed></object>', '', '', '', '0', '1', '1242579069', '', '0', 'http://', '');
INSERT INTO `ecs_article` ( `article_id`, `cat_id`, `title`, `content`, `author`, `author_email`, `keywords`, `article_type`, `is_open`, `add_time`, `file_url`, `open_type`, `link`, `description` ) VALUES  ('32', '12', '手机游戏下载', '<p>三星SGHU308说明书下载，点击相关链接下载</p>', '', '', '', '1', '1', '1242579189', '', '0', 'http://soft.imobile.com.cn/index-a-list_softs-cid-1.html', '');
INSERT INTO `ecs_article` ( `article_id`, `cat_id`, `title`, `content`, `author`, `author_email`, `keywords`, `article_type`, `is_open`, `add_time`, `file_url`, `open_type`, `link`, `description` ) VALUES  ('33', '12', '三星SGHU308说明书下载', '<p>三星SGHU308说明书下载</p>', '', '', '', '1', '1', '1242579559', 'data/article/1245043292228851198.rar', '2', 'http://', '');
INSERT INTO `ecs_article` ( `article_id`, `cat_id`, `title`, `content`, `author`, `author_email`, `keywords`, `article_type`, `is_open`, `add_time`, `file_url`, `open_type`, `link`, `description` ) VALUES  ('34', '12', '3G知识普及', '<p>\n<h2>3G知识普及</h2>\n<div class=\"t_msgfont\" id=\"postmessage_8792145\"><font color=\"black\">3G，全称为3rd Generation，中文含义就是指第三代数字通信。<br />\n</font><br />\n<font color=\"black\">　　1995年问世的第一代<span class=\"t_tag\" onclick=\"tagshow(event)\" href=\"http://mbbs.enet.com.cn/tag.php?name=%C4%A3%C4%E2\">模拟</span>制式<span class=\"t_tag\" onclick=\"tagshow(event)\" href=\"http://mbbs.enet.com.cn/tag.php?name=%CA%D6%BB%FA\">手机</span>（1G）只能进行<span class=\"t_tag\" onclick=\"tagshow(event)\" href=\"http://mbbs.enet.com.cn/tag.php?name=%D3%EF%D2%F4\">语音</span>通话；<br />\n</font><br />\n<font color=\"black\">　　1996到1997年出现的第二代GSM、TDMA等数字制式手机（2G）便增加了接收数据的功能，如接收电子邮件或网页；<br />\n</font><br />\n<font color=\"black\">　　3G不是2009年诞生的，它是上个世纪的产物，而早在2007年国外就已经产生4G了，而<span class=\"t_tag\" onclick=\"tagshow(event)\" href=\"http://mbbs.enet.com.cn/tag.php?name=%D6%D0%B9%FA\">中国</span>也于2008年成功开发出<span class=\"t_tag\" onclick=\"tagshow(event)\" href=\"http://mbbs.enet.com.cn/tag.php?name=%D6%D0%B9%FA\">中国</span>4G，其网络传输的速度可达到每秒钟2G，也就相当于下一部电影只要一秒钟。在上世纪90年末的日韩电影如《我的野蛮女友》中，女主角使用的可以让对方看见自己的视频<span class=\"t_tag\" onclick=\"tagshow(event)\" href=\"http://mbbs.enet.com.cn/tag.php?name=%B5%E7%BB%B0\">电话</span>，就是属于3G技术的重要运用之一。日韩等国3G的运用是上世纪末期的事。而目前国外有些地区已经试运行3.5G甚至4G网络。<br />\n</font><br />\n<font color=\"black\">　 </font><font color=\"black\">（以下为误导）2009年问世的第三代（3G）与 前两代的主要区别是在传输声音和数据的速度上的提升，它能够在全球范围内更好地实现无缝漫游，并处理图像、音乐、视频流等多种媒体形式，提供包括网页浏 览、电话会议、电子商务等多种信息服务，同时也要考虑与已有第二代系统的良好兼容性。为了提供这种服务，无线网络必须能够支持不同的数据传输速度，也就是 说在室内、室外和行车的环境中能够分别支持至少2Mbps（兆比特／每秒）、384kbps（千比特／每秒）以及144kbps的传输速度。（此数值根据 网络环境会发生变化)。<br />\n</font><br />\n<font color=\"black\">　　3G标准，国际电信联盟(ITU)目前一共确定了全球四大3G标准，它们分别是WCDMA、CDMA2000和TD-SCDMA和WiMAX。</font><br />\n<br />\n<font color=\"black\">3G标准　　国际电信联盟（ITU）在2000年5月确定W-CDMA、CDMA2000、TD-SCDMA以 及WiMAX四大主流无线接口标准，写入3G技术指导性文件《2000年国际移动通讯计划》（简称IMT&mdash;2000）。 CDMA是Code Division Multiple Access (码分多址)的缩写，是第三代移动通信系统的技术基础。第一代移动通信系统采用频分多址(FDMA)的模拟调制方式，这种系统的主要缺点是频谱利用率低， 信令干扰话音业务。第二代移动通信系统主要采用时分多址(TDMA)的数字调制方式，提高了系统容量，并采用独立信道传送信令，使系统性能大大改善，但 TDMA的系统容量仍然有限，越区切换性能仍不完善。CDMA系统以其频率规划简单、系统容量大、频率复用系数高、抗多径能力强、通信质量好、软容量、软 切换等特点显示出巨大的发展潜力。下面分别介绍一下3G的几种标准：<br />\n</font><br />\n<br />\n<font color=\"black\">　　 </font><br />\n<font color=\"black\">(1) W-CDMA</font><font color=\"black\"><br />\n</font><br />\n<br />\n<font color=\"black\">　　也称为WCDMA，全称为Wideband CDMA，也称为CDMA Direct Spread，意为宽频分码多重存取，这是基于GSM网发展出来的3G技术规范，是欧洲提出的宽带CDMA技术，它与日本提出的宽带CDMA技术基本相 同，目前正在进一步融合。W-CDMA的支持者主要是以GSM系统为主的欧洲厂商，日本公司也或多或少参与其中，包括欧美的爱立信、阿尔卡特、<span class=\"t_tag\" onclick=\"tagshow(event)\" href=\"http://mbbs.enet.com.cn/tag.php?name=%C5%B5%BB%F9%D1%C7\">诺基亚</span>、 朗讯、北电，以及日本的NTT、富士通、夏普等厂商。 该标准提出了GSM(2G)-GPRS-EDGE-WCDMA(3G)的演进策略。这套系统能够架设在现有的GSM网络上，对于系统提供商而言可以较轻易 地过渡，但是GSM系统相当普及的亚洲对这套新技术的接受度预料会相当高。因此W-CDMA具有先天的市场优势。<br />\n</font><br />\n<br />\n<font color=\"black\">　　 </font><br />\n<font color=\"black\">(2)CDMA2000</font><font color=\"black\"><br />\n</font><br />\n<br />\n<font color=\"black\">　　CDMA2000是由窄带CDMA(CDMA IS95)技术发展而来的宽带CDMA技术，也称为CDMA Multi-Carrier，它是由美国高通北美公司为主导提出，<span class=\"t_tag\" onclick=\"tagshow(event)\" href=\"http://mbbs.enet.com.cn/tag.php?name=%C4%A6%CD%D0%C2%DE%C0%AD\">摩托罗拉</span>、Lucent 和后来加入的韩国三星都有参与，韩国现在成为该标准的主导者。这套系统是从窄频CDMAOne数字标准衍生出来的，可以从原有的CDMAOne结构直接升 级到3G，建设成本低廉。但目前使用CDMA的地区只有日、韩和北美，所以CDMA2000的支持者不如W-CDMA多。不过CDMA2000的研发技术 却是目前各标准中进度最快的，许多3G手机已经率先面世。该标准提出了从CDMA IS95(2G)-CDMA20001x-CDMA20003x(3G)的演进策略。CDMA20001x被称为2.5代移动通信技术。 CDMA20003x与CDMA20001x的主要区别在于应用了多路载波技术，通过采用三载波使带宽提高。目前<span class=\"t_tag\" onclick=\"tagshow(event)\" href=\"http://mbbs.enet.com.cn/tag.php?name=%D6%D0%B9%FA%B5%E7%D0%C5\">中国电信</span>正在采用这一方案向3G过渡，并已建成了CDMA IS95网络。<br />\n</font><br />\n<br />\n<font color=\"black\">　　 </font><br />\n<font color=\"black\">(3)TD-SCDMA</font><font color=\"black\"><br />\n</font><br />\n<br />\n<font color=\"black\">　　全称为Time Division - Synchronous CDMA(时分<span class=\"t_tag\" onclick=\"tagshow(event)\" href=\"http://mbbs.enet.com.cn/tag.php?name=%CD%AC%B2%BD\">同步</span>CDMA)，该标准是由中国大陆独自制定的3G标准，1999年6月29日，中国原邮电部电信科学技术研究院（大唐电信）向ITU提出。该标准将智能无线、<span class=\"t_tag\" onclick=\"tagshow(event)\" href=\"http://mbbs.enet.com.cn/tag.php?name=%CD%AC%B2%BD\">同步</span>CDMA和<span class=\"t_tag\" onclick=\"tagshow(event)\" href=\"http://mbbs.enet.com.cn/tag.php?name=%C8%ED%BC%FE\">软件</span>无 线电等当今国际领先技术融于其中，在频谱利用率、对业务支持具有灵活性、频率灵活性及成本等方面的独特优势。另外，由于中国内的庞大的市场，该标准受到各 大主要电信设备厂商的重视，全球一半以上的设备厂商都宣布可以支持TD&mdash;SCDMA标准。 该标准提出不经过2.5代的中间环节，直接向3G过渡，非常适用于GSM系统向3G升级。<br />\n</font><br />\n<br />\n<font color=\"black\">　　 </font><br />\n<font color=\"black\">(4)WiMAX</font><font color=\"black\"><br />\n</font><br />\n<br />\n<font color=\"black\">　　WiMAX 的全名是微波存取全球互通(Worldwide Interoperability for Microwave Access)，又称为802&middot;16无线城域网，是又一种为企业和家庭用户提供&ldquo;最后一英里&rdquo;的宽带无线连接方案。将此技术与需要授权或免授权的微波设备 相结合之后，由于成本较低，将扩大宽带无线市场，改善企业与服务供应商的认知度。2007年10月19日，国际电信联盟在日内瓦举行的无线通信全体会议 上，经过多数国家投票通过，WiMAX正式被批准成为继WCDMA、CDMA2000和TD-SCDMA之后的第四个全球3G标准。</font></div>\n</p>', '', '', '', '0', '1', '1242580013', '', '0', 'http://', '');
INSERT INTO `ecs_article` ( `article_id`, `cat_id`, `title`, `content`, `author`, `author_email`, `keywords`, `article_type`, `is_open`, `add_time`, `file_url`, `open_type`, `link`, `description` ) VALUES  ('35', '4', '“沃”的世界我做主', '<p><strong>导语：<br />\n<br />\n</strong>&nbsp;&nbsp;&nbsp;&nbsp;今年5月17日，是每年一度的世界电信日。同时，也是值得中国人民高兴的日子。昨天，中国联通企业品牌下的全品牌业务&ldquo;沃&rdquo;开始试商用，这也就意味着继中国移动、中国电信之后，国内第三种3G网络将要走入我们的生活，为我们带来更加快速便捷的通信服务。<br />\n<br />\n&nbsp;&nbsp;&nbsp;&nbsp;沃，意味着此品牌将为用户提供一个丰盈的平台，为个人客户、家庭客户、集团客户和企业服务提供全面的支撑，它代表着中国联通全新的服务理念和创新的品牌精神，在3G时代，为客户提供精彩的信息化服务。<br />\n<br />\n&nbsp;&nbsp;&nbsp;&nbsp;下面小编为各位介绍几款各大手机品牌专为&ldquo;沃&rdquo;打造的定制机型，为您迎接&ldquo;沃&rdquo;的到来做好充分准备。</p>\n<p><strong>诺基亚6210si<br />\n<br />\n</strong>&nbsp;&nbsp;&nbsp;&nbsp;诺基亚6210s大家肯定不陌生，经典的滑盖导航手机。其实6210si 与6210s外观、参数、硬件配置几乎完全一样，只不过在6210s的基础上，增加了对WCDMA网络的支持，成为中国联通定制手机。6210si采用诺 基亚经典的滑盖机身设计，机身面板为钢琴烤漆材质，高贵优雅。机身背板则为磨砂外观工程塑料材质，美观的同时增加了手机与手掌间的摩擦系数，防止使用中手 机滑落。</p>\n<p><strong>摩托罗拉A3100<br />\n</strong><br />\n&nbsp;&nbsp;&nbsp;&nbsp;作为摩托罗拉旗下为中国联通定制的A3100，它有着经典的鹅卵石造型， 大气稳重。从最初的U6，到U9再到A3100，鹅卵石的辉煌依旧。A3100有着高贵的血统，钢琴烤漆黑色面板，金属拉丝机身以及 Windows&nbsp;Mobile&nbsp;6.1&nbsp;Professional操作系统，都告诉我们它绝对是一部不可多得的好手机。</p>\n<p><br />\n<strong>三星S7520U<br />\n</strong><br />\n&nbsp;&nbsp;&nbsp;&nbsp;三星S7520U外观造型时尚，镜面设计以及超薄的 98.4&times;55&times;11.6mm金属机身，更适合女性朋友使用。通观机身，最显眼的就要数这3.0英寸的超大触摸屏幕了，400x240的WQGVA级别分 辨率，能够比QVGA级别屏幕显示更为细腻，细节表现力更强。500万像素摄像头说明了该机还是一名拍照能手，捕捉精彩瞬间不在话下。</p>', '', '', '', '0', '0', '1242974613', '', '0', 'http://', '');
DROP TABLE IF EXISTS `ecs_article_cat`;
CREATE TABLE `ecs_article_cat` (
  `cat_id` smallint(5) NOT NULL auto_increment,
  `cat_name` varchar(255) NOT NULL default '',
  `cat_type` tinyint(1) unsigned NOT NULL default '1',
  `keywords` varchar(255) NOT NULL default '',
  `cat_desc` varchar(255) NOT NULL default '',
  `sort_order` tinyint(3) unsigned NOT NULL default '50',
  `show_in_nav` tinyint(1) unsigned NOT NULL default '0',
  `parent_id` smallint(5) unsigned NOT NULL default '0',
  PRIMARY KEY  (`cat_id`),
  KEY `cat_type` (`cat_type`),
  KEY `sort_order` (`sort_order`),
  KEY `parent_id` (`parent_id`)
) ENGINE=MyISAM DEFAULT CHARSET=utf8;
INSERT INTO `ecs_article_cat` ( `cat_id`, `cat_name`, `cat_type`, `keywords`, `cat_desc`, `sort_order`, `show_in_nav`, `parent_id` ) VALUES  ('1', '系统分类', '2', '', '系统保留分类', '50', '0', '0');
INSERT INTO `ecs_article_cat` ( `cat_id`, `cat_name`, `cat_type`, `keywords`, `cat_desc`, `sort_order`, `show_in_nav`, `parent_id` ) VALUES  ('2', '网店信息', '3', '', '网店信息分类', '50', '0', '1');
INSERT INTO `ecs_article_cat` ( `cat_id`, `cat_name`, `cat_type`, `keywords`, `cat_desc`, `sort_order`, `show_in_nav`, `parent_id` ) VALUES  ('3', '网店帮助分类', '4', '', '网店帮助分类', '50', '0', '1');
INSERT INTO `ecs_article_cat` ( `cat_id`, `cat_name`, `cat_type`, `keywords`, `cat_desc`, `sort_order`, `show_in_nav`, `parent_id` ) VALUES  ('4', '3G资讯', '1', '', '', '50', '0', '0');
INSERT INTO `ecs_article_cat` ( `cat_id`, `cat_name`, `cat_type`, `keywords`, `cat_desc`, `sort_order`, `show_in_nav`, `parent_id` ) VALUES  ('5', '新手上路 ', '5', '', '', '50', '0', '3');
INSERT INTO `ecs_article_cat` ( `cat_id`, `cat_name`, `cat_type`, `keywords`, `cat_desc`, `sort_order`, `show_in_nav`, `parent_id` ) VALUES  ('6', '手机常识 ', '5', '', '手机常识 ', '50', '0', '3');
INSERT INTO `ecs_article_cat` ( `cat_id`, `cat_name`, `cat_type`, `keywords`, `cat_desc`, `sort_order`, `show_in_nav`, `parent_id` ) VALUES  ('7', '配送与支付 ', '5', '', '配送与支付 ', '50', '0', '3');
INSERT INTO `ecs_article_cat` ( `cat_id`, `cat_name`, `cat_type`, `keywords`, `cat_desc`, `sort_order`, `show_in_nav`, `parent_id` ) VALUES  ('8', '服务保证 ', '5', '', '', '50', '0', '3');
INSERT INTO `ecs_article_cat` ( `cat_id`, `cat_name`, `cat_type`, `keywords`, `cat_desc`, `sort_order`, `show_in_nav`, `parent_id` ) VALUES  ('9', '联系我们 ', '5', '', '联系我们 ', '50', '0', '3');
INSERT INTO `ecs_article_cat` ( `cat_id`, `cat_name`, `cat_type`, `keywords`, `cat_desc`, `sort_order`, `show_in_nav`, `parent_id` ) VALUES  ('10', '会员中心', '5', '', '', '50', '0', '3');
INSERT INTO `ecs_article_cat` ( `cat_id`, `cat_name`, `cat_type`, `keywords`, `cat_desc`, `sort_order`, `show_in_nav`, `parent_id` ) VALUES  ('11', '手机促销', '1', '', '', '50', '0', '0');
INSERT INTO `ecs_article_cat` ( `cat_id`, `cat_name`, `cat_type`, `keywords`, `cat_desc`, `sort_order`, `show_in_nav`, `parent_id` ) VALUES  ('12', '站内快讯', '1', '', '', '50', '0', '0');
INSERT INTO `ecs_article_cat` ( `cat_id`, `cat_name`, `cat_type`, `keywords`, `cat_desc`, `sort_order`, `show_in_nav`, `parent_id` ) VALUES  ('13', '68官网', '1', '', '', '50', '0', '4');
DROP TABLE IF EXISTS `ecs_attribute`;
CREATE TABLE `ecs_attribute` (
  `attr_id` smallint(5) unsigned NOT NULL auto_increment,
  `cat_id` smallint(5) unsigned NOT NULL default '0',
  `attr_name` varchar(60) NOT NULL default '',
  `attr_input_type` tinyint(1) unsigned NOT NULL default '1',
  `attr_type` tinyint(1) unsigned NOT NULL default '1',
  `attr_values` text NOT NULL,
  `attr_index` tinyint(1) unsigned NOT NULL default '0',
  `sort_order` tinyint(3) unsigned NOT NULL default '0',
  `is_linked` tinyint(1) unsigned NOT NULL default '0',
  `attr_group` tinyint(1) unsigned NOT NULL default '0',
  PRIMARY KEY  (`attr_id`),
  KEY `cat_id` (`cat_id`)
) ENGINE=MyISAM DEFAULT CHARSET=utf8;
INSERT INTO `ecs_attribute` ( `attr_id`, `cat_id`, `attr_name`, `attr_input_type`, `attr_type`, `attr_values`, `attr_index`, `sort_order`, `is_linked`, `attr_group` ) VALUES  ('1', '1', '作者', '0', '0', '', '0', '0', '0', '0');
INSERT INTO `ecs_attribute` ( `attr_id`, `cat_id`, `attr_name`, `attr_input_type`, `attr_type`, `attr_values`, `attr_index`, `sort_order`, `is_linked`, `attr_group` ) VALUES  ('2', '1', '出版社', '0', '0', '', '0', '0', '0', '0');
INSERT INTO `ecs_attribute` ( `attr_id`, `cat_id`, `attr_name`, `attr_input_type`, `attr_type`, `attr_values`, `attr_index`, `sort_order`, `is_linked`, `attr_group` ) VALUES  ('3', '1', '图书书号/ISBN', '0', '0', '', '0', '0', '0', '0');
INSERT INTO `ecs_attribute` ( `attr_id`, `cat_id`, `attr_name`, `attr_input_type`, `attr_type`, `attr_values`, `attr_index`, `sort_order`, `is_linked`, `attr_group` ) VALUES  ('4', '1', '出版日期', '0', '0', '', '0', '0', '0', '0');
INSERT INTO `ecs_attribute` ( `attr_id`, `cat_id`, `attr_name`, `attr_input_type`, `attr_type`, `attr_values`, `attr_index`, `sort_order`, `is_linked`, `attr_group` ) VALUES  ('5', '1', '开本', '0', '0', '', '0', '0', '0', '0');
INSERT INTO `ecs_attribute` ( `attr_id`, `cat_id`, `attr_name`, `attr_input_type`, `attr_type`, `attr_values`, `attr_index`, `sort_order`, `is_linked`, `attr_group` ) VALUES  ('6', '1', '图书页数', '0', '0', '', '0', '0', '0', '0');
INSERT INTO `ecs_attribute` ( `attr_id`, `cat_id`, `attr_name`, `attr_input_type`, `attr_type`, `attr_values`, `attr_index`, `sort_order`, `is_linked`, `attr_group` ) VALUES  ('7', '1', '图书装订', '1', '0', '平装\r\n黑白', '0', '0', '0', '0');
INSERT INTO `ecs_attribute` ( `attr_id`, `cat_id`, `attr_name`, `attr_input_type`, `attr_type`, `attr_values`, `attr_index`, `sort_order`, `is_linked`, `attr_group` ) VALUES  ('8', '1', '图书规格', '0', '0', '', '0', '0', '0', '0');
INSERT INTO `ecs_attribute` ( `attr_id`, `cat_id`, `attr_name`, `attr_input_type`, `attr_type`, `attr_values`, `attr_index`, `sort_order`, `is_linked`, `attr_group` ) VALUES  ('9', '1', '版次', '0', '0', '', '0', '0', '0', '0');
INSERT INTO `ecs_attribute` ( `attr_id`, `cat_id`, `attr_name`, `attr_input_type`, `attr_type`, `attr_values`, `attr_index`, `sort_order`, `is_linked`, `attr_group` ) VALUES  ('10', '1', '印张', '0', '0', '', '0', '0', '0', '0');
INSERT INTO `ecs_attribute` ( `attr_id`, `cat_id`, `attr_name`, `attr_input_type`, `attr_type`, `attr_values`, `attr_index`, `sort_order`, `is_linked`, `attr_group` ) VALUES  ('11', '1', '字数', '0', '0', '', '0', '0', '0', '0');
INSERT INTO `ecs_attribute` ( `attr_id`, `cat_id`, `attr_name`, `attr_input_type`, `attr_type`, `attr_values`, `attr_index`, `sort_order`, `is_linked`, `attr_group` ) VALUES  ('12', '1', '所属分类', '0', '0', '', '0', '0', '0', '0');
INSERT INTO `ecs_attribute` ( `attr_id`, `cat_id`, `attr_name`, `attr_input_type`, `attr_type`, `attr_values`, `attr_index`, `sort_order`, `is_linked`, `attr_group` ) VALUES  ('13', '2', '中文片名', '0', '0', '', '0', '0', '0', '0');
INSERT INTO `ecs_attribute` ( `attr_id`, `cat_id`, `attr_name`, `attr_input_type`, `attr_type`, `attr_values`, `attr_index`, `sort_order`, `is_linked`, `attr_group` ) VALUES  ('14', '2', '英文片名', '0', '0', '', '0', '0', '0', '0');
INSERT INTO `ecs_attribute` ( `attr_id`, `cat_id`, `attr_name`, `attr_input_type`, `attr_type`, `attr_values`, `attr_index`, `sort_order`, `is_linked`, `attr_group` ) VALUES  ('15', '2', '商品别名', '0', '0', '', '0', '0', '0', '0');
INSERT INTO `ecs_attribute` ( `attr_id`, `cat_id`, `attr_name`, `attr_input_type`, `attr_type`, `attr_values`, `attr_index`, `sort_order`, `is_linked`, `attr_group` ) VALUES  ('16', '2', '介质/格式', '1', '0', 'HDCD\r\nDTS\r\nDVD\r\nDVD9\r\nVCD\r\nCD\r\nTAPE\r\nLP', '0', '0', '0', '0');
INSERT INTO `ecs_attribute` ( `attr_id`, `cat_id`, `attr_name`, `attr_input_type`, `attr_type`, `attr_values`, `attr_index`, `sort_order`, `is_linked`, `attr_group` ) VALUES  ('17', '2', '片装数', '0', '0', '', '0', '0', '0', '0');
INSERT INTO `ecs_attribute` ( `attr_id`, `cat_id`, `attr_name`, `attr_input_type`, `attr_type`, `attr_values`, `attr_index`, `sort_order`, `is_linked`, `attr_group` ) VALUES  ('18', '2', '国家地区', '0', '0', '', '0', '0', '0', '0');
INSERT INTO `ecs_attribute` ( `attr_id`, `cat_id`, `attr_name`, `attr_input_type`, `attr_type`, `attr_values`, `attr_index`, `sort_order`, `is_linked`, `attr_group` ) VALUES  ('19', '2', '语种', '1', '0', '中文\r\n英文\r\n法文\r\n西班牙文', '0', '0', '0', '0');
INSERT INTO `ecs_attribute` ( `attr_id`, `cat_id`, `attr_name`, `attr_input_type`, `attr_type`, `attr_values`, `attr_index`, `sort_order`, `is_linked`, `attr_group` ) VALUES  ('20', '2', '导演/指挥', '0', '0', '', '0', '0', '0', '0');
INSERT INTO `ecs_attribute` ( `attr_id`, `cat_id`, `attr_name`, `attr_input_type`, `attr_type`, `attr_values`, `attr_index`, `sort_order`, `is_linked`, `attr_group` ) VALUES  ('21', '2', '主唱', '0', '0', '', '0', '0', '0', '0');
INSERT INTO `ecs_attribute` ( `attr_id`, `cat_id`, `attr_name`, `attr_input_type`, `attr_type`, `attr_values`, `attr_index`, `sort_order`, `is_linked`, `attr_group` ) VALUES  ('22', '2', '所属类别', '1', '0', '古典\r\n流行\r\n摇滚\r\n乡村\r\n民谣\r\n爵士\r\n蓝调\r\n电子\r\n舞曲\r\n国乐\r\n民族\r\n怀旧\r\n经典\r\n人声\r\n合唱\r\n发烧\r\n试音\r\n儿童\r\n胎教\r\n轻音乐\r\n世界音乐\r\n庆典音乐\r\n影视音乐\r\n新世纪音乐\r\n大自然音乐', '0', '0', '0', '0');
INSERT INTO `ecs_attribute` ( `attr_id`, `cat_id`, `attr_name`, `attr_input_type`, `attr_type`, `attr_values`, `attr_index`, `sort_order`, `is_linked`, `attr_group` ) VALUES  ('23', '2', '长度', '0', '0', '', '0', '0', '0', '0');
INSERT INTO `ecs_attribute` ( `attr_id`, `cat_id`, `attr_name`, `attr_input_type`, `attr_type`, `attr_values`, `attr_index`, `sort_order`, `is_linked`, `attr_group` ) VALUES  ('24', '2', '歌词', '1', '0', '有\r\n无', '0', '0', '0', '0');
INSERT INTO `ecs_attribute` ( `attr_id`, `cat_id`, `attr_name`, `attr_input_type`, `attr_type`, `attr_values`, `attr_index`, `sort_order`, `is_linked`, `attr_group` ) VALUES  ('25', '2', '碟片代码', '0', '0', '', '0', '0', '0', '0');
INSERT INTO `ecs_attribute` ( `attr_id`, `cat_id`, `attr_name`, `attr_input_type`, `attr_type`, `attr_values`, `attr_index`, `sort_order`, `is_linked`, `attr_group` ) VALUES  ('26', '2', 'ISRC码', '0', '0', '', '0', '0', '0', '0');
INSERT INTO `ecs_attribute` ( `attr_id`, `cat_id`, `attr_name`, `attr_input_type`, `attr_type`, `attr_values`, `attr_index`, `sort_order`, `is_linked`, `attr_group` ) VALUES  ('27', '2', '发行公司', '0', '0', '', '0', '0', '0', '0');
INSERT INTO `ecs_attribute` ( `attr_id`, `cat_id`, `attr_name`, `attr_input_type`, `attr_type`, `attr_values`, `attr_index`, `sort_order`, `is_linked`, `attr_group` ) VALUES  ('28', '2', '出版', '0', '0', '', '0', '0', '0', '0');
INSERT INTO `ecs_attribute` ( `attr_id`, `cat_id`, `attr_name`, `attr_input_type`, `attr_type`, `attr_values`, `attr_index`, `sort_order`, `is_linked`, `attr_group` ) VALUES  ('29', '2', '出版号', '0', '0', '', '0', '0', '0', '0');
INSERT INTO `ecs_attribute` ( `attr_id`, `cat_id`, `attr_name`, `attr_input_type`, `attr_type`, `attr_values`, `attr_index`, `sort_order`, `is_linked`, `attr_group` ) VALUES  ('30', '2', '引进号', '0', '0', '', '0', '0', '0', '0');
INSERT INTO `ecs_attribute` ( `attr_id`, `cat_id`, `attr_name`, `attr_input_type`, `attr_type`, `attr_values`, `attr_index`, `sort_order`, `is_linked`, `attr_group` ) VALUES  ('31', '2', '版权号', '0', '0', '', '0', '0', '0', '0');
INSERT INTO `ecs_attribute` ( `attr_id`, `cat_id`, `attr_name`, `attr_input_type`, `attr_type`, `attr_values`, `attr_index`, `sort_order`, `is_linked`, `attr_group` ) VALUES  ('32', '3', '中文片名', '0', '0', '', '0', '0', '0', '0');
INSERT INTO `ecs_attribute` ( `attr_id`, `cat_id`, `attr_name`, `attr_input_type`, `attr_type`, `attr_values`, `attr_index`, `sort_order`, `is_linked`, `attr_group` ) VALUES  ('33', '3', '英文片名', '0', '0', '', '0', '0', '0', '0');
INSERT INTO `ecs_attribute` ( `attr_id`, `cat_id`, `attr_name`, `attr_input_type`, `attr_type`, `attr_values`, `attr_index`, `sort_order`, `is_linked`, `attr_group` ) VALUES  ('34', '3', '商品别名', '0', '0', '', '0', '0', '0', '0');
INSERT INTO `ecs_attribute` ( `attr_id`, `cat_id`, `attr_name`, `attr_input_type`, `attr_type`, `attr_values`, `attr_index`, `sort_order`, `is_linked`, `attr_group` ) VALUES  ('35', '3', '介质/格式', '1', '0', 'HDCD\r\nDTS\r\nDVD\r\nDVD9\r\nVCD', '0', '0', '0', '0');
INSERT INTO `ecs_attribute` ( `attr_id`, `cat_id`, `attr_name`, `attr_input_type`, `attr_type`, `attr_values`, `attr_index`, `sort_order`, `is_linked`, `attr_group` ) VALUES  ('36', '3', '碟片类型', '1', '0', '单面\r\n双层', '0', '0', '0', '0');
INSERT INTO `ecs_attribute` ( `attr_id`, `cat_id`, `attr_name`, `attr_input_type`, `attr_type`, `attr_values`, `attr_index`, `sort_order`, `is_linked`, `attr_group` ) VALUES  ('37', '3', '片装数', '0', '0', '', '0', '0', '0', '0');
INSERT INTO `ecs_attribute` ( `attr_id`, `cat_id`, `attr_name`, `attr_input_type`, `attr_type`, `attr_values`, `attr_index`, `sort_order`, `is_linked`, `attr_group` ) VALUES  ('38', '3', '国家地区', '0', '0', '', '0', '0', '0', '0');
INSERT INTO `ecs_attribute` ( `attr_id`, `cat_id`, `attr_name`, `attr_input_type`, `attr_type`, `attr_values`, `attr_index`, `sort_order`, `is_linked`, `attr_group` ) VALUES  ('39', '3', '语种/配音', '1', '0', '中文\r\n英文\r\n法文\r\n西班牙文', '0', '0', '0', '0');
INSERT INTO `ecs_attribute` ( `attr_id`, `cat_id`, `attr_name`, `attr_input_type`, `attr_type`, `attr_values`, `attr_index`, `sort_order`, `is_linked`, `attr_group` ) VALUES  ('40', '3', '字幕', '0', '0', '', '0', '0', '0', '0');
INSERT INTO `ecs_attribute` ( `attr_id`, `cat_id`, `attr_name`, `attr_input_type`, `attr_type`, `attr_values`, `attr_index`, `sort_order`, `is_linked`, `attr_group` ) VALUES  ('41', '3', '色彩', '0', '0', '', '0', '0', '0', '0');
INSERT INTO `ecs_attribute` ( `attr_id`, `cat_id`, `attr_name`, `attr_input_type`, `attr_type`, `attr_values`, `attr_index`, `sort_order`, `is_linked`, `attr_group` ) VALUES  ('42', '3', '中文字幕', '1', '0', '有\r\n无', '0', '0', '0', '0');
INSERT INTO `ecs_attribute` ( `attr_id`, `cat_id`, `attr_name`, `attr_input_type`, `attr_type`, `attr_values`, `attr_index`, `sort_order`, `is_linked`, `attr_group` ) VALUES  ('43', '3', '导演', '0', '0', '', '0', '0', '0', '0');
INSERT INTO `ecs_attribute` ( `attr_id`, `cat_id`, `attr_name`, `attr_input_type`, `attr_type`, `attr_values`, `attr_index`, `sort_order`, `is_linked`, `attr_group` ) VALUES  ('44', '3', '表演者', '0', '0', '', '0', '0', '0', '0');
INSERT INTO `ecs_attribute` ( `attr_id`, `cat_id`, `attr_name`, `attr_input_type`, `attr_type`, `attr_values`, `attr_index`, `sort_order`, `is_linked`, `attr_group` ) VALUES  ('45', '3', '所属类别', '1', '0', '爱情\r\n偶像\r\n生活\r\n社会\r\n科幻\r\n神话\r\n武侠\r\n动作\r\n惊险\r\n恐怖\r\n传奇\r\n人物\r\n侦探\r\n警匪\r\n历史\r\n军事\r\n戏剧\r\n舞台\r\n经典\r\n名著\r\n喜剧\r\n情景\r\n动漫\r\n卡通\r\n儿童\r\n伦理激情', '0', '0', '0', '0');
INSERT INTO `ecs_attribute` ( `attr_id`, `cat_id`, `attr_name`, `attr_input_type`, `attr_type`, `attr_values`, `attr_index`, `sort_order`, `is_linked`, `attr_group` ) VALUES  ('46', '3', '年份', '0', '0', '', '0', '0', '0', '0');
INSERT INTO `ecs_attribute` ( `attr_id`, `cat_id`, `attr_name`, `attr_input_type`, `attr_type`, `attr_values`, `attr_index`, `sort_order`, `is_linked`, `attr_group` ) VALUES  ('47', '3', '音频格式', '0', '0', '', '0', '0', '0', '0');
INSERT INTO `ecs_attribute` ( `attr_id`, `cat_id`, `attr_name`, `attr_input_type`, `attr_type`, `attr_values`, `attr_index`, `sort_order`, `is_linked`, `attr_group` ) VALUES  ('48', '3', '区码', '0', '0', '', '0', '0', '0', '0');
INSERT INTO `ecs_attribute` ( `attr_id`, `cat_id`, `attr_name`, `attr_input_type`, `attr_type`, `attr_values`, `attr_index`, `sort_order`, `is_linked`, `attr_group` ) VALUES  ('49', '3', '碟片代码', '0', '0', '', '0', '0', '0', '0');
INSERT INTO `ecs_attribute` ( `attr_id`, `cat_id`, `attr_name`, `attr_input_type`, `attr_type`, `attr_values`, `attr_index`, `sort_order`, `is_linked`, `attr_group` ) VALUES  ('50', '3', 'ISRC码', '0', '0', '', '0', '0', '0', '0');
INSERT INTO `ecs_attribute` ( `attr_id`, `cat_id`, `attr_name`, `attr_input_type`, `attr_type`, `attr_values`, `attr_index`, `sort_order`, `is_linked`, `attr_group` ) VALUES  ('51', '3', '发行公司', '0', '0', '', '0', '0', '0', '0');
INSERT INTO `ecs_attribute` ( `attr_id`, `cat_id`, `attr_name`, `attr_input_type`, `attr_type`, `attr_values`, `attr_index`, `sort_order`, `is_linked`, `attr_group` ) VALUES  ('52', '3', '出版 ', '0', '0', '', '0', '0', '0', '0');
INSERT INTO `ecs_attribute` ( `attr_id`, `cat_id`, `attr_name`, `attr_input_type`, `attr_type`, `attr_values`, `attr_index`, `sort_order`, `is_linked`, `attr_group` ) VALUES  ('53', '3', '出版号', '0', '0', '', '0', '0', '0', '0');
INSERT INTO `ecs_attribute` ( `attr_id`, `cat_id`, `attr_name`, `attr_input_type`, `attr_type`, `attr_values`, `attr_index`, `sort_order`, `is_linked`, `attr_group` ) VALUES  ('54', '3', '引进号', '0', '0', '', '0', '0', '0', '0');
INSERT INTO `ecs_attribute` ( `attr_id`, `cat_id`, `attr_name`, `attr_input_type`, `attr_type`, `attr_values`, `attr_index`, `sort_order`, `is_linked`, `attr_group` ) VALUES  ('55', '3', '版权号', '0', '0', '', '0', '0', '0', '0');
INSERT INTO `ecs_attribute` ( `attr_id`, `cat_id`, `attr_name`, `attr_input_type`, `attr_type`, `attr_values`, `attr_index`, `sort_order`, `is_linked`, `attr_group` ) VALUES  ('56', '4', '网络制式', '0', '0', '', '0', '0', '0', '0');
INSERT INTO `ecs_attribute` ( `attr_id`, `cat_id`, `attr_name`, `attr_input_type`, `attr_type`, `attr_values`, `attr_index`, `sort_order`, `is_linked`, `attr_group` ) VALUES  ('57', '4', '支持频率/网络频率', '0', '0', '', '0', '0', '0', '0');
INSERT INTO `ecs_attribute` ( `attr_id`, `cat_id`, `attr_name`, `attr_input_type`, `attr_type`, `attr_values`, `attr_index`, `sort_order`, `is_linked`, `attr_group` ) VALUES  ('58', '4', '尺寸体积', '1', '0', '   ', '0', '0', '0', '0');
INSERT INTO `ecs_attribute` ( `attr_id`, `cat_id`, `attr_name`, `attr_input_type`, `attr_type`, `attr_values`, `attr_index`, `sort_order`, `is_linked`, `attr_group` ) VALUES  ('59', '4', '外观样式/手机类型', '1', '0', '翻盖\r\n滑盖\r\n直板\r\n折叠\r\n手写', '0', '0', '0', '0');
INSERT INTO `ecs_attribute` ( `attr_id`, `cat_id`, `attr_name`, `attr_input_type`, `attr_type`, `attr_values`, `attr_index`, `sort_order`, `is_linked`, `attr_group` ) VALUES  ('60', '4', '主屏参数/内屏参数', '0', '0', '', '0', '0', '0', '0');
INSERT INTO `ecs_attribute` ( `attr_id`, `cat_id`, `attr_name`, `attr_input_type`, `attr_type`, `attr_values`, `attr_index`, `sort_order`, `is_linked`, `attr_group` ) VALUES  ('61', '4', '副屏参数/外屏参数', '0', '0', '', '0', '0', '0', '0');
INSERT INTO `ecs_attribute` ( `attr_id`, `cat_id`, `attr_name`, `attr_input_type`, `attr_type`, `attr_values`, `attr_index`, `sort_order`, `is_linked`, `attr_group` ) VALUES  ('62', '4', '清晰度', '0', '0', '', '0', '0', '0', '0');
INSERT INTO `ecs_attribute` ( `attr_id`, `cat_id`, `attr_name`, `attr_input_type`, `attr_type`, `attr_values`, `attr_index`, `sort_order`, `is_linked`, `attr_group` ) VALUES  ('63', '4', '色数/灰度', '1', '0', '   ', '0', '0', '0', '0');
INSERT INTO `ecs_attribute` ( `attr_id`, `cat_id`, `attr_name`, `attr_input_type`, `attr_type`, `attr_values`, `attr_index`, `sort_order`, `is_linked`, `attr_group` ) VALUES  ('64', '4', '长度', '0', '0', '', '0', '0', '0', '0');
INSERT INTO `ecs_attribute` ( `attr_id`, `cat_id`, `attr_name`, `attr_input_type`, `attr_type`, `attr_values`, `attr_index`, `sort_order`, `is_linked`, `attr_group` ) VALUES  ('65', '4', '宽度', '0', '0', '', '0', '0', '0', '0');
INSERT INTO `ecs_attribute` ( `attr_id`, `cat_id`, `attr_name`, `attr_input_type`, `attr_type`, `attr_values`, `attr_index`, `sort_order`, `is_linked`, `attr_group` ) VALUES  ('66', '4', '厚度', '0', '0', '', '0', '0', '0', '0');
INSERT INTO `ecs_attribute` ( `attr_id`, `cat_id`, `attr_name`, `attr_input_type`, `attr_type`, `attr_values`, `attr_index`, `sort_order`, `is_linked`, `attr_group` ) VALUES  ('67', '4', '屏幕材质', '0', '0', '', '0', '0', '0', '0');
INSERT INTO `ecs_attribute` ( `attr_id`, `cat_id`, `attr_name`, `attr_input_type`, `attr_type`, `attr_values`, `attr_index`, `sort_order`, `is_linked`, `attr_group` ) VALUES  ('68', '4', '内存容量', '0', '0', '', '0', '0', '0', '0');
INSERT INTO `ecs_attribute` ( `attr_id`, `cat_id`, `attr_name`, `attr_input_type`, `attr_type`, `attr_values`, `attr_index`, `sort_order`, `is_linked`, `attr_group` ) VALUES  ('69', '4', '操作系统', '0', '0', '', '0', '0', '0', '0');
INSERT INTO `ecs_attribute` ( `attr_id`, `cat_id`, `attr_name`, `attr_input_type`, `attr_type`, `attr_values`, `attr_index`, `sort_order`, `is_linked`, `attr_group` ) VALUES  ('70', '4', '通话时间', '0', '0', '', '0', '0', '0', '0');
INSERT INTO `ecs_attribute` ( `attr_id`, `cat_id`, `attr_name`, `attr_input_type`, `attr_type`, `attr_values`, `attr_index`, `sort_order`, `is_linked`, `attr_group` ) VALUES  ('71', '4', '待机时间', '0', '0', '', '0', '0', '0', '0');
INSERT INTO `ecs_attribute` ( `attr_id`, `cat_id`, `attr_name`, `attr_input_type`, `attr_type`, `attr_values`, `attr_index`, `sort_order`, `is_linked`, `attr_group` ) VALUES  ('72', '4', '标准配置', '0', '0', '', '0', '0', '0', '0');
INSERT INTO `ecs_attribute` ( `attr_id`, `cat_id`, `attr_name`, `attr_input_type`, `attr_type`, `attr_values`, `attr_index`, `sort_order`, `is_linked`, `attr_group` ) VALUES  ('73', '4', 'WAP上网', '0', '0', '', '0', '0', '0', '0');
INSERT INTO `ecs_attribute` ( `attr_id`, `cat_id`, `attr_name`, `attr_input_type`, `attr_type`, `attr_values`, `attr_index`, `sort_order`, `is_linked`, `attr_group` ) VALUES  ('74', '4', '数据业务', '0', '0', '', '0', '0', '0', '0');
INSERT INTO `ecs_attribute` ( `attr_id`, `cat_id`, `attr_name`, `attr_input_type`, `attr_type`, `attr_values`, `attr_index`, `sort_order`, `is_linked`, `attr_group` ) VALUES  ('75', '4', '天线位置', '1', '0', '内置\r\n外置', '0', '0', '0', '0');
INSERT INTO `ecs_attribute` ( `attr_id`, `cat_id`, `attr_name`, `attr_input_type`, `attr_type`, `attr_values`, `attr_index`, `sort_order`, `is_linked`, `attr_group` ) VALUES  ('76', '4', '随机配件', '0', '0', '', '0', '0', '0', '0');
INSERT INTO `ecs_attribute` ( `attr_id`, `cat_id`, `attr_name`, `attr_input_type`, `attr_type`, `attr_values`, `attr_index`, `sort_order`, `is_linked`, `attr_group` ) VALUES  ('77', '4', '铃声', '0', '0', '', '0', '0', '0', '0');
INSERT INTO `ecs_attribute` ( `attr_id`, `cat_id`, `attr_name`, `attr_input_type`, `attr_type`, `attr_values`, `attr_index`, `sort_order`, `is_linked`, `attr_group` ) VALUES  ('78', '4', '摄像头', '0', '0', '', '0', '0', '0', '0');
INSERT INTO `ecs_attribute` ( `attr_id`, `cat_id`, `attr_name`, `attr_input_type`, `attr_type`, `attr_values`, `attr_index`, `sort_order`, `is_linked`, `attr_group` ) VALUES  ('79', '4', '彩信/彩e', '1', '0', '支持\r\n不支持', '0', '0', '0', '0');
INSERT INTO `ecs_attribute` ( `attr_id`, `cat_id`, `attr_name`, `attr_input_type`, `attr_type`, `attr_values`, `attr_index`, `sort_order`, `is_linked`, `attr_group` ) VALUES  ('80', '4', '红外/蓝牙', '0', '0', '', '0', '0', '0', '0');
INSERT INTO `ecs_attribute` ( `attr_id`, `cat_id`, `attr_name`, `attr_input_type`, `attr_type`, `attr_values`, `attr_index`, `sort_order`, `is_linked`, `attr_group` ) VALUES  ('81', '4', '价格等级', '1', '0', '高价机\r\n中价机\r\n低价机', '0', '0', '0', '0');
INSERT INTO `ecs_attribute` ( `attr_id`, `cat_id`, `attr_name`, `attr_input_type`, `attr_type`, `attr_values`, `attr_index`, `sort_order`, `is_linked`, `attr_group` ) VALUES  ('82', '5', '型号', '0', '0', '', '0', '0', '0', '0');
INSERT INTO `ecs_attribute` ( `attr_id`, `cat_id`, `attr_name`, `attr_input_type`, `attr_type`, `attr_values`, `attr_index`, `sort_order`, `is_linked`, `attr_group` ) VALUES  ('83', '5', '详细规格', '0', '0', '', '0', '0', '0', '0');
INSERT INTO `ecs_attribute` ( `attr_id`, `cat_id`, `attr_name`, `attr_input_type`, `attr_type`, `attr_values`, `attr_index`, `sort_order`, `is_linked`, `attr_group` ) VALUES  ('84', '5', '笔记本尺寸', '0', '0', '', '0', '0', '0', '0');
INSERT INTO `ecs_attribute` ( `attr_id`, `cat_id`, `attr_name`, `attr_input_type`, `attr_type`, `attr_values`, `attr_index`, `sort_order`, `is_linked`, `attr_group` ) VALUES  ('85', '5', '处理器类型', '0', '0', '', '0', '0', '0', '0');
INSERT INTO `ecs_attribute` ( `attr_id`, `cat_id`, `attr_name`, `attr_input_type`, `attr_type`, `attr_values`, `attr_index`, `sort_order`, `is_linked`, `attr_group` ) VALUES  ('86', '5', '处理器最高主频', '0', '0', '', '0', '0', '0', '0');
INSERT INTO `ecs_attribute` ( `attr_id`, `cat_id`, `attr_name`, `attr_input_type`, `attr_type`, `attr_values`, `attr_index`, `sort_order`, `is_linked`, `attr_group` ) VALUES  ('87', '5', '二级缓存', '0', '0', '', '0', '0', '0', '0');
INSERT INTO `ecs_attribute` ( `attr_id`, `cat_id`, `attr_name`, `attr_input_type`, `attr_type`, `attr_values`, `attr_index`, `sort_order`, `is_linked`, `attr_group` ) VALUES  ('88', '5', '系统总线', '0', '0', '', '0', '0', '0', '0');
INSERT INTO `ecs_attribute` ( `attr_id`, `cat_id`, `attr_name`, `attr_input_type`, `attr_type`, `attr_values`, `attr_index`, `sort_order`, `is_linked`, `attr_group` ) VALUES  ('89', '5', '主板芯片组', '0', '0', '', '0', '0', '0', '0');
INSERT INTO `ecs_attribute` ( `attr_id`, `cat_id`, `attr_name`, `attr_input_type`, `attr_type`, `attr_values`, `attr_index`, `sort_order`, `is_linked`, `attr_group` ) VALUES  ('90', '5', '内存容量', '0', '0', '', '0', '0', '0', '0');
INSERT INTO `ecs_attribute` ( `attr_id`, `cat_id`, `attr_name`, `attr_input_type`, `attr_type`, `attr_values`, `attr_index`, `sort_order`, `is_linked`, `attr_group` ) VALUES  ('91', '5', '内存类型', '0', '0', '', '0', '0', '0', '0');
INSERT INTO `ecs_attribute` ( `attr_id`, `cat_id`, `attr_name`, `attr_input_type`, `attr_type`, `attr_values`, `attr_index`, `sort_order`, `is_linked`, `attr_group` ) VALUES  ('92', '5', '硬盘', '0', '0', '', '0', '0', '0', '0');
INSERT INTO `ecs_attribute` ( `attr_id`, `cat_id`, `attr_name`, `attr_input_type`, `attr_type`, `attr_values`, `attr_index`, `sort_order`, `is_linked`, `attr_group` ) VALUES  ('93', '5', '屏幕尺寸', '0', '0', '', '0', '0', '0', '0');
INSERT INTO `ecs_attribute` ( `attr_id`, `cat_id`, `attr_name`, `attr_input_type`, `attr_type`, `attr_values`, `attr_index`, `sort_order`, `is_linked`, `attr_group` ) VALUES  ('94', '5', '显示芯片', '0', '0', '', '0', '0', '0', '0');
INSERT INTO `ecs_attribute` ( `attr_id`, `cat_id`, `attr_name`, `attr_input_type`, `attr_type`, `attr_values`, `attr_index`, `sort_order`, `is_linked`, `attr_group` ) VALUES  ('95', '5', '标称频率', '0', '0', '', '0', '0', '0', '0');
INSERT INTO `ecs_attribute` ( `attr_id`, `cat_id`, `attr_name`, `attr_input_type`, `attr_type`, `attr_values`, `attr_index`, `sort_order`, `is_linked`, `attr_group` ) VALUES  ('96', '5', '显卡显存', '0', '0', '', '0', '0', '0', '0');
INSERT INTO `ecs_attribute` ( `attr_id`, `cat_id`, `attr_name`, `attr_input_type`, `attr_type`, `attr_values`, `attr_index`, `sort_order`, `is_linked`, `attr_group` ) VALUES  ('97', '5', '显卡类型', '0', '0', '', '0', '0', '0', '0');
INSERT INTO `ecs_attribute` ( `attr_id`, `cat_id`, `attr_name`, `attr_input_type`, `attr_type`, `attr_values`, `attr_index`, `sort_order`, `is_linked`, `attr_group` ) VALUES  ('98', '5', '光驱类型', '0', '0', '', '0', '0', '0', '0');
INSERT INTO `ecs_attribute` ( `attr_id`, `cat_id`, `attr_name`, `attr_input_type`, `attr_type`, `attr_values`, `attr_index`, `sort_order`, `is_linked`, `attr_group` ) VALUES  ('99', '5', '电池容量', '0', '0', '', '0', '0', '0', '0');
INSERT INTO `ecs_attribute` ( `attr_id`, `cat_id`, `attr_name`, `attr_input_type`, `attr_type`, `attr_values`, `attr_index`, `sort_order`, `is_linked`, `attr_group` ) VALUES  ('100', '5', '其他配置', '0', '0', '', '0', '0', '0', '0');
INSERT INTO `ecs_attribute` ( `attr_id`, `cat_id`, `attr_name`, `attr_input_type`, `attr_type`, `attr_values`, `attr_index`, `sort_order`, `is_linked`, `attr_group` ) VALUES  ('101', '6', '类型', '0', '0', '', '0', '0', '0', '0');
INSERT INTO `ecs_attribute` ( `attr_id`, `cat_id`, `attr_name`, `attr_input_type`, `attr_type`, `attr_values`, `attr_index`, `sort_order`, `is_linked`, `attr_group` ) VALUES  ('102', '6', '最大像素/总像素  ', '0', '0', '', '0', '0', '0', '0');
INSERT INTO `ecs_attribute` ( `attr_id`, `cat_id`, `attr_name`, `attr_input_type`, `attr_type`, `attr_values`, `attr_index`, `sort_order`, `is_linked`, `attr_group` ) VALUES  ('103', '6', '有效像素', '1', '0', '  ', '0', '0', '0', '0');
INSERT INTO `ecs_attribute` ( `attr_id`, `cat_id`, `attr_name`, `attr_input_type`, `attr_type`, `attr_values`, `attr_index`, `sort_order`, `is_linked`, `attr_group` ) VALUES  ('104', '6', '光学变焦倍数', '0', '0', '', '0', '0', '0', '0');
INSERT INTO `ecs_attribute` ( `attr_id`, `cat_id`, `attr_name`, `attr_input_type`, `attr_type`, `attr_values`, `attr_index`, `sort_order`, `is_linked`, `attr_group` ) VALUES  ('105', '6', '数字变焦倍数', '0', '0', '', '0', '0', '0', '0');
INSERT INTO `ecs_attribute` ( `attr_id`, `cat_id`, `attr_name`, `attr_input_type`, `attr_type`, `attr_values`, `attr_index`, `sort_order`, `is_linked`, `attr_group` ) VALUES  ('106', '6', '操作模式', '0', '0', '', '0', '0', '0', '0');
INSERT INTO `ecs_attribute` ( `attr_id`, `cat_id`, `attr_name`, `attr_input_type`, `attr_type`, `attr_values`, `attr_index`, `sort_order`, `is_linked`, `attr_group` ) VALUES  ('107', '6', '显示屏类型', '0', '0', '', '0', '0', '0', '0');
INSERT INTO `ecs_attribute` ( `attr_id`, `cat_id`, `attr_name`, `attr_input_type`, `attr_type`, `attr_values`, `attr_index`, `sort_order`, `is_linked`, `attr_group` ) VALUES  ('108', '6', '显示屏尺寸', '0', '0', '', '0', '0', '0', '0');
INSERT INTO `ecs_attribute` ( `attr_id`, `cat_id`, `attr_name`, `attr_input_type`, `attr_type`, `attr_values`, `attr_index`, `sort_order`, `is_linked`, `attr_group` ) VALUES  ('109', '6', '感光器件', '0', '0', '', '0', '0', '0', '0');
INSERT INTO `ecs_attribute` ( `attr_id`, `cat_id`, `attr_name`, `attr_input_type`, `attr_type`, `attr_values`, `attr_index`, `sort_order`, `is_linked`, `attr_group` ) VALUES  ('110', '6', '感光器件尺寸', '0', '0', '', '0', '0', '0', '0');
INSERT INTO `ecs_attribute` ( `attr_id`, `cat_id`, `attr_name`, `attr_input_type`, `attr_type`, `attr_values`, `attr_index`, `sort_order`, `is_linked`, `attr_group` ) VALUES  ('111', '6', '最高分辨率', '0', '0', '', '0', '0', '0', '0');
INSERT INTO `ecs_attribute` ( `attr_id`, `cat_id`, `attr_name`, `attr_input_type`, `attr_type`, `attr_values`, `attr_index`, `sort_order`, `is_linked`, `attr_group` ) VALUES  ('112', '6', '图像分辨率', '0', '0', '', '0', '0', '0', '0');
INSERT INTO `ecs_attribute` ( `attr_id`, `cat_id`, `attr_name`, `attr_input_type`, `attr_type`, `attr_values`, `attr_index`, `sort_order`, `is_linked`, `attr_group` ) VALUES  ('113', '6', '传感器类型', '0', '0', '', '0', '0', '0', '0');
INSERT INTO `ecs_attribute` ( `attr_id`, `cat_id`, `attr_name`, `attr_input_type`, `attr_type`, `attr_values`, `attr_index`, `sort_order`, `is_linked`, `attr_group` ) VALUES  ('114', '6', '传感器尺寸', '0', '0', '', '0', '0', '0', '0');
INSERT INTO `ecs_attribute` ( `attr_id`, `cat_id`, `attr_name`, `attr_input_type`, `attr_type`, `attr_values`, `attr_index`, `sort_order`, `is_linked`, `attr_group` ) VALUES  ('115', '6', '镜头', '0', '0', '', '0', '0', '0', '0');
INSERT INTO `ecs_attribute` ( `attr_id`, `cat_id`, `attr_name`, `attr_input_type`, `attr_type`, `attr_values`, `attr_index`, `sort_order`, `is_linked`, `attr_group` ) VALUES  ('116', '6', '光圈', '0', '0', '', '0', '0', '0', '0');
INSERT INTO `ecs_attribute` ( `attr_id`, `cat_id`, `attr_name`, `attr_input_type`, `attr_type`, `attr_values`, `attr_index`, `sort_order`, `is_linked`, `attr_group` ) VALUES  ('117', '6', '焦距', '0', '0', '', '0', '0', '0', '0');
INSERT INTO `ecs_attribute` ( `attr_id`, `cat_id`, `attr_name`, `attr_input_type`, `attr_type`, `attr_values`, `attr_index`, `sort_order`, `is_linked`, `attr_group` ) VALUES  ('118', '6', '旋转液晶屏', '1', '0', '支持\r\n不支持', '0', '0', '0', '0');
INSERT INTO `ecs_attribute` ( `attr_id`, `cat_id`, `attr_name`, `attr_input_type`, `attr_type`, `attr_values`, `attr_index`, `sort_order`, `is_linked`, `attr_group` ) VALUES  ('119', '6', '存储介质', '0', '0', '', '0', '0', '0', '0');
INSERT INTO `ecs_attribute` ( `attr_id`, `cat_id`, `attr_name`, `attr_input_type`, `attr_type`, `attr_values`, `attr_index`, `sort_order`, `is_linked`, `attr_group` ) VALUES  ('120', '6', '存储卡', '1', '0', '  记录媒体\r\n存储卡容量', '0', '0', '0', '0');
INSERT INTO `ecs_attribute` ( `attr_id`, `cat_id`, `attr_name`, `attr_input_type`, `attr_type`, `attr_values`, `attr_index`, `sort_order`, `is_linked`, `attr_group` ) VALUES  ('121', '6', '影像格式', '1', '0', '    静像\r\n动画', '0', '0', '0', '0');
INSERT INTO `ecs_attribute` ( `attr_id`, `cat_id`, `attr_name`, `attr_input_type`, `attr_type`, `attr_values`, `attr_index`, `sort_order`, `is_linked`, `attr_group` ) VALUES  ('122', '6', '曝光控制', '0', '0', '', '0', '0', '0', '0');
INSERT INTO `ecs_attribute` ( `attr_id`, `cat_id`, `attr_name`, `attr_input_type`, `attr_type`, `attr_values`, `attr_index`, `sort_order`, `is_linked`, `attr_group` ) VALUES  ('123', '6', '曝光模式', '0', '0', '', '0', '0', '0', '0');
INSERT INTO `ecs_attribute` ( `attr_id`, `cat_id`, `attr_name`, `attr_input_type`, `attr_type`, `attr_values`, `attr_index`, `sort_order`, `is_linked`, `attr_group` ) VALUES  ('124', '6', '曝光补偿', '0', '0', '', '0', '0', '0', '0');
INSERT INTO `ecs_attribute` ( `attr_id`, `cat_id`, `attr_name`, `attr_input_type`, `attr_type`, `attr_values`, `attr_index`, `sort_order`, `is_linked`, `attr_group` ) VALUES  ('125', '6', '白平衡', '0', '0', '', '0', '0', '0', '0');
INSERT INTO `ecs_attribute` ( `attr_id`, `cat_id`, `attr_name`, `attr_input_type`, `attr_type`, `attr_values`, `attr_index`, `sort_order`, `is_linked`, `attr_group` ) VALUES  ('126', '6', '连拍', '0', '0', '', '0', '0', '0', '0');
INSERT INTO `ecs_attribute` ( `attr_id`, `cat_id`, `attr_name`, `attr_input_type`, `attr_type`, `attr_values`, `attr_index`, `sort_order`, `is_linked`, `attr_group` ) VALUES  ('127', '6', '快门速度', '0', '0', '', '0', '0', '0', '0');
INSERT INTO `ecs_attribute` ( `attr_id`, `cat_id`, `attr_name`, `attr_input_type`, `attr_type`, `attr_values`, `attr_index`, `sort_order`, `is_linked`, `attr_group` ) VALUES  ('128', '6', '闪光灯', '1', '0', '内置\r\n外置', '0', '0', '0', '0');
INSERT INTO `ecs_attribute` ( `attr_id`, `cat_id`, `attr_name`, `attr_input_type`, `attr_type`, `attr_values`, `attr_index`, `sort_order`, `is_linked`, `attr_group` ) VALUES  ('129', '6', '拍摄范围', '1', '0', '  ', '0', '0', '0', '0');
INSERT INTO `ecs_attribute` ( `attr_id`, `cat_id`, `attr_name`, `attr_input_type`, `attr_type`, `attr_values`, `attr_index`, `sort_order`, `is_linked`, `attr_group` ) VALUES  ('130', '6', '自拍定时器', '0', '0', '', '0', '0', '0', '0');
INSERT INTO `ecs_attribute` ( `attr_id`, `cat_id`, `attr_name`, `attr_input_type`, `attr_type`, `attr_values`, `attr_index`, `sort_order`, `is_linked`, `attr_group` ) VALUES  ('131', '6', 'ISO感光度', '0', '0', '', '0', '0', '0', '0');
INSERT INTO `ecs_attribute` ( `attr_id`, `cat_id`, `attr_name`, `attr_input_type`, `attr_type`, `attr_values`, `attr_index`, `sort_order`, `is_linked`, `attr_group` ) VALUES  ('132', '6', '测光模式', '0', '0', '', '0', '0', '0', '0');
INSERT INTO `ecs_attribute` ( `attr_id`, `cat_id`, `attr_name`, `attr_input_type`, `attr_type`, `attr_values`, `attr_index`, `sort_order`, `is_linked`, `attr_group` ) VALUES  ('133', '6', '场景模式', '0', '0', '', '0', '0', '0', '0');
INSERT INTO `ecs_attribute` ( `attr_id`, `cat_id`, `attr_name`, `attr_input_type`, `attr_type`, `attr_values`, `attr_index`, `sort_order`, `is_linked`, `attr_group` ) VALUES  ('134', '6', '短片拍摄', '0', '0', '', '0', '0', '0', '0');
INSERT INTO `ecs_attribute` ( `attr_id`, `cat_id`, `attr_name`, `attr_input_type`, `attr_type`, `attr_values`, `attr_index`, `sort_order`, `is_linked`, `attr_group` ) VALUES  ('135', '6', '外接接口', '0', '0', '', '0', '0', '0', '0');
INSERT INTO `ecs_attribute` ( `attr_id`, `cat_id`, `attr_name`, `attr_input_type`, `attr_type`, `attr_values`, `attr_index`, `sort_order`, `is_linked`, `attr_group` ) VALUES  ('136', '6', '电源', '0', '0', '', '0', '0', '0', '0');
INSERT INTO `ecs_attribute` ( `attr_id`, `cat_id`, `attr_name`, `attr_input_type`, `attr_type`, `attr_values`, `attr_index`, `sort_order`, `is_linked`, `attr_group` ) VALUES  ('137', '6', '电池使用时间', '0', '0', '', '0', '0', '0', '0');
INSERT INTO `ecs_attribute` ( `attr_id`, `cat_id`, `attr_name`, `attr_input_type`, `attr_type`, `attr_values`, `attr_index`, `sort_order`, `is_linked`, `attr_group` ) VALUES  ('138', '6', '外形尺寸', '0', '0', '', '0', '0', '0', '0');
INSERT INTO `ecs_attribute` ( `attr_id`, `cat_id`, `attr_name`, `attr_input_type`, `attr_type`, `attr_values`, `attr_index`, `sort_order`, `is_linked`, `attr_group` ) VALUES  ('139', '6', '标配软件', '0', '0', '', '0', '0', '0', '0');
INSERT INTO `ecs_attribute` ( `attr_id`, `cat_id`, `attr_name`, `attr_input_type`, `attr_type`, `attr_values`, `attr_index`, `sort_order`, `is_linked`, `attr_group` ) VALUES  ('140', '6', '标准配件', '0', '0', '', '0', '0', '0', '0');
INSERT INTO `ecs_attribute` ( `attr_id`, `cat_id`, `attr_name`, `attr_input_type`, `attr_type`, `attr_values`, `attr_index`, `sort_order`, `is_linked`, `attr_group` ) VALUES  ('141', '6', '兼容操作系统', '0', '0', '', '0', '0', '0', '0');
INSERT INTO `ecs_attribute` ( `attr_id`, `cat_id`, `attr_name`, `attr_input_type`, `attr_type`, `attr_values`, `attr_index`, `sort_order`, `is_linked`, `attr_group` ) VALUES  ('142', '7', '编号', '0', '0', '', '0', '0', '0', '0');
INSERT INTO `ecs_attribute` ( `attr_id`, `cat_id`, `attr_name`, `attr_input_type`, `attr_type`, `attr_values`, `attr_index`, `sort_order`, `is_linked`, `attr_group` ) VALUES  ('143', '7', '类型', '0', '0', '', '0', '0', '0', '0');
INSERT INTO `ecs_attribute` ( `attr_id`, `cat_id`, `attr_name`, `attr_input_type`, `attr_type`, `attr_values`, `attr_index`, `sort_order`, `is_linked`, `attr_group` ) VALUES  ('144', '7', '外型尺寸', '0', '0', '', '0', '0', '0', '0');
INSERT INTO `ecs_attribute` ( `attr_id`, `cat_id`, `attr_name`, `attr_input_type`, `attr_type`, `attr_values`, `attr_index`, `sort_order`, `is_linked`, `attr_group` ) VALUES  ('145', '7', '最大像素数', '0', '0', '', '0', '0', '0', '0');
INSERT INTO `ecs_attribute` ( `attr_id`, `cat_id`, `attr_name`, `attr_input_type`, `attr_type`, `attr_values`, `attr_index`, `sort_order`, `is_linked`, `attr_group` ) VALUES  ('146', '7', '光学变焦倍数', '0', '0', '', '0', '0', '0', '0');
INSERT INTO `ecs_attribute` ( `attr_id`, `cat_id`, `attr_name`, `attr_input_type`, `attr_type`, `attr_values`, `attr_index`, `sort_order`, `is_linked`, `attr_group` ) VALUES  ('147', '7', '数字变焦倍数', '0', '0', '', '0', '0', '0', '0');
INSERT INTO `ecs_attribute` ( `attr_id`, `cat_id`, `attr_name`, `attr_input_type`, `attr_type`, `attr_values`, `attr_index`, `sort_order`, `is_linked`, `attr_group` ) VALUES  ('148', '7', '显示屏尺寸及类型', '0', '0', '', '0', '0', '0', '0');
INSERT INTO `ecs_attribute` ( `attr_id`, `cat_id`, `attr_name`, `attr_input_type`, `attr_type`, `attr_values`, `attr_index`, `sort_order`, `is_linked`, `attr_group` ) VALUES  ('149', '7', '感光器件', '0', '0', '', '0', '0', '0', '0');
INSERT INTO `ecs_attribute` ( `attr_id`, `cat_id`, `attr_name`, `attr_input_type`, `attr_type`, `attr_values`, `attr_index`, `sort_order`, `is_linked`, `attr_group` ) VALUES  ('150', '7', '感光器件尺寸', '0', '0', '', '0', '0', '0', '0');
INSERT INTO `ecs_attribute` ( `attr_id`, `cat_id`, `attr_name`, `attr_input_type`, `attr_type`, `attr_values`, `attr_index`, `sort_order`, `is_linked`, `attr_group` ) VALUES  ('151', '7', '感光器件数量', '0', '0', '', '0', '0', '0', '0');
INSERT INTO `ecs_attribute` ( `attr_id`, `cat_id`, `attr_name`, `attr_input_type`, `attr_type`, `attr_values`, `attr_index`, `sort_order`, `is_linked`, `attr_group` ) VALUES  ('152', '7', '像素范围', '0', '0', '', '0', '0', '0', '0');
INSERT INTO `ecs_attribute` ( `attr_id`, `cat_id`, `attr_name`, `attr_input_type`, `attr_type`, `attr_values`, `attr_index`, `sort_order`, `is_linked`, `attr_group` ) VALUES  ('153', '7', '传感器数量', '0', '0', '', '0', '0', '0', '0');
INSERT INTO `ecs_attribute` ( `attr_id`, `cat_id`, `attr_name`, `attr_input_type`, `attr_type`, `attr_values`, `attr_index`, `sort_order`, `is_linked`, `attr_group` ) VALUES  ('154', '7', '传感器尺寸', '0', '0', '', '0', '0', '0', '0');
INSERT INTO `ecs_attribute` ( `attr_id`, `cat_id`, `attr_name`, `attr_input_type`, `attr_type`, `attr_values`, `attr_index`, `sort_order`, `is_linked`, `attr_group` ) VALUES  ('155', '7', '水平清晰度', '0', '0', '', '0', '0', '0', '0');
INSERT INTO `ecs_attribute` ( `attr_id`, `cat_id`, `attr_name`, `attr_input_type`, `attr_type`, `attr_values`, `attr_index`, `sort_order`, `is_linked`, `attr_group` ) VALUES  ('156', '7', '取景器', '0', '0', '', '0', '0', '0', '0');
INSERT INTO `ecs_attribute` ( `attr_id`, `cat_id`, `attr_name`, `attr_input_type`, `attr_type`, `attr_values`, `attr_index`, `sort_order`, `is_linked`, `attr_group` ) VALUES  ('157', '7', '数码效果', '0', '0', '', '0', '0', '0', '0');
INSERT INTO `ecs_attribute` ( `attr_id`, `cat_id`, `attr_name`, `attr_input_type`, `attr_type`, `attr_values`, `attr_index`, `sort_order`, `is_linked`, `attr_group` ) VALUES  ('158', '7', '镜头性能', '0', '0', '', '0', '0', '0', '0');
INSERT INTO `ecs_attribute` ( `attr_id`, `cat_id`, `attr_name`, `attr_input_type`, `attr_type`, `attr_values`, `attr_index`, `sort_order`, `is_linked`, `attr_group` ) VALUES  ('159', '7', '对焦方式', '0', '0', '', '0', '0', '0', '0');
INSERT INTO `ecs_attribute` ( `attr_id`, `cat_id`, `attr_name`, `attr_input_type`, `attr_type`, `attr_values`, `attr_index`, `sort_order`, `is_linked`, `attr_group` ) VALUES  ('160', '7', '曝光控制', '0', '0', '', '0', '0', '0', '0');
INSERT INTO `ecs_attribute` ( `attr_id`, `cat_id`, `attr_name`, `attr_input_type`, `attr_type`, `attr_values`, `attr_index`, `sort_order`, `is_linked`, `attr_group` ) VALUES  ('161', '7', '其他接口', '0', '0', '', '0', '0', '0', '0');
INSERT INTO `ecs_attribute` ( `attr_id`, `cat_id`, `attr_name`, `attr_input_type`, `attr_type`, `attr_values`, `attr_index`, `sort_order`, `is_linked`, `attr_group` ) VALUES  ('162', '7', '随机存储', '0', '0', '', '0', '0', '0', '0');
INSERT INTO `ecs_attribute` ( `attr_id`, `cat_id`, `attr_name`, `attr_input_type`, `attr_type`, `attr_values`, `attr_index`, `sort_order`, `is_linked`, `attr_group` ) VALUES  ('163', '7', '电池类型', '0', '0', '', '0', '0', '0', '0');
INSERT INTO `ecs_attribute` ( `attr_id`, `cat_id`, `attr_name`, `attr_input_type`, `attr_type`, `attr_values`, `attr_index`, `sort_order`, `is_linked`, `attr_group` ) VALUES  ('164', '7', '电池供电时间', '0', '0', '', '0', '0', '0', '0');
INSERT INTO `ecs_attribute` ( `attr_id`, `cat_id`, `attr_name`, `attr_input_type`, `attr_type`, `attr_values`, `attr_index`, `sort_order`, `is_linked`, `attr_group` ) VALUES  ('165', '8', '产地', '0', '0', '', '0', '0', '0', '0');
INSERT INTO `ecs_attribute` ( `attr_id`, `cat_id`, `attr_name`, `attr_input_type`, `attr_type`, `attr_values`, `attr_index`, `sort_order`, `is_linked`, `attr_group` ) VALUES  ('166', '8', '产品规格/容量', '0', '0', '', '0', '0', '0', '0');
INSERT INTO `ecs_attribute` ( `attr_id`, `cat_id`, `attr_name`, `attr_input_type`, `attr_type`, `attr_values`, `attr_index`, `sort_order`, `is_linked`, `attr_group` ) VALUES  ('167', '8', '主要原料', '0', '0', '', '0', '0', '0', '0');
INSERT INTO `ecs_attribute` ( `attr_id`, `cat_id`, `attr_name`, `attr_input_type`, `attr_type`, `attr_values`, `attr_index`, `sort_order`, `is_linked`, `attr_group` ) VALUES  ('168', '8', '所属类别', '1', '0', '彩妆\r\n化妆工具\r\n护肤品\r\n香水', '0', '0', '0', '0');
INSERT INTO `ecs_attribute` ( `attr_id`, `cat_id`, `attr_name`, `attr_input_type`, `attr_type`, `attr_values`, `attr_index`, `sort_order`, `is_linked`, `attr_group` ) VALUES  ('169', '8', '使用部位', '0', '0', '', '0', '0', '0', '0');
INSERT INTO `ecs_attribute` ( `attr_id`, `cat_id`, `attr_name`, `attr_input_type`, `attr_type`, `attr_values`, `attr_index`, `sort_order`, `is_linked`, `attr_group` ) VALUES  ('170', '8', '适合肤质', '1', '0', '油性\r\n中性\r\n干性', '0', '0', '0', '0');
INSERT INTO `ecs_attribute` ( `attr_id`, `cat_id`, `attr_name`, `attr_input_type`, `attr_type`, `attr_values`, `attr_index`, `sort_order`, `is_linked`, `attr_group` ) VALUES  ('171', '8', '适用人群', '1', '0', '女性\r\n男性', '0', '0', '0', '0');
INSERT INTO `ecs_attribute` ( `attr_id`, `cat_id`, `attr_name`, `attr_input_type`, `attr_type`, `attr_values`, `attr_index`, `sort_order`, `is_linked`, `attr_group` ) VALUES  ('172', '9', '上市日期', '1', '0', '2008年01月\r\n2008年02月\r\n2008年03月\r\n2008年04月\r\n2008年05月\r\n2008年06月\r\n2008年07月\r\n2008年08月\r\n2008年09月\r\n2008年10月\r\n2008年11月\r\n2008年12月\r\n2007年01月\r\n2007年02月\r\n2007年03月\r\n2007年04月\r\n2007年05月\r\n2007年06月\r\n2007年07月\r\n2007年08月\r\n2007年09月\r\n2007年10月\r\n2007年11月\r\n2007年12月', '1', '0', '0', '0');
INSERT INTO `ecs_attribute` ( `attr_id`, `cat_id`, `attr_name`, `attr_input_type`, `attr_type`, `attr_values`, `attr_index`, `sort_order`, `is_linked`, `attr_group` ) VALUES  ('173', '9', '手机制式', '1', '0', 'GSM,850,900,1800,1900\r\nGSM,900,1800,1900,2100\r\nCDMA\r\n双模（GSM,900,1800,CDMA 1X）\r\n3G(GSM,900,1800,1900,TD-SCDMA )', '1', '1', '1', '0');
INSERT INTO `ecs_attribute` ( `attr_id`, `cat_id`, `attr_name`, `attr_input_type`, `attr_type`, `attr_values`, `attr_index`, `sort_order`, `is_linked`, `attr_group` ) VALUES  ('174', '9', '理论通话时间', '0', '0', '', '0', '2', '0', '0');
INSERT INTO `ecs_attribute` ( `attr_id`, `cat_id`, `attr_name`, `attr_input_type`, `attr_type`, `attr_values`, `attr_index`, `sort_order`, `is_linked`, `attr_group` ) VALUES  ('175', '9', '理论待机时间', '0', '0', '', '0', '3', '0', '0');
INSERT INTO `ecs_attribute` ( `attr_id`, `cat_id`, `attr_name`, `attr_input_type`, `attr_type`, `attr_values`, `attr_index`, `sort_order`, `is_linked`, `attr_group` ) VALUES  ('176', '9', '铃声', '0', '0', '', '0', '4', '0', '0');
INSERT INTO `ecs_attribute` ( `attr_id`, `cat_id`, `attr_name`, `attr_input_type`, `attr_type`, `attr_values`, `attr_index`, `sort_order`, `is_linked`, `attr_group` ) VALUES  ('177', '9', '铃声格式', '0', '0', '', '0', '5', '0', '0');
INSERT INTO `ecs_attribute` ( `attr_id`, `cat_id`, `attr_name`, `attr_input_type`, `attr_type`, `attr_values`, `attr_index`, `sort_order`, `is_linked`, `attr_group` ) VALUES  ('178', '9', '外观样式', '1', '0', '翻盖\r\n滑盖\r\n直板\r\n折叠', '1', '6', '1', '0');
INSERT INTO `ecs_attribute` ( `attr_id`, `cat_id`, `attr_name`, `attr_input_type`, `attr_type`, `attr_values`, `attr_index`, `sort_order`, `is_linked`, `attr_group` ) VALUES  ('179', '9', '中文短消息', '0', '0', '', '0', '7', '0', '0');
INSERT INTO `ecs_attribute` ( `attr_id`, `cat_id`, `attr_name`, `attr_input_type`, `attr_type`, `attr_values`, `attr_index`, `sort_order`, `is_linked`, `attr_group` ) VALUES  ('180', '9', '存储卡格式', '0', '0', '', '0', '0', '0', '0');
INSERT INTO `ecs_attribute` ( `attr_id`, `cat_id`, `attr_name`, `attr_input_type`, `attr_type`, `attr_values`, `attr_index`, `sort_order`, `is_linked`, `attr_group` ) VALUES  ('181', '9', '内存容量', '0', '0', '', '2', '0', '0', '0');
INSERT INTO `ecs_attribute` ( `attr_id`, `cat_id`, `attr_name`, `attr_input_type`, `attr_type`, `attr_values`, `attr_index`, `sort_order`, `is_linked`, `attr_group` ) VALUES  ('182', '9', '操作系统', '0', '0', '', '0', '0', '0', '0');
INSERT INTO `ecs_attribute` ( `attr_id`, `cat_id`, `attr_name`, `attr_input_type`, `attr_type`, `attr_values`, `attr_index`, `sort_order`, `is_linked`, `attr_group` ) VALUES  ('183', '9', 'K-JAVA', '0', '0', '', '0', '0', '0', '0');
INSERT INTO `ecs_attribute` ( `attr_id`, `cat_id`, `attr_name`, `attr_input_type`, `attr_type`, `attr_values`, `attr_index`, `sort_order`, `is_linked`, `attr_group` ) VALUES  ('184', '9', '尺寸体积', '0', '0', '', '0', '0', '0', '0');
INSERT INTO `ecs_attribute` ( `attr_id`, `cat_id`, `attr_name`, `attr_input_type`, `attr_type`, `attr_values`, `attr_index`, `sort_order`, `is_linked`, `attr_group` ) VALUES  ('185', '9', '颜色', '1', '1', '黑色\r\n白色\r\n蓝色\r\n金色\r\n粉色\r\n银色\r\n灰色\r\n深李色\r\n黑红色\r\n黑蓝色\r\n白紫色', '1', '0', '0', '0');
INSERT INTO `ecs_attribute` ( `attr_id`, `cat_id`, `attr_name`, `attr_input_type`, `attr_type`, `attr_values`, `attr_index`, `sort_order`, `is_linked`, `attr_group` ) VALUES  ('186', '9', '屏幕颜色', '1', '0', '1600万\r\n262144万', '1', '0', '1', '1');
INSERT INTO `ecs_attribute` ( `attr_id`, `cat_id`, `attr_name`, `attr_input_type`, `attr_type`, `attr_values`, `attr_index`, `sort_order`, `is_linked`, `attr_group` ) VALUES  ('187', '9', '屏幕材质', '1', '0', 'TFT', '0', '0', '0', '1');
INSERT INTO `ecs_attribute` ( `attr_id`, `cat_id`, `attr_name`, `attr_input_type`, `attr_type`, `attr_values`, `attr_index`, `sort_order`, `is_linked`, `attr_group` ) VALUES  ('188', '9', '屏幕分辨率', '1', '0', '320×240 像素\r\n240×400 像素\r\n240×320 像素\r\n176x220 像素', '1', '0', '0', '1');
INSERT INTO `ecs_attribute` ( `attr_id`, `cat_id`, `attr_name`, `attr_input_type`, `attr_type`, `attr_values`, `attr_index`, `sort_order`, `is_linked`, `attr_group` ) VALUES  ('189', '9', '屏幕大小', '0', '0', '', '0', '0', '0', '1');
INSERT INTO `ecs_attribute` ( `attr_id`, `cat_id`, `attr_name`, `attr_input_type`, `attr_type`, `attr_values`, `attr_index`, `sort_order`, `is_linked`, `attr_group` ) VALUES  ('190', '9', '中文输入法', '0', '0', '', '0', '0', '0', '2');
INSERT INTO `ecs_attribute` ( `attr_id`, `cat_id`, `attr_name`, `attr_input_type`, `attr_type`, `attr_values`, `attr_index`, `sort_order`, `is_linked`, `attr_group` ) VALUES  ('191', '9', '情景模式', '0', '0', '', '0', '0', '0', '2');
INSERT INTO `ecs_attribute` ( `attr_id`, `cat_id`, `attr_name`, `attr_input_type`, `attr_type`, `attr_values`, `attr_index`, `sort_order`, `is_linked`, `attr_group` ) VALUES  ('192', '9', '网络链接', '0', '0', '', '0', '0', '0', '2');
INSERT INTO `ecs_attribute` ( `attr_id`, `cat_id`, `attr_name`, `attr_input_type`, `attr_type`, `attr_values`, `attr_index`, `sort_order`, `is_linked`, `attr_group` ) VALUES  ('193', '9', '蓝牙接口', '0', '0', '', '0', '0', '0', '0');
INSERT INTO `ecs_attribute` ( `attr_id`, `cat_id`, `attr_name`, `attr_input_type`, `attr_type`, `attr_values`, `attr_index`, `sort_order`, `is_linked`, `attr_group` ) VALUES  ('194', '9', '数据线接口', '0', '0', '', '0', '0', '0', '2');
INSERT INTO `ecs_attribute` ( `attr_id`, `cat_id`, `attr_name`, `attr_input_type`, `attr_type`, `attr_values`, `attr_index`, `sort_order`, `is_linked`, `attr_group` ) VALUES  ('195', '9', '电子邮件', '0', '0', '', '0', '0', '0', '2');
INSERT INTO `ecs_attribute` ( `attr_id`, `cat_id`, `attr_name`, `attr_input_type`, `attr_type`, `attr_values`, `attr_index`, `sort_order`, `is_linked`, `attr_group` ) VALUES  ('196', '9', '闹钟', '0', '0', '', '0', '35', '0', '4');
INSERT INTO `ecs_attribute` ( `attr_id`, `cat_id`, `attr_name`, `attr_input_type`, `attr_type`, `attr_values`, `attr_index`, `sort_order`, `is_linked`, `attr_group` ) VALUES  ('197', '9', '办公功能', '0', '0', '', '0', '0', '0', '4');
INSERT INTO `ecs_attribute` ( `attr_id`, `cat_id`, `attr_name`, `attr_input_type`, `attr_type`, `attr_values`, `attr_index`, `sort_order`, `is_linked`, `attr_group` ) VALUES  ('198', '9', '数码相机', '0', '0', '', '1', '0', '0', '3');
INSERT INTO `ecs_attribute` ( `attr_id`, `cat_id`, `attr_name`, `attr_input_type`, `attr_type`, `attr_values`, `attr_index`, `sort_order`, `is_linked`, `attr_group` ) VALUES  ('199', '9', '像素', '0', '0', '', '0', '0', '0', '3');
INSERT INTO `ecs_attribute` ( `attr_id`, `cat_id`, `attr_name`, `attr_input_type`, `attr_type`, `attr_values`, `attr_index`, `sort_order`, `is_linked`, `attr_group` ) VALUES  ('200', '9', '传感器', '0', '0', '', '0', '0', '0', '0');
INSERT INTO `ecs_attribute` ( `attr_id`, `cat_id`, `attr_name`, `attr_input_type`, `attr_type`, `attr_values`, `attr_index`, `sort_order`, `is_linked`, `attr_group` ) VALUES  ('201', '9', '变焦模式', '0', '0', '', '0', '0', '0', '3');
INSERT INTO `ecs_attribute` ( `attr_id`, `cat_id`, `attr_name`, `attr_input_type`, `attr_type`, `attr_values`, `attr_index`, `sort_order`, `is_linked`, `attr_group` ) VALUES  ('202', '9', '视频拍摄', '0', '0', '', '0', '0', '0', '3');
INSERT INTO `ecs_attribute` ( `attr_id`, `cat_id`, `attr_name`, `attr_input_type`, `attr_type`, `attr_values`, `attr_index`, `sort_order`, `is_linked`, `attr_group` ) VALUES  ('203', '9', 'MP3播放器', '0', '0', '', '0', '0', '0', '3');
INSERT INTO `ecs_attribute` ( `attr_id`, `cat_id`, `attr_name`, `attr_input_type`, `attr_type`, `attr_values`, `attr_index`, `sort_order`, `is_linked`, `attr_group` ) VALUES  ('204', '9', '视频播放', '0', '0', '', '0', '0', '0', '3');
INSERT INTO `ecs_attribute` ( `attr_id`, `cat_id`, `attr_name`, `attr_input_type`, `attr_type`, `attr_values`, `attr_index`, `sort_order`, `is_linked`, `attr_group` ) VALUES  ('205', '9', 'CPU频率', '0', '0', '', '0', '0', '0', '0');
INSERT INTO `ecs_attribute` ( `attr_id`, `cat_id`, `attr_name`, `attr_input_type`, `attr_type`, `attr_values`, `attr_index`, `sort_order`, `is_linked`, `attr_group` ) VALUES  ('206', '9', '收音机', '0', '0', '', '0', '0', '0', '3');
INSERT INTO `ecs_attribute` ( `attr_id`, `cat_id`, `attr_name`, `attr_input_type`, `attr_type`, `attr_values`, `attr_index`, `sort_order`, `is_linked`, `attr_group` ) VALUES  ('207', '9', '耳机接口', '0', '0', '', '0', '0', '0', '3');
INSERT INTO `ecs_attribute` ( `attr_id`, `cat_id`, `attr_name`, `attr_input_type`, `attr_type`, `attr_values`, `attr_index`, `sort_order`, `is_linked`, `attr_group` ) VALUES  ('208', '9', '闪光灯', '0', '0', '', '0', '0', '0', '3');
INSERT INTO `ecs_attribute` ( `attr_id`, `cat_id`, `attr_name`, `attr_input_type`, `attr_type`, `attr_values`, `attr_index`, `sort_order`, `is_linked`, `attr_group` ) VALUES  ('209', '9', '浏览器', '0', '0', '', '0', '0', '0', '2');
INSERT INTO `ecs_attribute` ( `attr_id`, `cat_id`, `attr_name`, `attr_input_type`, `attr_type`, `attr_values`, `attr_index`, `sort_order`, `is_linked`, `attr_group` ) VALUES  ('210', '9', '配件', '1', '2', '线控耳机\r\n蓝牙耳机\r\n数据线', '0', '0', '0', '0');
DROP TABLE IF EXISTS `ecs_auto_manage`;
CREATE TABLE `ecs_auto_manage` (
  `item_id` mediumint(8) NOT NULL,
  `type` varchar(10) NOT NULL,
  `starttime` int(10) NOT NULL,
  `endtime` int(10) NOT NULL,
  PRIMARY KEY  (`item_id`,`type`)
) ENGINE=MyISAM DEFAULT CHARSET=utf8;
DROP TABLE IF EXISTS `ecs_back_goods`;
CREATE TABLE `ecs_back_goods` (
  `rec_id` mediumint(8) unsigned NOT NULL auto_increment,
  `back_id` mediumint(8) unsigned default '0',
  `goods_id` mediumint(8) unsigned NOT NULL default '0',
  `product_id` mediumint(8) unsigned NOT NULL default '0',
  `product_sn` varchar(60) default NULL,
  `goods_name` varchar(120) default NULL,
  `brand_name` varchar(60) default NULL,
  `goods_sn` varchar(60) default NULL,
  `is_real` tinyint(1) unsigned default '0',
  `send_number` smallint(5) unsigned default '0',
  `goods_attr` text,
  PRIMARY KEY  (`rec_id`),
  KEY `back_id` (`back_id`),
  KEY `goods_id` (`goods_id`)
) ENGINE=MyISAM DEFAULT CHARSET=utf8;
INSERT INTO `ecs_back_goods` ( `rec_id`, `back_id`, `goods_id`, `product_id`, `product_sn`, `goods_name`, `brand_name`, `goods_sn`, `is_real`, `send_number`, `goods_attr` ) VALUES  ('1', '5', '1', '14', '', 'KD876', '', 'ECS000000', '1', '1', '颜色:灰色 \n');
INSERT INTO `ecs_back_goods` ( `rec_id`, `back_id`, `goods_id`, `product_id`, `product_sn`, `goods_name`, `brand_name`, `goods_sn`, `is_real`, `send_number`, `goods_attr` ) VALUES  ('2', '5', '3', '0', '', '诺基亚原装5800耳机', '', 'ECS000002', '1', '5', '');
INSERT INTO `ecs_back_goods` ( `rec_id`, `back_id`, `goods_id`, `product_id`, `product_sn`, `goods_name`, `brand_name`, `goods_sn`, `is_real`, `send_number`, `goods_attr` ) VALUES  ('3', '5', '24', '2', '', 'P806', '', 'ECS000024', '1', '1', '颜色:灰色 \n');
INSERT INTO `ecs_back_goods` ( `rec_id`, `back_id`, `goods_id`, `product_id`, `product_sn`, `goods_name`, `brand_name`, `goods_sn`, `is_real`, `send_number`, `goods_attr` ) VALUES  ('4', '5', '32', '1', '', '诺基亚N85', '', 'ECS000032', '1', '1', '颜色:黑色 \n');
DROP TABLE IF EXISTS `ecs_back_order`;
CREATE TABLE `ecs_back_order` (
  `back_id` mediumint(8) unsigned NOT NULL auto_increment,
  `delivery_sn` varchar(20) NOT NULL,
  `order_sn` varchar(20) NOT NULL,
  `order_id` mediumint(8) unsigned NOT NULL default '0',
  `invoice_no` varchar(50) default NULL,
  `add_time` int(10) unsigned default '0',
  `shipping_id` tinyint(3) unsigned default '0',
  `shipping_name` varchar(120) default NULL,
  `user_id` mediumint(8) unsigned default '0',
  `action_user` varchar(30) default NULL,
  `consignee` varchar(60) default NULL,
  `address` varchar(250) default NULL,
  `country` smallint(5) unsigned default '0',
  `province` smallint(5) unsigned default '0',
  `city` smallint(5) unsigned default '0',
  `district` smallint(5) unsigned default '0',
  `sign_building` varchar(120) default NULL,
  `email` varchar(60) default NULL,
  `zipcode` varchar(60) default NULL,
  `tel` varchar(60) default NULL,
  `mobile` varchar(60) default NULL,
  `best_time` varchar(120) default NULL,
  `postscript` varchar(255) default NULL,
  `how_oos` varchar(120) default NULL,
  `insure_fee` decimal(10,2) unsigned default '0.00',
  `shipping_fee` decimal(10,2) unsigned default '0.00',
  `update_time` int(10) unsigned default '0',
  `suppliers_id` smallint(5) default '0',
  `status` tinyint(1) unsigned NOT NULL default '0',
  `return_time` int(10) unsigned default '0',
  `agency_id` smallint(5) unsigned default '0',
  PRIMARY KEY  (`back_id`),
  KEY `user_id` (`user_id`),
  KEY `order_id` (`order_id`)
) ENGINE=MyISAM DEFAULT CHARSET=utf8;
INSERT INTO `ecs_back_order` ( `back_id`, `delivery_sn`, `order_sn`, `order_id`, `invoice_no`, `add_time`, `shipping_id`, `shipping_name`, `user_id`, `action_user`, `consignee`, `address`, `country`, `province`, `city`, `district`, `sign_building`, `email`, `zipcode`, `tel`, `mobile`, `best_time`, `postscript`, `how_oos`, `insure_fee`, `shipping_fee`, `update_time`, `suppliers_id`, `status`, `return_time`, `agency_id` ) VALUES  ('1', '20090615054961769', '2009061585887', '15', '2009061585884', '1245044533', '3', '', '1', 'admin', '刘先生', '海兴大厦', '1', '2', '52', '502', '', 'ecshop@ecshop.com', '', '010-25851234', '13986765412', '', '', '等待所有商品备齐后再发', '0.00', '10.00', '1245044964', '2', '0', '1245045515', '0');
INSERT INTO `ecs_back_order` ( `back_id`, `delivery_sn`, `order_sn`, `order_id`, `invoice_no`, `add_time`, `shipping_id`, `shipping_name`, `user_id`, `action_user`, `consignee`, `address`, `country`, `province`, `city`, `district`, `sign_building`, `email`, `zipcode`, `tel`, `mobile`, `best_time`, `postscript`, `how_oos`, `insure_fee`, `shipping_fee`, `update_time`, `suppliers_id`, `status`, `return_time`, `agency_id` ) VALUES  ('2', '20090615055104671', '2009061585887', '15', '20090615', '1245044533', '3', '', '1', 'admin', '刘先生', '海兴大厦', '1', '2', '52', '502', '', 'ecshop@ecshop.com', '', '010-25851234', '13986765412', '', '', '等待所有商品备齐后再发', '0.00', '10.00', '1245045061', '1', '0', '1245045515', '0');
INSERT INTO `ecs_back_order` ( `back_id`, `delivery_sn`, `order_sn`, `order_id`, `invoice_no`, `add_time`, `shipping_id`, `shipping_name`, `user_id`, `action_user`, `consignee`, `address`, `country`, `province`, `city`, `district`, `sign_building`, `email`, `zipcode`, `tel`, `mobile`, `best_time`, `postscript`, `how_oos`, `insure_fee`, `shipping_fee`, `update_time`, `suppliers_id`, `status`, `return_time`, `agency_id` ) VALUES  ('3', '20090615055780744', '2009061585887', '15', '123232', '1245044533', '3', '', '1', 'admin', '刘先生', '海兴大厦', '1', '2', '52', '502', '', 'ecshop@ecshop.com', '', '010-25851234', '13986765412', '', '', '等待所有商品备齐后再发', '0.00', '10.00', '1245045443', '0', '0', '1245045515', '0');
INSERT INTO `ecs_back_order` ( `back_id`, `delivery_sn`, `order_sn`, `order_id`, `invoice_no`, `add_time`, `shipping_id`, `shipping_name`, `user_id`, `action_user`, `consignee`, `address`, `country`, `province`, `city`, `district`, `sign_building`, `email`, `zipcode`, `tel`, `mobile`, `best_time`, `postscript`, `how_oos`, `insure_fee`, `shipping_fee`, `update_time`, `suppliers_id`, `status`, `return_time`, `agency_id` ) VALUES  ('4', '20090615064331475', '2009061503335', '17', '00906150333512', '1245047978', '3', '', '1', 'admin', '刘先生', '海兴大厦', '1', '2', '52', '502', '', 'ecshop@ecshop.com', '', '010-25851234', '13986765412', '', '', '等待所有商品备齐后再发', '0.00', '10.00', '1245048189', '0', '0', '1245048212', '0');
INSERT INTO `ecs_back_order` ( `back_id`, `delivery_sn`, `order_sn`, `order_id`, `invoice_no`, `add_time`, `shipping_id`, `shipping_name`, `user_id`, `action_user`, `consignee`, `address`, `country`, `province`, `city`, `district`, `sign_building`, `email`, `zipcode`, `tel`, `mobile`, `best_time`, `postscript`, `how_oos`, `insure_fee`, `shipping_fee`, `update_time`, `suppliers_id`, `status`, `return_time`, `agency_id` ) VALUES  ('5', '20131014062003036', '2013092646519', '20', '20131014062003036', '1380175540', '5', '', '0', 'admin', '11', '11', '1', '2', '52', '500', '', '11@qq.com', '', '111', '', '', '', '等待所有商品备齐后再发', '0.00', '15.00', '1381731612', '0', '0', '1381734071', '0');
DROP TABLE IF EXISTS `ecs_bonus_type`;
CREATE TABLE `ecs_bonus_type` (
  `type_id` smallint(5) unsigned NOT NULL auto_increment,
  `type_name` varchar(60) NOT NULL default '',
  `type_money` decimal(10,2) NOT NULL default '0.00',
  `send_type` tinyint(3) unsigned NOT NULL default '0',
  `min_amount` decimal(10,2) unsigned NOT NULL default '0.00',
  `max_amount` decimal(10,2) unsigned NOT NULL default '0.00',
  `send_start_date` int(11) NOT NULL default '0',
  `send_end_date` int(11) NOT NULL default '0',
  `use_start_date` int(11) NOT NULL default '0',
  `use_end_date` int(11) NOT NULL default '0',
  `min_goods_amount` decimal(10,2) unsigned NOT NULL default '0.00',
  PRIMARY KEY  (`type_id`)
) ENGINE=MyISAM DEFAULT CHARSET=utf8;
INSERT INTO `ecs_bonus_type` ( `type_id`, `type_name`, `type_money`, `send_type`, `min_amount`, `max_amount`, `send_start_date`, `send_end_date`, `use_start_date`, `use_end_date`, `min_goods_amount` ) VALUES  ('1', '用户红包', '2.00', '0', '0.00', '0.00', '1242057600', '1244736000', '1242057600', '1250006400', '500.00');
INSERT INTO `ecs_bonus_type` ( `type_id`, `type_name`, `type_money`, `send_type`, `min_amount`, `max_amount`, `send_start_date`, `send_end_date`, `use_start_date`, `use_end_date`, `min_goods_amount` ) VALUES  ('2', '商品红包', '10.00', '1', '0.00', '0.00', '1241971200', '1250352000', '1242057600', '1250006400', '500.00');
INSERT INTO `ecs_bonus_type` ( `type_id`, `type_name`, `type_money`, `send_type`, `min_amount`, `max_amount`, `send_start_date`, `send_end_date`, `use_start_date`, `use_end_date`, `min_goods_amount` ) VALUES  ('3', '订单红包', '20.00', '2', '1500.00', '0.00', '1242057600', '1309363200', '1242057600', '1257955200', '800.00');
INSERT INTO `ecs_bonus_type` ( `type_id`, `type_name`, `type_money`, `send_type`, `min_amount`, `max_amount`, `send_start_date`, `send_end_date`, `use_start_date`, `use_end_date`, `min_goods_amount` ) VALUES  ('4', '线下红包', '5.00', '3', '0.00', '0.00', '1242057600', '1244736000', '1242057600', '1255449600', '360.00');
DROP TABLE IF EXISTS `ecs_booking_goods`;
CREATE TABLE `ecs_booking_goods` (
  `rec_id` mediumint(8) unsigned NOT NULL auto_increment,
  `user_id` mediumint(8) unsigned NOT NULL default '0',
  `email` varchar(60) NOT NULL default '',
  `link_man` varchar(60) NOT NULL default '',
  `tel` varchar(60) NOT NULL default '',
  `goods_id` mediumint(8) unsigned NOT NULL default '0',
  `goods_desc` varchar(255) NOT NULL default '',
  `goods_number` smallint(5) unsigned NOT NULL default '0',
  `booking_time` int(10) unsigned NOT NULL default '0',
  `is_dispose` tinyint(1) unsigned NOT NULL default '0',
  `dispose_user` varchar(30) NOT NULL default '',
  `dispose_time` int(10) unsigned NOT NULL default '0',
  `dispose_note` varchar(255) NOT NULL default '',
  PRIMARY KEY  (`rec_id`),
  KEY `user_id` (`user_id`)
) ENGINE=MyISAM DEFAULT CHARSET=utf8;
INSERT INTO `ecs_booking_goods` ( `rec_id`, `user_id`, `email`, `link_man`, `tel`, `goods_id`, `goods_desc`, `goods_number`, `booking_time`, `is_dispose`, `dispose_user`, `dispose_time`, `dispose_note` ) VALUES  ('1', '1', 'ecshop@ecshop.com', '刘先生', '13986765412', '19', '可以补货吗？\n我想要一个', '1', '1242142762', '0', '', '0', '');
INSERT INTO `ecs_booking_goods` ( `rec_id`, `user_id`, `email`, `link_man`, `tel`, `goods_id`, `goods_desc`, `goods_number`, `booking_time`, `is_dispose`, `dispose_user`, `dispose_time`, `dispose_note` ) VALUES  ('2', '3', 'text@ecshop.com', '叶先生', '13588104710', '17', '什么时候有货', '1', '1242143592', '0', '', '0', '');
INSERT INTO `ecs_booking_goods` ( `rec_id`, `user_id`, `email`, `link_man`, `tel`, `goods_id`, `goods_desc`, `goods_number`, `booking_time`, `is_dispose`, `dispose_user`, `dispose_time`, `dispose_note` ) VALUES  ('3', '6', '22@qq.com', 'das', '1234', '1', 'dsd', '1', '1380261355', '0', '', '0', '');
DROP TABLE IF EXISTS `ecs_brand`;
CREATE TABLE `ecs_brand` (
  `brand_id` smallint(5) unsigned NOT NULL auto_increment,
  `brand_name` varchar(60) NOT NULL default '',
  `brand_logo` varchar(80) NOT NULL default '',
  `brand_desc` text NOT NULL,
  `site_url` varchar(255) NOT NULL default '',
  `sort_order` tinyint(3) unsigned NOT NULL default '50',
  `is_show` tinyint(1) unsigned NOT NULL default '1',
  PRIMARY KEY  (`brand_id`),
  KEY `is_show` (`is_show`)
) ENGINE=MyISAM DEFAULT CHARSET=utf8;
INSERT INTO `ecs_brand` ( `brand_id`, `brand_name`, `brand_logo`, `brand_desc`, `site_url`, `sort_order`, `is_show` ) VALUES  ('1', '诺基亚', '1240803062307572427.gif', '公司网站：http://www.nokia.com.cn/\n\n客服电话：400-880-0123', 'http://www.nokia.com.cn/', '50', '1');
INSERT INTO `ecs_brand` ( `brand_id`, `brand_name`, `brand_logo`, `brand_desc`, `site_url`, `sort_order`, `is_show` ) VALUES  ('2', '摩托罗拉', '1240802922410634065.gif', '官方咨询电话：4008105050\n售后网点：http://www.motorola.com.cn/service/carecenter/search.asp ', 'http://www.motorola.com.cn', '50', '1');
INSERT INTO `ecs_brand` ( `brand_id`, `brand_name`, `brand_logo`, `brand_desc`, `site_url`, `sort_order`, `is_show` ) VALUES  ('3', '多普达', '1240803144788047486.gif', '官方咨询电话：4008201668\n售后网点：http://www.dopod.com/pc/service/searchresult2.php ', 'http://www.dopod.com ', '50', '1');
INSERT INTO `ecs_brand` ( `brand_id`, `brand_name`, `brand_logo`, `brand_desc`, `site_url`, `sort_order`, `is_show` ) VALUES  ('4', '飞利浦', '1240803247838195732.gif', '官方咨询电话：4008800008\n售后网点：http://www.philips.com.cn/service/mustservice/index.page ', 'http://www.philips.com.cn ', '50', '1');
INSERT INTO `ecs_brand` ( `brand_id`, `brand_name`, `brand_logo`, `brand_desc`, `site_url`, `sort_order`, `is_show` ) VALUES  ('5', '夏新', '1240803352280856940.gif', '官方咨询电话：4008875777\n售后网点：http://www.amobile.com.cn/service_fwyzc.asp ', 'http://www.amobile.com.cn', '50', '1');
INSERT INTO `ecs_brand` ( `brand_id`, `brand_name`, `brand_logo`, `brand_desc`, `site_url`, `sort_order`, `is_show` ) VALUES  ('6', '三星', '1240803412367015368.gif', '官方咨询电话：8008105858\n售后网点：http://cn.samsungmobile.com/cn/support/search_area_o.jsp ', 'http://cn.samsungmobile.com', '50', '1');
INSERT INTO `ecs_brand` ( `brand_id`, `brand_name`, `brand_logo`, `brand_desc`, `site_url`, `sort_order`, `is_show` ) VALUES  ('7', '索爱', '1240803482283160654.gif', '官方咨询电话：4008100000\n售后网点：http://www.sonyericsson.com/cws/common/contact?cc=cn&lc=zh ', 'http://www.sonyericsson.com.cn/', '50', '1');
INSERT INTO `ecs_brand` ( `brand_id`, `brand_name`, `brand_logo`, `brand_desc`, `site_url`, `sort_order`, `is_show` ) VALUES  ('8', 'LG', '1240803526904622792.gif', '官方咨询电话：4008199999\n售后网点：http://www.lg.com.cn/front.support.svccenter.retrieveCenter.laf?hrefId=9 ', 'http://cn.wowlg.com', '50', '1');
INSERT INTO `ecs_brand` ( `brand_id`, `brand_name`, `brand_logo`, `brand_desc`, `site_url`, `sort_order`, `is_show` ) VALUES  ('9', '联想', '1240803578417877983.gif', '官方咨询电话：4008188818\n售后网点：http://www.lenovomobile.com/service/kf-wanglou.asp', 'http://www.lenovomobile.com/', '50', '1');
INSERT INTO `ecs_brand` ( `brand_id`, `brand_name`, `brand_logo`, `brand_desc`, `site_url`, `sort_order`, `is_show` ) VALUES  ('10', '金立', '', '官方咨询电话：4007796666\n售后网点：http://www.gionee.net/service.asp ', 'http://www.gionee.net', '50', '1');
INSERT INTO `ecs_brand` ( `brand_id`, `brand_name`, `brand_logo`, `brand_desc`, `site_url`, `sort_order`, `is_show` ) VALUES  ('11', '  恒基伟业', '1240803736391383580.gif', '官方咨询电话：4008899126\n售后网点：http://www.htwchina.com/htwt/wexiu.shtml ', 'http://www.htwchina.com', '50', '1');
DROP TABLE IF EXISTS `ecs_card`;
CREATE TABLE `ecs_card` (
  `card_id` tinyint(3) unsigned NOT NULL auto_increment,
  `card_name` varchar(120) NOT NULL default '',
  `card_img` varchar(255) NOT NULL default '',
  `card_fee` decimal(6,2) unsigned NOT NULL default '0.00',
  `free_money` decimal(6,2) unsigned NOT NULL default '0.00',
  `card_desc` varchar(255) NOT NULL default '',
  PRIMARY KEY  (`card_id`)
) ENGINE=MyISAM DEFAULT CHARSET=utf8;
INSERT INTO `ecs_card` ( `card_id`, `card_name`, `card_img`, `card_fee`, `free_money`, `card_desc` ) VALUES  ('1', '祝福贺卡', '1242108754847457261.jpg', '5.00', '1000.00', '把您的祝福带给您身边的人');
DROP TABLE IF EXISTS `ecs_cart`;
CREATE TABLE `ecs_cart` (
  `rec_id` mediumint(8) unsigned NOT NULL auto_increment,
  `user_id` mediumint(8) unsigned NOT NULL default '0',
  `session_id` char(32) character set utf8 collate utf8_bin NOT NULL default '',
  `goods_id` mediumint(8) unsigned NOT NULL default '0',
  `goods_sn` varchar(60) NOT NULL default '',
  `product_id` mediumint(8) unsigned NOT NULL default '0',
  `goods_name` varchar(120) NOT NULL default '',
  `market_price` decimal(10,2) unsigned NOT NULL default '0.00',
  `goods_price` decimal(10,2) NOT NULL default '0.00',
  `goods_number` smallint(5) unsigned NOT NULL default '0',
  `goods_attr` text NOT NULL,
  `is_real` tinyint(1) unsigned NOT NULL default '0',
  `extension_code` varchar(30) NOT NULL default '',
  `parent_id` mediumint(8) unsigned NOT NULL default '0',
  `rec_type` tinyint(1) unsigned NOT NULL default '0',
  `is_gift` smallint(5) unsigned NOT NULL default '0',
  `is_shipping` tinyint(1) unsigned NOT NULL default '0',
  `can_handsel` tinyint(3) unsigned NOT NULL default '0',
  `goods_attr_id` varchar(255) NOT NULL default '',
  PRIMARY KEY  (`rec_id`),
  KEY `session_id` (`session_id`)
) ENGINE=MyISAM DEFAULT CHARSET=utf8;
DROP TABLE IF EXISTS `ecs_cat_recommend`;
CREATE TABLE `ecs_cat_recommend` (
  `cat_id` smallint(5) NOT NULL,
  `recommend_type` tinyint(1) NOT NULL,
  PRIMARY KEY  (`cat_id`,`recommend_type`)
) ENGINE=MyISAM DEFAULT CHARSET=utf8;
INSERT INTO `ecs_cat_recommend` ( `cat_id`, `recommend_type` ) VALUES  ('3', '1');
INSERT INTO `ecs_cat_recommend` ( `cat_id`, `recommend_type` ) VALUES  ('5', '1');
INSERT INTO `ecs_cat_recommend` ( `cat_id`, `recommend_type` ) VALUES  ('5', '2');
INSERT INTO `ecs_cat_recommend` ( `cat_id`, `recommend_type` ) VALUES  ('5', '3');
INSERT INTO `ecs_cat_recommend` ( `cat_id`, `recommend_type` ) VALUES  ('6', '1');
INSERT INTO `ecs_cat_recommend` ( `cat_id`, `recommend_type` ) VALUES  ('8', '2');
INSERT INTO `ecs_cat_recommend` ( `cat_id`, `recommend_type` ) VALUES  ('12', '1');
INSERT INTO `ecs_cat_recommend` ( `cat_id`, `recommend_type` ) VALUES  ('12', '2');
INSERT INTO `ecs_cat_recommend` ( `cat_id`, `recommend_type` ) VALUES  ('12', '3');
INSERT INTO `ecs_cat_recommend` ( `cat_id`, `recommend_type` ) VALUES  ('13', '3');
INSERT INTO `ecs_cat_recommend` ( `cat_id`, `recommend_type` ) VALUES  ('14', '2');
INSERT INTO `ecs_cat_recommend` ( `cat_id`, `recommend_type` ) VALUES  ('14', '3');
INSERT INTO `ecs_cat_recommend` ( `cat_id`, `recommend_type` ) VALUES  ('15', '1');
INSERT INTO `ecs_cat_recommend` ( `cat_id`, `recommend_type` ) VALUES  ('15', '2');
DROP TABLE IF EXISTS `ecs_category`;
CREATE TABLE `ecs_category` (
  `cat_id` smallint(5) unsigned NOT NULL auto_increment,
  `cat_name` varchar(90) NOT NULL default '',
  `keywords` varchar(255) NOT NULL default '',
  `cat_desc` varchar(255) NOT NULL default '',
  `parent_id` smallint(5) unsigned NOT NULL default '0',
  `sort_order` tinyint(1) unsigned NOT NULL default '50',
  `template_file` varchar(50) NOT NULL default '',
  `measure_unit` varchar(15) NOT NULL default '',
  `show_in_nav` tinyint(1) NOT NULL default '0',
  `style` varchar(150) NOT NULL,
  `is_show` tinyint(1) unsigned NOT NULL default '1',
  `grade` tinyint(4) NOT NULL default '0',
  `filter_attr` varchar(255) NOT NULL default '0',
  PRIMARY KEY  (`cat_id`),
  KEY `parent_id` (`parent_id`)
) ENGINE=MyISAM DEFAULT CHARSET=utf8;
INSERT INTO `ecs_category` ( `cat_id`, `cat_name`, `keywords`, `cat_desc`, `parent_id`, `sort_order`, `template_file`, `measure_unit`, `show_in_nav`, `style`, `is_show`, `grade`, `filter_attr` ) VALUES  ('1', '卧房', '', '', '0', '50', '', '', '1', '', '1', '5', '172,185,178');
INSERT INTO `ecs_category` ( `cat_id`, `cat_name`, `keywords`, `cat_desc`, `parent_id`, `sort_order`, `template_file`, `measure_unit`, `show_in_nav`, `style`, `is_show`, `grade`, `filter_attr` ) VALUES  ('2', '米兰范儿卧房', '', '', '1', '50', '', '', '0', '', '1', '0', '6');
INSERT INTO `ecs_category` ( `cat_id`, `cat_name`, `keywords`, `cat_desc`, `parent_id`, `sort_order`, `template_file`, `measure_unit`, `show_in_nav`, `style`, `is_show`, `grade`, `filter_attr` ) VALUES  ('3', '整体衣柜', '', '', '1', '50', '', '台', '1', '', '1', '4', '185,189,173,178');
INSERT INTO `ecs_category` ( `cat_id`, `cat_name`, `keywords`, `cat_desc`, `parent_id`, `sort_order`, `template_file`, `measure_unit`, `show_in_nav`, `style`, `is_show`, `grade`, `filter_attr` ) VALUES  ('4', '衣帽间', '', '', '1', '50', '', '', '1', '', '1', '0', '28');
INSERT INTO `ecs_category` ( `cat_id`, `cat_name`, `keywords`, `cat_desc`, `parent_id`, `sort_order`, `template_file`, `measure_unit`, `show_in_nav`, `style`, `is_show`, `grade`, `filter_attr` ) VALUES  ('5', '定制床', '', '', '1', '50', '', '', '0', '', '1', '5', '18');
INSERT INTO `ecs_category` ( `cat_id`, `cat_name`, `keywords`, `cat_desc`, `parent_id`, `sort_order`, `template_file`, `measure_unit`, `show_in_nav`, `style`, `is_show`, `grade`, `filter_attr` ) VALUES  ('6', '书房', '', '', '0', '50', '', '', '0', '', '1', '0', '');
INSERT INTO `ecs_category` ( `cat_id`, `cat_name`, `keywords`, `cat_desc`, `parent_id`, `sort_order`, `template_file`, `measure_unit`, `show_in_nav`, `style`, `is_show`, `grade`, `filter_attr` ) VALUES  ('7', '直角书桌组合', '', '', '6', '50', '', '', '0', '', '1', '0', '');
INSERT INTO `ecs_category` ( `cat_id`, `cat_name`, `keywords`, `cat_desc`, `parent_id`, `sort_order`, `template_file`, `measure_unit`, `show_in_nav`, `style`, `is_show`, `grade`, `filter_attr` ) VALUES  ('8', '书柜组合', '', '', '6', '50', '', '', '0', '', '1', '0', '');
INSERT INTO `ecs_category` ( `cat_id`, `cat_name`, `keywords`, `cat_desc`, `parent_id`, `sort_order`, `template_file`, `measure_unit`, `show_in_nav`, `style`, `is_show`, `grade`, `filter_attr` ) VALUES  ('9', '韩式田园书房', '', '', '6', '50', '', '', '0', '', '1', '0', '');
INSERT INTO `ecs_category` ( `cat_id`, `cat_name`, `keywords`, `cat_desc`, `parent_id`, `sort_order`, `template_file`, `measure_unit`, `show_in_nav`, `style`, `is_show`, `grade`, `filter_attr` ) VALUES  ('11', '榻榻米', '', '', '6', '50', '', '', '0', '', '1', '0', '');
INSERT INTO `ecs_category` ( `cat_id`, `cat_name`, `keywords`, `cat_desc`, `parent_id`, `sort_order`, `template_file`, `measure_unit`, `show_in_nav`, `style`, `is_show`, `grade`, `filter_attr` ) VALUES  ('12', '充值卡', '', '', '0', '50', '', '', '0', '', '0', '0', '0');
INSERT INTO `ecs_category` ( `cat_id`, `cat_name`, `keywords`, `cat_desc`, `parent_id`, `sort_order`, `template_file`, `measure_unit`, `show_in_nav`, `style`, `is_show`, `grade`, `filter_attr` ) VALUES  ('13', '小灵通/固话充值卡', '', '', '12', '50', '', '', '0', '', '0', '0', '0');
INSERT INTO `ecs_category` ( `cat_id`, `cat_name`, `keywords`, `cat_desc`, `parent_id`, `sort_order`, `template_file`, `measure_unit`, `show_in_nav`, `style`, `is_show`, `grade`, `filter_attr` ) VALUES  ('14', '移动手机充值卡', '', '', '12', '50', '', '', '0', '', '0', '0', '0');
INSERT INTO `ecs_category` ( `cat_id`, `cat_name`, `keywords`, `cat_desc`, `parent_id`, `sort_order`, `template_file`, `measure_unit`, `show_in_nav`, `style`, `is_show`, `grade`, `filter_attr` ) VALUES  ('15', '联通手机充值卡', '', '', '12', '50', '', '', '0', '', '0', '0', '0');
INSERT INTO `ecs_category` ( `cat_id`, `cat_name`, `keywords`, `cat_desc`, `parent_id`, `sort_order`, `template_file`, `measure_unit`, `show_in_nav`, `style`, `is_show`, `grade`, `filter_attr` ) VALUES  ('20', '青少年房', '', '', '0', '50', '', '', '0', '', '1', '0', '');
INSERT INTO `ecs_category` ( `cat_id`, `cat_name`, `keywords`, `cat_desc`, `parent_id`, `sort_order`, `template_file`, `measure_unit`, `show_in_nav`, `style`, `is_show`, `grade`, `filter_attr` ) VALUES  ('21', '客餐厅', '', '', '0', '50', '', '', '0', '', '1', '0', '');
INSERT INTO `ecs_category` ( `cat_id`, `cat_name`, `keywords`, `cat_desc`, `parent_id`, `sort_order`, `template_file`, `measure_unit`, `show_in_nav`, `style`, `is_show`, `grade`, `filter_attr` ) VALUES  ('22', '厨房', '', '', '0', '50', '', '', '0', '', '1', '0', '');
INSERT INTO `ecs_category` ( `cat_id`, `cat_name`, `keywords`, `cat_desc`, `parent_id`, `sort_order`, `template_file`, `measure_unit`, `show_in_nav`, `style`, `is_show`, `grade`, `filter_attr` ) VALUES  ('23', '运动户外', '', '', '0', '50', '', '', '0', '', '0', '0', '');
INSERT INTO `ecs_category` ( `cat_id`, `cat_name`, `keywords`, `cat_desc`, `parent_id`, `sort_order`, `template_file`, `measure_unit`, `show_in_nav`, `style`, `is_show`, `grade`, `filter_attr` ) VALUES  ('26', 'L型', '', '', '22', '50', '', '', '0', '', '1', '0', '');
INSERT INTO `ecs_category` ( `cat_id`, `cat_name`, `keywords`, `cat_desc`, `parent_id`, `sort_order`, `template_file`, `measure_unit`, `show_in_nav`, `style`, `is_show`, `grade`, `filter_attr` ) VALUES  ('27', 'U型', '', '', '22', '50', '', '', '0', '', '1', '0', '');
INSERT INTO `ecs_category` ( `cat_id`, `cat_name`, `keywords`, `cat_desc`, `parent_id`, `sort_order`, `template_file`, `measure_unit`, `show_in_nav`, `style`, `is_show`, `grade`, `filter_attr` ) VALUES  ('28', '新实用厨房', '', '', '22', '50', '', '', '0', '', '1', '0', '');
INSERT INTO `ecs_category` ( `cat_id`, `cat_name`, `keywords`, `cat_desc`, `parent_id`, `sort_order`, `template_file`, `measure_unit`, `show_in_nav`, `style`, `is_show`, `grade`, `filter_attr` ) VALUES  ('29', '一字型', '', '', '22', '50', '', '', '0', '', '1', '0', '');
INSERT INTO `ecs_category` ( `cat_id`, `cat_name`, `keywords`, `cat_desc`, `parent_id`, `sort_order`, `template_file`, `measure_unit`, `show_in_nav`, `style`, `is_show`, `grade`, `filter_attr` ) VALUES  ('30', '床组合', '', '', '20', '50', '', '', '0', '', '1', '0', '');
INSERT INTO `ecs_category` ( `cat_id`, `cat_name`, `keywords`, `cat_desc`, `parent_id`, `sort_order`, `template_file`, `measure_unit`, `show_in_nav`, `style`, `is_show`, `grade`, `filter_attr` ) VALUES  ('31', '飘窗学习区', '', '', '20', '50', '', '', '0', '', '1', '0', '');
INSERT INTO `ecs_category` ( `cat_id`, `cat_name`, `keywords`, `cat_desc`, `parent_id`, `sort_order`, `template_file`, `measure_unit`, `show_in_nav`, `style`, `is_show`, `grade`, `filter_attr` ) VALUES  ('32', '储物间', '', '', '20', '50', '', '', '0', '', '1', '0', '');
INSERT INTO `ecs_category` ( `cat_id`, `cat_name`, `keywords`, `cat_desc`, `parent_id`, `sort_order`, `template_file`, `measure_unit`, `show_in_nav`, `style`, `is_show`, `grade`, `filter_attr` ) VALUES  ('33', '餐柜组合', '', '', '21', '50', '', '', '0', '', '1', '0', '');
INSERT INTO `ecs_category` ( `cat_id`, `cat_name`, `keywords`, `cat_desc`, `parent_id`, `sort_order`, `template_file`, `measure_unit`, `show_in_nav`, `style`, `is_show`, `grade`, `filter_attr` ) VALUES  ('34', '羽绒服', '', '', '21', '50', '', '', '0', '', '1', '0', '');
INSERT INTO `ecs_category` ( `cat_id`, `cat_name`, `keywords`, `cat_desc`, `parent_id`, `sort_order`, `template_file`, `measure_unit`, `show_in_nav`, `style`, `is_show`, `grade`, `filter_attr` ) VALUES  ('37', '运动鞋', '', '', '23', '50', '', '', '0', '', '1', '0', '');
INSERT INTO `ecs_category` ( `cat_id`, `cat_name`, `keywords`, `cat_desc`, `parent_id`, `sort_order`, `template_file`, `measure_unit`, `show_in_nav`, `style`, `is_show`, `grade`, `filter_attr` ) VALUES  ('38', '运动包', '', '', '23', '50', '', '', '0', '', '1', '0', '');
INSERT INTO `ecs_category` ( `cat_id`, `cat_name`, `keywords`, `cat_desc`, `parent_id`, `sort_order`, `template_file`, `measure_unit`, `show_in_nav`, `style`, `is_show`, `grade`, `filter_attr` ) VALUES  ('39', '原装电池', '', '', '9', '50', '', '', '0', '', '1', '0', '');
INSERT INTO `ecs_category` ( `cat_id`, `cat_name`, `keywords`, `cat_desc`, `parent_id`, `sort_order`, `template_file`, `measure_unit`, `show_in_nav`, `style`, `is_show`, `grade`, `filter_attr` ) VALUES  ('40', '电池测试2', '', '', '9', '50', '', '', '0', '', '1', '0', '');
INSERT INTO `ecs_category` ( `cat_id`, `cat_name`, `keywords`, `cat_desc`, `parent_id`, `sort_order`, `template_file`, `measure_unit`, `show_in_nav`, `style`, `is_show`, `grade`, `filter_attr` ) VALUES  ('41', '测试数据', '', '', '9', '50', '', '', '0', '', '1', '0', '');
INSERT INTO `ecs_category` ( `cat_id`, `cat_name`, `keywords`, `cat_desc`, `parent_id`, `sort_order`, `template_file`, `measure_unit`, `show_in_nav`, `style`, `is_show`, `grade`, `filter_attr` ) VALUES  ('79', '英伦晴风', '', '', '22', '50', '', '', '0', '', '1', '0', '');
INSERT INTO `ecs_category` ( `cat_id`, `cat_name`, `keywords`, `cat_desc`, `parent_id`, `sort_order`, `template_file`, `measure_unit`, `show_in_nav`, `style`, `is_show`, `grade`, `filter_attr` ) VALUES  ('45', '测试数据4', '', '', '7', '50', '', '', '0', '', '1', '0', '');
INSERT INTO `ecs_category` ( `cat_id`, `cat_name`, `keywords`, `cat_desc`, `parent_id`, `sort_order`, `template_file`, `measure_unit`, `show_in_nav`, `style`, `is_show`, `grade`, `filter_attr` ) VALUES  ('46', '测试数据5', '', '', '7', '50', '', '', '0', '', '1', '0', '');
INSERT INTO `ecs_category` ( `cat_id`, `cat_name`, `keywords`, `cat_desc`, `parent_id`, `sort_order`, `template_file`, `measure_unit`, `show_in_nav`, `style`, `is_show`, `grade`, `filter_attr` ) VALUES  ('47', '测试数据6', '', '', '8', '50', '', '', '0', '', '1', '0', '');
INSERT INTO `ecs_category` ( `cat_id`, `cat_name`, `keywords`, `cat_desc`, `parent_id`, `sort_order`, `template_file`, `measure_unit`, `show_in_nav`, `style`, `is_show`, `grade`, `filter_attr` ) VALUES  ('48', '测试数据7', '', '', '8', '50', '', '', '0', '', '1', '0', '');
INSERT INTO `ecs_category` ( `cat_id`, `cat_name`, `keywords`, `cat_desc`, `parent_id`, `sort_order`, `template_file`, `measure_unit`, `show_in_nav`, `style`, `is_show`, `grade`, `filter_attr` ) VALUES  ('49', '测试数据1', '', '', '3', '50', '', '', '0', '', '1', '0', '');
INSERT INTO `ecs_category` ( `cat_id`, `cat_name`, `keywords`, `cat_desc`, `parent_id`, `sort_order`, `template_file`, `measure_unit`, `show_in_nav`, `style`, `is_show`, `grade`, `filter_attr` ) VALUES  ('50', '测试数据2', '', '', '3', '50', '', '', '0', '', '1', '0', '');
INSERT INTO `ecs_category` ( `cat_id`, `cat_name`, `keywords`, `cat_desc`, `parent_id`, `sort_order`, `template_file`, `measure_unit`, `show_in_nav`, `style`, `is_show`, `grade`, `filter_attr` ) VALUES  ('51', '测试数据3', '', '', '3', '50', '', '', '0', '', '1', '0', '');
INSERT INTO `ecs_category` ( `cat_id`, `cat_name`, `keywords`, `cat_desc`, `parent_id`, `sort_order`, `template_file`, `measure_unit`, `show_in_nav`, `style`, `is_show`, `grade`, `filter_attr` ) VALUES  ('52', '测试数据4', '', '', '3', '50', '', '', '0', '', '1', '0', '');
INSERT INTO `ecs_category` ( `cat_id`, `cat_name`, `keywords`, `cat_desc`, `parent_id`, `sort_order`, `template_file`, `measure_unit`, `show_in_nav`, `style`, `is_show`, `grade`, `filter_attr` ) VALUES  ('53', '测试数据1', '', '', '4', '50', '', '', '0', '', '1', '0', '');
INSERT INTO `ecs_category` ( `cat_id`, `cat_name`, `keywords`, `cat_desc`, `parent_id`, `sort_order`, `template_file`, `measure_unit`, `show_in_nav`, `style`, `is_show`, `grade`, `filter_attr` ) VALUES  ('54', '测试数据2', '', '', '4', '50', '', '', '0', '', '1', '0', '');
INSERT INTO `ecs_category` ( `cat_id`, `cat_name`, `keywords`, `cat_desc`, `parent_id`, `sort_order`, `template_file`, `measure_unit`, `show_in_nav`, `style`, `is_show`, `grade`, `filter_attr` ) VALUES  ('55', '测试数据3', '', '', '4', '50', '', '', '0', '', '1', '0', '');
INSERT INTO `ecs_category` ( `cat_id`, `cat_name`, `keywords`, `cat_desc`, `parent_id`, `sort_order`, `template_file`, `measure_unit`, `show_in_nav`, `style`, `is_show`, `grade`, `filter_attr` ) VALUES  ('65', '衣柜组合', '', '', '20', '50', '', '', '0', '', '1', '0', '');
INSERT INTO `ecs_category` ( `cat_id`, `cat_name`, `keywords`, `cat_desc`, `parent_id`, `sort_order`, `template_file`, `measure_unit`, `show_in_nav`, `style`, `is_show`, `grade`, `filter_attr` ) VALUES  ('58', '测试数据1', '', '', '2', '50', '', '', '0', '', '1', '0', '');
INSERT INTO `ecs_category` ( `cat_id`, `cat_name`, `keywords`, `cat_desc`, `parent_id`, `sort_order`, `template_file`, `measure_unit`, `show_in_nav`, `style`, `is_show`, `grade`, `filter_attr` ) VALUES  ('59', '测试数据2', '', '', '2', '50', '', '', '0', '', '1', '0', '');
INSERT INTO `ecs_category` ( `cat_id`, `cat_name`, `keywords`, `cat_desc`, `parent_id`, `sort_order`, `template_file`, `measure_unit`, `show_in_nav`, `style`, `is_show`, `grade`, `filter_attr` ) VALUES  ('60', '测试数据3', '', '', '2', '50', '', '', '0', '', '1', '0', '');
INSERT INTO `ecs_category` ( `cat_id`, `cat_name`, `keywords`, `cat_desc`, `parent_id`, `sort_order`, `template_file`, `measure_unit`, `show_in_nav`, `style`, `is_show`, `grade`, `filter_attr` ) VALUES  ('82', '测试数据4', '', '', '2', '50', '', '', '0', '', '1', '0', '');
INSERT INTO `ecs_category` ( `cat_id`, `cat_name`, `keywords`, `cat_desc`, `parent_id`, `sort_order`, `template_file`, `measure_unit`, `show_in_nav`, `style`, `is_show`, `grade`, `filter_attr` ) VALUES  ('62', '建材', '', '', '0', '50', '', '', '0', '', '1', '0', '');
INSERT INTO `ecs_category` ( `cat_id`, `cat_name`, `keywords`, `cat_desc`, `parent_id`, `sort_order`, `template_file`, `measure_unit`, `show_in_nav`, `style`, `is_show`, `grade`, `filter_attr` ) VALUES  ('63', '卫浴用品', '', '', '62', '50', '', '', '0', '', '1', '0', '');
INSERT INTO `ecs_category` ( `cat_id`, `cat_name`, `keywords`, `cat_desc`, `parent_id`, `sort_order`, `template_file`, `measure_unit`, `show_in_nav`, `style`, `is_show`, `grade`, `filter_attr` ) VALUES  ('64', '灯饰照明', '', '', '62', '50', '', '', '0', '', '1', '0', '');
INSERT INTO `ecs_category` ( `cat_id`, `cat_name`, `keywords`, `cat_desc`, `parent_id`, `sort_order`, `template_file`, `measure_unit`, `show_in_nav`, `style`, `is_show`, `grade`, `filter_attr` ) VALUES  ('66', '风衣', '', '', '20', '50', '', '', '0', '', '0', '0', '');
INSERT INTO `ecs_category` ( `cat_id`, `cat_name`, `keywords`, `cat_desc`, `parent_id`, `sort_order`, `template_file`, `measure_unit`, `show_in_nav`, `style`, `is_show`, `grade`, `filter_attr` ) VALUES  ('67', '榻榻米', '', '', '20', '50', '', '', '0', '', '1', '0', '');
INSERT INTO `ecs_category` ( `cat_id`, `cat_name`, `keywords`, `cat_desc`, `parent_id`, `sort_order`, `template_file`, `measure_unit`, `show_in_nav`, `style`, `is_show`, `grade`, `filter_attr` ) VALUES  ('68', '上下床组合', '', '', '20', '50', '', '', '0', '', '1', '0', '');
INSERT INTO `ecs_category` ( `cat_id`, `cat_name`, `keywords`, `cat_desc`, `parent_id`, `sort_order`, `template_file`, `measure_unit`, `show_in_nav`, `style`, `is_show`, `grade`, `filter_attr` ) VALUES  ('69', '飘窗利用', '', '', '1', '50', '', '', '0', '', '1', '0', '');
INSERT INTO `ecs_category` ( `cat_id`, `cat_name`, `keywords`, `cat_desc`, `parent_id`, `sort_order`, `template_file`, `measure_unit`, `show_in_nav`, `style`, `is_show`, `grade`, `filter_attr` ) VALUES  ('70', '绕线器', '', '', '6', '50', '', '', '0', '', '0', '0', '');
INSERT INTO `ecs_category` ( `cat_id`, `cat_name`, `keywords`, `cat_desc`, `parent_id`, `sort_order`, `template_file`, `measure_unit`, `show_in_nav`, `style`, `is_show`, `grade`, `filter_attr` ) VALUES  ('71', '多功能床', '', '', '6', '50', '', '', '0', '', '1', '0', '');
INSERT INTO `ecs_category` ( `cat_id`, `cat_name`, `keywords`, `cat_desc`, `parent_id`, `sort_order`, `template_file`, `measure_unit`, `show_in_nav`, `style`, `is_show`, `grade`, `filter_attr` ) VALUES  ('72', '转角书桌组合', '', '', '6', '50', '', '', '0', '', '1', '0', '');
INSERT INTO `ecs_category` ( `cat_id`, `cat_name`, `keywords`, `cat_desc`, `parent_id`, `sort_order`, `template_file`, `measure_unit`, `show_in_nav`, `style`, `is_show`, `grade`, `filter_attr` ) VALUES  ('73', '针织衫', '', '', '21', '50', '', '', '0', '', '0', '0', '');
INSERT INTO `ecs_category` ( `cat_id`, `cat_name`, `keywords`, `cat_desc`, `parent_id`, `sort_order`, `template_file`, `measure_unit`, `show_in_nav`, `style`, `is_show`, `grade`, `filter_attr` ) VALUES  ('74', '餐桌组合', '', '', '21', '50', '', '', '0', '', '1', '0', '');
INSERT INTO `ecs_category` ( `cat_id`, `cat_name`, `keywords`, `cat_desc`, `parent_id`, `sort_order`, `template_file`, `measure_unit`, `show_in_nav`, `style`, `is_show`, `grade`, `filter_attr` ) VALUES  ('75', '隔断柜组合', '', '', '21', '50', '', '', '0', '', '1', '0', '');
INSERT INTO `ecs_category` ( `cat_id`, `cat_name`, `keywords`, `cat_desc`, `parent_id`, `sort_order`, `template_file`, `measure_unit`, `show_in_nav`, `style`, `is_show`, `grade`, `filter_attr` ) VALUES  ('76', '牛仔裤', '', '', '21', '50', '', '', '0', '', '0', '0', '');
INSERT INTO `ecs_category` ( `cat_id`, `cat_name`, `keywords`, `cat_desc`, `parent_id`, `sort_order`, `template_file`, `measure_unit`, `show_in_nav`, `style`, `is_show`, `grade`, `filter_attr` ) VALUES  ('77', '沙发茶几组合', '', '', '21', '50', '', '', '0', '', '1', '0', '');
INSERT INTO `ecs_category` ( `cat_id`, `cat_name`, `keywords`, `cat_desc`, `parent_id`, `sort_order`, `template_file`, `measure_unit`, `show_in_nav`, `style`, `is_show`, `grade`, `filter_attr` ) VALUES  ('78', '吧台组合', '', '', '21', '50', '', '', '0', '', '1', '0', '');
INSERT INTO `ecs_category` ( `cat_id`, `cat_name`, `keywords`, `cat_desc`, `parent_id`, `sort_order`, `template_file`, `measure_unit`, `show_in_nav`, `style`, `is_show`, `grade`, `filter_attr` ) VALUES  ('83', '测试数据5', '', '', '2', '50', '', '', '0', '', '1', '0', '');
INSERT INTO `ecs_category` ( `cat_id`, `cat_name`, `keywords`, `cat_desc`, `parent_id`, `sort_order`, `template_file`, `measure_unit`, `show_in_nav`, `style`, `is_show`, `grade`, `filter_attr` ) VALUES  ('81', '测试', '', '', '0', '50', '', '', '0', '', '0', '0', '');
INSERT INTO `ecs_category` ( `cat_id`, `cat_name`, `keywords`, `cat_desc`, `parent_id`, `sort_order`, `template_file`, `measure_unit`, `show_in_nav`, `style`, `is_show`, `grade`, `filter_attr` ) VALUES  ('84', '测试数据6', '', '', '2', '50', '', '', '0', '', '1', '0', '');
INSERT INTO `ecs_category` ( `cat_id`, `cat_name`, `keywords`, `cat_desc`, `parent_id`, `sort_order`, `template_file`, `measure_unit`, `show_in_nav`, `style`, `is_show`, `grade`, `filter_attr` ) VALUES  ('85', '测试数据7', '', '', '2', '50', '', '', '0', '', '1', '0', '');
INSERT INTO `ecs_category` ( `cat_id`, `cat_name`, `keywords`, `cat_desc`, `parent_id`, `sort_order`, `template_file`, `measure_unit`, `show_in_nav`, `style`, `is_show`, `grade`, `filter_attr` ) VALUES  ('87', '测试数据8', '', '', '2', '50', '', '', '0', '', '1', '0', '');
INSERT INTO `ecs_category` ( `cat_id`, `cat_name`, `keywords`, `cat_desc`, `parent_id`, `sort_order`, `template_file`, `measure_unit`, `show_in_nav`, `style`, `is_show`, `grade`, `filter_attr` ) VALUES  ('88', '测试数据1', '', '', '5', '50', '', '', '0', '', '1', '0', '');
INSERT INTO `ecs_category` ( `cat_id`, `cat_name`, `keywords`, `cat_desc`, `parent_id`, `sort_order`, `template_file`, `measure_unit`, `show_in_nav`, `style`, `is_show`, `grade`, `filter_attr` ) VALUES  ('89', '测试数据2', '', '', '5', '50', '', '', '0', '', '1', '0', '');
INSERT INTO `ecs_category` ( `cat_id`, `cat_name`, `keywords`, `cat_desc`, `parent_id`, `sort_order`, `template_file`, `measure_unit`, `show_in_nav`, `style`, `is_show`, `grade`, `filter_attr` ) VALUES  ('90', '测试数据3', '', '', '0', '50', '', '', '0', '', '0', '0', '');
INSERT INTO `ecs_category` ( `cat_id`, `cat_name`, `keywords`, `cat_desc`, `parent_id`, `sort_order`, `template_file`, `measure_unit`, `show_in_nav`, `style`, `is_show`, `grade`, `filter_attr` ) VALUES  ('91', '测试数据1', '', '', '69', '50', '', '', '0', '', '1', '0', '');
INSERT INTO `ecs_category` ( `cat_id`, `cat_name`, `keywords`, `cat_desc`, `parent_id`, `sort_order`, `template_file`, `measure_unit`, `show_in_nav`, `style`, `is_show`, `grade`, `filter_attr` ) VALUES  ('92', '测试数据2', '', '', '69', '50', '', '', '0', '', '1', '0', '');
INSERT INTO `ecs_category` ( `cat_id`, `cat_name`, `keywords`, `cat_desc`, `parent_id`, `sort_order`, `template_file`, `measure_unit`, `show_in_nav`, `style`, `is_show`, `grade`, `filter_attr` ) VALUES  ('93', '测试数据3', '', '', '69', '50', '', '', '0', '', '1', '0', '');
INSERT INTO `ecs_category` ( `cat_id`, `cat_name`, `keywords`, `cat_desc`, `parent_id`, `sort_order`, `template_file`, `measure_unit`, `show_in_nav`, `style`, `is_show`, `grade`, `filter_attr` ) VALUES  ('94', '测试数据3', '', '', '5', '50', '', '', '0', '', '1', '0', '');
INSERT INTO `ecs_category` ( `cat_id`, `cat_name`, `keywords`, `cat_desc`, `parent_id`, `sort_order`, `template_file`, `measure_unit`, `show_in_nav`, `style`, `is_show`, `grade`, `filter_attr` ) VALUES  ('95', '测试数据9', '', '', '2', '50', '', '', '0', '', '1', '0', '');
DROP TABLE IF EXISTS `ecs_collect_goods`;
CREATE TABLE `ecs_collect_goods` (
  `rec_id` mediumint(8) unsigned NOT NULL auto_increment,
  `user_id` mediumint(8) unsigned NOT NULL default '0',
  `goods_id` mediumint(8) unsigned NOT NULL default '0',
  `add_time` int(11) unsigned NOT NULL default '0',
  `is_attention` tinyint(1) NOT NULL default '0',
  PRIMARY KEY  (`rec_id`),
  KEY `user_id` (`user_id`),
  KEY `goods_id` (`goods_id`),
  KEY `is_attention` (`is_attention`)
) ENGINE=MyISAM DEFAULT CHARSET=utf8;
INSERT INTO `ecs_collect_goods` ( `rec_id`, `user_id`, `goods_id`, `add_time`, `is_attention` ) VALUES  ('1', '6', '17', '1380269963', '0');
INSERT INTO `ecs_collect_goods` ( `rec_id`, `user_id`, `goods_id`, `add_time`, `is_attention` ) VALUES  ('2', '10', '32', '1400577234', '0');
DROP TABLE IF EXISTS `ecs_comment`;
CREATE TABLE `ecs_comment` (
  `comment_id` int(10) unsigned NOT NULL auto_increment,
  `comment_type` tinyint(3) unsigned NOT NULL default '0',
  `id_value` mediumint(8) unsigned NOT NULL default '0',
  `email` varchar(60) NOT NULL default '',
  `user_name` varchar(60) NOT NULL default '',
  `content` text NOT NULL,
  `comment_rank` tinyint(1) unsigned NOT NULL default '0',
  `add_time` int(10) unsigned NOT NULL default '0',
  `ip_address` varchar(15) NOT NULL default '',
  `status` tinyint(3) unsigned NOT NULL default '0',
  `parent_id` int(10) unsigned NOT NULL default '0',
  `user_id` int(10) unsigned NOT NULL default '0',
  PRIMARY KEY  (`comment_id`),
  KEY `parent_id` (`parent_id`),
  KEY `id_value` (`id_value`)
) ENGINE=MyISAM DEFAULT CHARSET=utf8;
INSERT INTO `ecs_comment` ( `comment_id`, `comment_type`, `id_value`, `email`, `user_name`, `content`, `comment_rank`, `add_time`, `ip_address`, `status`, `parent_id`, `user_id` ) VALUES  ('1', '0', '12', 'ecshop@ecshop.com', 'ecshop', '很好，我很喜欢', '5', '1242107120', '0.0.0.0', '1', '0', '1');
INSERT INTO `ecs_comment` ( `comment_id`, `comment_type`, `id_value`, `email`, `user_name`, `content`, `comment_rank`, `add_time`, `ip_address`, `status`, `parent_id`, `user_id` ) VALUES  ('2', '0', '22', 'ecshop@ecshop.com', 'ecshop', '这个我不是很适合我', '5', '1242107295', '0.0.0.0', '1', '0', '1');
INSERT INTO `ecs_comment` ( `comment_id`, `comment_type`, `id_value`, `email`, `user_name`, `content`, `comment_rank`, `add_time`, `ip_address`, `status`, `parent_id`, `user_id` ) VALUES  ('3', '0', '22', 'dsf@232.fdfd', '', 'dffddffd', '5', '1380265024', '127.0.0.1', '1', '0', '0');
INSERT INTO `ecs_comment` ( `comment_id`, `comment_type`, `id_value`, `email`, `user_name`, `content`, `comment_rank`, `add_time`, `ip_address`, `status`, `parent_id`, `user_id` ) VALUES  ('4', '0', '22', '222@qq.com', 'admin', '管理员测试回复', '0', '1380270084', '127.0.0.1', '0', '2', '0');
INSERT INTO `ecs_comment` ( `comment_id`, `comment_type`, `id_value`, `email`, `user_name`, `content`, `comment_rank`, `add_time`, `ip_address`, `status`, `parent_id`, `user_id` ) VALUES  ('5', '0', '17', '123@qq.com', 'admin2008', '测试数据', '5', '1381733336', '127.0.0.1', '1', '0', '6');
INSERT INTO `ecs_comment` ( `comment_id`, `comment_type`, `id_value`, `email`, `user_name`, `content`, `comment_rank`, `add_time`, `ip_address`, `status`, `parent_id`, `user_id` ) VALUES  ('6', '0', '24', 'asdf@sa.com', '', 'asdfasdf', '5', '1399645273', '127.0.0.1', '0', '0', '0');
INSERT INTO `ecs_comment` ( `comment_id`, `comment_type`, `id_value`, `email`, `user_name`, `content`, `comment_rank`, `add_time`, `ip_address`, `status`, `parent_id`, `user_id` ) VALUES  ('7', '0', '32', 'yang@qq.com', 'yangyue', 'jklfjldjflasd', '5', '1400577197', '127.0.0.1', '0', '0', '10');
INSERT INTO `ecs_comment` ( `comment_id`, `comment_type`, `id_value`, `email`, `user_name`, `content`, `comment_rank`, `add_time`, `ip_address`, `status`, `parent_id`, `user_id` ) VALUES  ('8', '0', '8', 'dfd@qq.com', '', 'wwerwerwer', '5', '1400740613', '127.0.0.1', '0', '0', '0');
INSERT INTO `ecs_comment` ( `comment_id`, `comment_type`, `id_value`, `email`, `user_name`, `content`, `comment_rank`, `add_time`, `ip_address`, `status`, `parent_id`, `user_id` ) VALUES  ('9', '0', '10', 'yangyue@qq.com', '', '不错的商品哦！', '5', '1402110990', '127.0.0.1', '1', '0', '0');
INSERT INTO `ecs_comment` ( `comment_id`, `comment_type`, `id_value`, `email`, `user_name`, `content`, `comment_rank`, `add_time`, `ip_address`, `status`, `parent_id`, `user_id` ) VALUES  ('10', '0', '10', 'yangyue@qq.com', '', '赞一下！', '5', '1402111109', '127.0.0.1', '1', '0', '0');
INSERT INTO `ecs_comment` ( `comment_id`, `comment_type`, `id_value`, `email`, `user_name`, `content`, `comment_rank`, `add_time`, `ip_address`, `status`, `parent_id`, `user_id` ) VALUES  ('11', '0', '32', 'yang@qq.com', 'yangyue', '不错的商品！', '5', '1402121971', '127.0.0.1', '1', '0', '10');
INSERT INTO `ecs_comment` ( `comment_id`, `comment_type`, `id_value`, `email`, `user_name`, `content`, `comment_rank`, `add_time`, `ip_address`, `status`, `parent_id`, `user_id` ) VALUES  ('12', '0', '32', 'yang@qq.com', 'yangyue', '赞一下~~', '5', '1402121989', '127.0.0.1', '0', '0', '10');
DROP TABLE IF EXISTS `ecs_crons`;
CREATE TABLE `ecs_crons` (
  `cron_id` tinyint(3) unsigned NOT NULL auto_increment,
  `cron_code` varchar(20) NOT NULL,
  `cron_name` varchar(120) NOT NULL,
  `cron_desc` text,
  `cron_order` tinyint(3) unsigned NOT NULL default '0',
  `cron_config` text NOT NULL,
  `thistime` int(10) NOT NULL default '0',
  `nextime` int(10) NOT NULL,
  `day` tinyint(2) NOT NULL,
  `week` varchar(1) NOT NULL,
  `hour` varchar(2) NOT NULL,
  `minute` varchar(255) NOT NULL,
  `enable` tinyint(1) NOT NULL default '1',
  `run_once` tinyint(1) NOT NULL default '0',
  `allow_ip` varchar(100) NOT NULL default '',
  `alow_files` varchar(255) NOT NULL,
  PRIMARY KEY  (`cron_id`),
  KEY `nextime` (`nextime`),
  KEY `enable` (`enable`),
  KEY `cron_code` (`cron_code`)
) ENGINE=MyISAM DEFAULT CHARSET=utf8;
DROP TABLE IF EXISTS `ecs_delivery_goods`;
CREATE TABLE `ecs_delivery_goods` (
  `rec_id` mediumint(8) unsigned NOT NULL auto_increment,
  `delivery_id` mediumint(8) unsigned NOT NULL default '0',
  `goods_id` mediumint(8) unsigned NOT NULL default '0',
  `product_id` mediumint(8) unsigned default '0',
  `product_sn` varchar(60) default NULL,
  `goods_name` varchar(120) default NULL,
  `brand_name` varchar(60) default NULL,
  `goods_sn` varchar(60) default NULL,
  `is_real` tinyint(1) unsigned default '0',
  `extension_code` varchar(30) default NULL,
  `parent_id` mediumint(8) unsigned default '0',
  `send_number` smallint(5) unsigned default '0',
  `goods_attr` text,
  PRIMARY KEY  (`rec_id`),
  KEY `delivery_id` (`delivery_id`,`goods_id`),
  KEY `goods_id` (`goods_id`)
) ENGINE=MyISAM DEFAULT CHARSET=utf8;
INSERT INTO `ecs_delivery_goods` ( `rec_id`, `delivery_id`, `goods_id`, `product_id`, `product_sn`, `goods_name`, `brand_name`, `goods_sn`, `is_real`, `extension_code`, `parent_id`, `send_number`, `goods_attr` ) VALUES  ('1', '1', '13', '0', '', '诺基亚5320 XpressMusic', '诺基亚', 'ECS000013', '1', '', '0', '3', '');
INSERT INTO `ecs_delivery_goods` ( `rec_id`, `delivery_id`, `goods_id`, `product_id`, `product_sn`, `goods_name`, `brand_name`, `goods_sn`, `is_real`, `extension_code`, `parent_id`, `send_number`, `goods_attr` ) VALUES  ('2', '1', '14', '0', '', '诺基亚5800XM', '诺基亚', 'ECS000014', '1', '', '0', '1', '');
INSERT INTO `ecs_delivery_goods` ( `rec_id`, `delivery_id`, `goods_id`, `product_id`, `product_sn`, `goods_name`, `brand_name`, `goods_sn`, `is_real`, `extension_code`, `parent_id`, `send_number`, `goods_attr` ) VALUES  ('3', '2', '24', '0', '', 'P806', '联想', 'ECS000024', '1', '', '0', '3', '');
INSERT INTO `ecs_delivery_goods` ( `rec_id`, `delivery_id`, `goods_id`, `product_id`, `product_sn`, `goods_name`, `brand_name`, `goods_sn`, `is_real`, `extension_code`, `parent_id`, `send_number`, `goods_attr` ) VALUES  ('4', '2', '9', '0', '', '诺基亚E66', '诺基亚', 'ECS000009', '1', '', '0', '1', '');
INSERT INTO `ecs_delivery_goods` ( `rec_id`, `delivery_id`, `goods_id`, `product_id`, `product_sn`, `goods_name`, `brand_name`, `goods_sn`, `is_real`, `extension_code`, `parent_id`, `send_number`, `goods_attr` ) VALUES  ('5', '3', '24', '0', '', 'P806', '联想', 'ECS000024', '1', '', '0', '1', '');
INSERT INTO `ecs_delivery_goods` ( `rec_id`, `delivery_id`, `goods_id`, `product_id`, `product_sn`, `goods_name`, `brand_name`, `goods_sn`, `is_real`, `extension_code`, `parent_id`, `send_number`, `goods_attr` ) VALUES  ('6', '3', '8', '0', '', '飞利浦9@9v', '飞利浦', 'ECS000008', '1', '', '0', '3', '');
INSERT INTO `ecs_delivery_goods` ( `rec_id`, `delivery_id`, `goods_id`, `product_id`, `product_sn`, `goods_name`, `brand_name`, `goods_sn`, `is_real`, `extension_code`, `parent_id`, `send_number`, `goods_attr` ) VALUES  ('7', '4', '12', '0', '', '摩托罗拉A810', '摩托罗拉', 'ECS000012', '1', '', '0', '2', '');
INSERT INTO `ecs_delivery_goods` ( `rec_id`, `delivery_id`, `goods_id`, `product_id`, `product_sn`, `goods_name`, `brand_name`, `goods_sn`, `is_real`, `extension_code`, `parent_id`, `send_number`, `goods_attr` ) VALUES  ('8', '5', '24', '0', '', 'P806', '联想', 'ECS000024', '1', '', '0', '1', '');
INSERT INTO `ecs_delivery_goods` ( `rec_id`, `delivery_id`, `goods_id`, `product_id`, `product_sn`, `goods_name`, `brand_name`, `goods_sn`, `is_real`, `extension_code`, `parent_id`, `send_number`, `goods_attr` ) VALUES  ('19', '10', '24', '2', '', 'P806', '联想', 'ECS000024', '1', '', '0', '1', '颜色:灰色 \n');
INSERT INTO `ecs_delivery_goods` ( `rec_id`, `delivery_id`, `goods_id`, `product_id`, `product_sn`, `goods_name`, `brand_name`, `goods_sn`, `is_real`, `extension_code`, `parent_id`, `send_number`, `goods_attr` ) VALUES  ('18', '10', '1', '14', '', 'KD876', 'LG', 'ECS000000', '1', '', '0', '1', '颜色:灰色 \n');
INSERT INTO `ecs_delivery_goods` ( `rec_id`, `delivery_id`, `goods_id`, `product_id`, `product_sn`, `goods_name`, `brand_name`, `goods_sn`, `is_real`, `extension_code`, `parent_id`, `send_number`, `goods_attr` ) VALUES  ('17', '10', '32', '1', '', '诺基亚N85', '诺基亚', 'ECS000032', '1', '', '0', '1', '颜色:黑色 \n');
INSERT INTO `ecs_delivery_goods` ( `rec_id`, `delivery_id`, `goods_id`, `product_id`, `product_sn`, `goods_name`, `brand_name`, `goods_sn`, `is_real`, `extension_code`, `parent_id`, `send_number`, `goods_attr` ) VALUES  ('13', '7', '22', '0', '', '多普达Touch HD', '多普达', 'ECS000022', '1', '', '0', '1', '');
INSERT INTO `ecs_delivery_goods` ( `rec_id`, `delivery_id`, `goods_id`, `product_id`, `product_sn`, `goods_name`, `brand_name`, `goods_sn`, `is_real`, `extension_code`, `parent_id`, `send_number`, `goods_attr` ) VALUES  ('14', '8', '9', '0', '', '诺基亚E66', '诺基亚', 'ECS000009', '1', '', '0', '3', '');
INSERT INTO `ecs_delivery_goods` ( `rec_id`, `delivery_id`, `goods_id`, `product_id`, `product_sn`, `goods_name`, `brand_name`, `goods_sn`, `is_real`, `extension_code`, `parent_id`, `send_number`, `goods_attr` ) VALUES  ('15', '8', '24', '0', '', 'P806', '联想', 'ECS000024', '1', '', '0', '1', '');
INSERT INTO `ecs_delivery_goods` ( `rec_id`, `delivery_id`, `goods_id`, `product_id`, `product_sn`, `goods_name`, `brand_name`, `goods_sn`, `is_real`, `extension_code`, `parent_id`, `send_number`, `goods_attr` ) VALUES  ('16', '9', '23', '0', '', '诺基亚N96', '诺基亚', 'ECS000023', '1', '', '0', '1', '附加配件: 原装电池 [+100]');
INSERT INTO `ecs_delivery_goods` ( `rec_id`, `delivery_id`, `goods_id`, `product_id`, `product_sn`, `goods_name`, `brand_name`, `goods_sn`, `is_real`, `extension_code`, `parent_id`, `send_number`, `goods_attr` ) VALUES  ('20', '10', '3', '0', '', '诺基亚原装5800耳机', '诺基亚', 'ECS000002', '1', '', '0', '5', '');
INSERT INTO `ecs_delivery_goods` ( `rec_id`, `delivery_id`, `goods_id`, `product_id`, `product_sn`, `goods_name`, `brand_name`, `goods_sn`, `is_real`, `extension_code`, `parent_id`, `send_number`, `goods_attr` ) VALUES  ('21', '11', '3', '0', '', 'ECSHOP模板中心68ecshop.com测试商品', '诺基亚', 'ECS000002', '1', '', '0', '1', '');
INSERT INTO `ecs_delivery_goods` ( `rec_id`, `delivery_id`, `goods_id`, `product_id`, `product_sn`, `goods_name`, `brand_name`, `goods_sn`, `is_real`, `extension_code`, `parent_id`, `send_number`, `goods_attr` ) VALUES  ('22', '12', '9', '11', '', 'ECSHOP模板中心68ecshop.com测试商品', '诺基亚', 'ECS000009', '1', '', '0', '1', '颜色:白色 \n');
INSERT INTO `ecs_delivery_goods` ( `rec_id`, `delivery_id`, `goods_id`, `product_id`, `product_sn`, `goods_name`, `brand_name`, `goods_sn`, `is_real`, `extension_code`, `parent_id`, `send_number`, `goods_attr` ) VALUES  ('23', '13', '32', '1', '', 'ECSHOP模板中心68ecshop.com测试商品', '诺基亚', 'ECS000032', '1', '', '0', '1', '配件:线控耳机[50] \n颜色:黑色 \n');
INSERT INTO `ecs_delivery_goods` ( `rec_id`, `delivery_id`, `goods_id`, `product_id`, `product_sn`, `goods_name`, `brand_name`, `goods_sn`, `is_real`, `extension_code`, `parent_id`, `send_number`, `goods_attr` ) VALUES  ('24', '14', '21', '4', '', 'ECSHOP模板中心68ecshop.com测试商品', '金立', 'ECS000021', '1', '', '0', '1', '颜色:黑色 \n');
INSERT INTO `ecs_delivery_goods` ( `rec_id`, `delivery_id`, `goods_id`, `product_id`, `product_sn`, `goods_name`, `brand_name`, `goods_sn`, `is_real`, `extension_code`, `parent_id`, `send_number`, `goods_attr` ) VALUES  ('25', '15', '22', '0', '', 'ECSHOP模板中心68ecshop.com测试商品', '多普达', 'ECS000022', '1', '', '0', '1', '颜色:黑色 \n');
INSERT INTO `ecs_delivery_goods` ( `rec_id`, `delivery_id`, `goods_id`, `product_id`, `product_sn`, `goods_name`, `brand_name`, `goods_sn`, `is_real`, `extension_code`, `parent_id`, `send_number`, `goods_attr` ) VALUES  ('26', '16', '31', '0', '', 'ECSHOP模板中心68ecshop.com测试商品', '摩托罗拉', 'ECS000031', '1', '', '0', '1', '');
INSERT INTO `ecs_delivery_goods` ( `rec_id`, `delivery_id`, `goods_id`, `product_id`, `product_sn`, `goods_name`, `brand_name`, `goods_sn`, `is_real`, `extension_code`, `parent_id`, `send_number`, `goods_attr` ) VALUES  ('27', '17', '10', '9', '', 'ECSHOP模板中心68ecshop.com测试商品', '索爱', 'ECS000010', '1', '', '0', '1', '颜色:黑色 \n');
DROP TABLE IF EXISTS `ecs_delivery_order`;
CREATE TABLE `ecs_delivery_order` (
  `delivery_id` mediumint(8) unsigned NOT NULL auto_increment,
  `delivery_sn` varchar(20) NOT NULL,
  `order_sn` varchar(20) NOT NULL,
  `order_id` mediumint(8) unsigned NOT NULL default '0',
  `invoice_no` varchar(50) default NULL,
  `add_time` int(10) unsigned default '0',
  `shipping_id` tinyint(3) unsigned default '0',
  `shipping_name` varchar(120) default NULL,
  `user_id` mediumint(8) unsigned default '0',
  `action_user` varchar(30) default NULL,
  `consignee` varchar(60) default NULL,
  `address` varchar(250) default NULL,
  `country` smallint(5) unsigned default '0',
  `province` smallint(5) unsigned default '0',
  `city` smallint(5) unsigned default '0',
  `district` smallint(5) unsigned default '0',
  `sign_building` varchar(120) default NULL,
  `email` varchar(60) default NULL,
  `zipcode` varchar(60) default NULL,
  `tel` varchar(60) default NULL,
  `mobile` varchar(60) default NULL,
  `best_time` varchar(120) default NULL,
  `postscript` varchar(255) default NULL,
  `how_oos` varchar(120) default NULL,
  `insure_fee` decimal(10,2) unsigned default '0.00',
  `shipping_fee` decimal(10,2) unsigned default '0.00',
  `update_time` int(10) unsigned default '0',
  `suppliers_id` smallint(5) default '0',
  `status` tinyint(1) unsigned NOT NULL default '0',
  `agency_id` smallint(5) unsigned default '0',
  PRIMARY KEY  (`delivery_id`),
  KEY `user_id` (`user_id`),
  KEY `order_id` (`order_id`)
) ENGINE=MyISAM DEFAULT CHARSET=utf8;
INSERT INTO `ecs_delivery_order` ( `delivery_id`, `delivery_sn`, `order_sn`, `order_id`, `invoice_no`, `add_time`, `shipping_id`, `shipping_name`, `user_id`, `action_user`, `consignee`, `address`, `country`, `province`, `city`, `district`, `sign_building`, `email`, `zipcode`, `tel`, `mobile`, `best_time`, `postscript`, `how_oos`, `insure_fee`, `shipping_fee`, `update_time`, `suppliers_id`, `status`, `agency_id` ) VALUES  ('1', '20090615054961769', '2009061585887', '15', '2009061585884', '1245044533', '3', '城际快递', '1', 'admin', '刘先生', '海兴大厦', '1', '2', '52', '502', '', 'ecshop@ecshop.com', '', '010-25851234', '13986765412', '', '', '等待所有商品备齐后再发', '0.00', '10.00', '1245044964', '2', '1', '0');
INSERT INTO `ecs_delivery_order` ( `delivery_id`, `delivery_sn`, `order_sn`, `order_id`, `invoice_no`, `add_time`, `shipping_id`, `shipping_name`, `user_id`, `action_user`, `consignee`, `address`, `country`, `province`, `city`, `district`, `sign_building`, `email`, `zipcode`, `tel`, `mobile`, `best_time`, `postscript`, `how_oos`, `insure_fee`, `shipping_fee`, `update_time`, `suppliers_id`, `status`, `agency_id` ) VALUES  ('2', '20090615055104671', '2009061585887', '15', '20090615', '1245044533', '3', '城际快递', '1', 'admin', '刘先生', '海兴大厦', '1', '2', '52', '502', '', 'ecshop@ecshop.com', '', '010-25851234', '13986765412', '', '', '等待所有商品备齐后再发', '0.00', '10.00', '1245045061', '1', '1', '0');
INSERT INTO `ecs_delivery_order` ( `delivery_id`, `delivery_sn`, `order_sn`, `order_id`, `invoice_no`, `add_time`, `shipping_id`, `shipping_name`, `user_id`, `action_user`, `consignee`, `address`, `country`, `province`, `city`, `district`, `sign_building`, `email`, `zipcode`, `tel`, `mobile`, `best_time`, `postscript`, `how_oos`, `insure_fee`, `shipping_fee`, `update_time`, `suppliers_id`, `status`, `agency_id` ) VALUES  ('3', '20090615055780744', '2009061585887', '15', '123232', '1245044533', '3', '城际快递', '1', 'admin', '刘先生', '海兴大厦', '1', '2', '52', '502', '', 'ecshop@ecshop.com', '', '010-25851234', '13986765412', '', '', '等待所有商品备齐后再发', '0.00', '10.00', '1245045443', '0', '1', '0');
INSERT INTO `ecs_delivery_order` ( `delivery_id`, `delivery_sn`, `order_sn`, `order_id`, `invoice_no`, `add_time`, `shipping_id`, `shipping_name`, `user_id`, `action_user`, `consignee`, `address`, `country`, `province`, `city`, `district`, `sign_building`, `email`, `zipcode`, `tel`, `mobile`, `best_time`, `postscript`, `how_oos`, `insure_fee`, `shipping_fee`, `update_time`, `suppliers_id`, `status`, `agency_id` ) VALUES  ('4', '20090615060281017', '2009061525429', '16', '2009061525121', '1245045672', '3', '城际快递', '1', 'admin', '刘先生', '海兴大厦', '1', '2', '52', '502', '', 'ecshop@ecshop.com', '', '010-25851234', '13986765412', '', '', '等待所有商品备齐后再发', '0.00', '10.00', '1245045723', '2', '0', '0');
INSERT INTO `ecs_delivery_order` ( `delivery_id`, `delivery_sn`, `order_sn`, `order_id`, `invoice_no`, `add_time`, `shipping_id`, `shipping_name`, `user_id`, `action_user`, `consignee`, `address`, `country`, `province`, `city`, `district`, `sign_building`, `email`, `zipcode`, `tel`, `mobile`, `best_time`, `postscript`, `how_oos`, `insure_fee`, `shipping_fee`, `update_time`, `suppliers_id`, `status`, `agency_id` ) VALUES  ('5', '20090615064331475', '2009061503335', '17', '00906150333512', '1245047978', '3', '城际快递', '1', 'admin', '刘先生', '海兴大厦', '1', '2', '52', '502', '', 'ecshop@ecshop.com', '', '010-25851234', '13986765412', '', '', '等待所有商品备齐后再发', '0.00', '10.00', '1245048189', '0', '1', '0');
INSERT INTO `ecs_delivery_order` ( `delivery_id`, `delivery_sn`, `order_sn`, `order_id`, `invoice_no`, `add_time`, `shipping_id`, `shipping_name`, `user_id`, `action_user`, `consignee`, `address`, `country`, `province`, `city`, `district`, `sign_building`, `email`, `zipcode`, `tel`, `mobile`, `best_time`, `postscript`, `how_oos`, `insure_fee`, `shipping_fee`, `update_time`, `suppliers_id`, `status`, `agency_id` ) VALUES  ('10', '20131014062003036', '2013092646519', '20', '20131014062003036', '1380175540', '5', '申通快递', '0', 'admin', '11', '11', '1', '2', '52', '500', '', '11@qq.com', '', '111', '', '', '', '等待所有商品备齐后再发', '0.00', '15.00', '1381731612', '0', '1', '0');
INSERT INTO `ecs_delivery_order` ( `delivery_id`, `delivery_sn`, `order_sn`, `order_id`, `invoice_no`, `add_time`, `shipping_id`, `shipping_name`, `user_id`, `action_user`, `consignee`, `address`, `country`, `province`, `city`, `district`, `sign_building`, `email`, `zipcode`, `tel`, `mobile`, `best_time`, `postscript`, `how_oos`, `insure_fee`, `shipping_fee`, `update_time`, `suppliers_id`, `status`, `agency_id` ) VALUES  ('7', '20130926060860411', '2009051230249', '4', '20130926060860411', '1242142681', '3', '城际快递', '1', 'admin', '刘先生', '[中国 北京 北京 海淀区] 中关村海兴大厦', '1', '2', '52', '500', '法院', 'ecshop@ecshop.com', '100085', '010-25851234', '13986765412', '中午', '', '等待所有商品备齐后再发', '0.00', '10.00', '1380175704', '0', '0', '0');
INSERT INTO `ecs_delivery_order` ( `delivery_id`, `delivery_sn`, `order_sn`, `order_id`, `invoice_no`, `add_time`, `shipping_id`, `shipping_name`, `user_id`, `action_user`, `consignee`, `address`, `country`, `province`, `city`, `district`, `sign_building`, `email`, `zipcode`, `tel`, `mobile`, `best_time`, `postscript`, `how_oos`, `insure_fee`, `shipping_fee`, `update_time`, `suppliers_id`, `status`, `agency_id` ) VALUES  ('8', '20130926060978273', '2009051276258', '5', '20130926060978273', '1242142808', '3', '城际快递', '1', 'admin', '刘先生', '[中国 北京 北京 海淀区] 中关村海兴大厦', '1', '2', '52', '500', '法院', 'ecshop@ecshop.com', '100085', '010-25851234', '13986765412', '中午', '', '等待所有商品备齐后再发', '0.00', '10.00', '1380175749', '0', '0', '0');
INSERT INTO `ecs_delivery_order` ( `delivery_id`, `delivery_sn`, `order_sn`, `order_id`, `invoice_no`, `add_time`, `shipping_id`, `shipping_name`, `user_id`, `action_user`, `consignee`, `address`, `country`, `province`, `city`, `district`, `sign_building`, `email`, `zipcode`, `tel`, `mobile`, `best_time`, `postscript`, `how_oos`, `insure_fee`, `shipping_fee`, `update_time`, `suppliers_id`, `status`, `agency_id` ) VALUES  ('9', '20130926061090203', '2009051264945', '11', '20130926061090203', '1242144250', '3', '城际快递', '0', 'admin', '林小姐', '中关村海兴大厦', '1', '2', '52', '500', '', 'linzi@116.com', '', '135474510', '', '', '', '', '0.00', '10.00', '1380175826', '0', '0', '0');
INSERT INTO `ecs_delivery_order` ( `delivery_id`, `delivery_sn`, `order_sn`, `order_id`, `invoice_no`, `add_time`, `shipping_id`, `shipping_name`, `user_id`, `action_user`, `consignee`, `address`, `country`, `province`, `city`, `district`, `sign_building`, `email`, `zipcode`, `tel`, `mobile`, `best_time`, `postscript`, `how_oos`, `insure_fee`, `shipping_fee`, `update_time`, `suppliers_id`, `status`, `agency_id` ) VALUES  ('11', '20131014070057741', '2013101483031', '25', '20131014070057741', '1381731578', '3', '城际快递', '6', 'admin', '11', '11', '1', '27', '343', '2914', '', '123@qq.com', '11', '11', '', '', '', '等待所有商品备齐后再发', '0.00', '10.00', '1381734004', '0', '0', '0');
INSERT INTO `ecs_delivery_order` ( `delivery_id`, `delivery_sn`, `order_sn`, `order_id`, `invoice_no`, `add_time`, `shipping_id`, `shipping_name`, `user_id`, `action_user`, `consignee`, `address`, `country`, `province`, `city`, `district`, `sign_building`, `email`, `zipcode`, `tel`, `mobile`, `best_time`, `postscript`, `how_oos`, `insure_fee`, `shipping_fee`, `update_time`, `suppliers_id`, `status`, `agency_id` ) VALUES  ('12', '20140509124048300', '2014050956977', '31', '20140509124048300', '1399639202', '5', '申通快递', '0', 'admin', '323232', '232', '1', '2', '52', '500', '', '323232@2332.23', '', '32323232', '', '', '', '等待所有商品备齐后再发', '0.00', '15.00', '1399639221', '0', '0', '0');
INSERT INTO `ecs_delivery_order` ( `delivery_id`, `delivery_sn`, `order_sn`, `order_id`, `invoice_no`, `add_time`, `shipping_id`, `shipping_name`, `user_id`, `action_user`, `consignee`, `address`, `country`, `province`, `city`, `district`, `sign_building`, `email`, `zipcode`, `tel`, `mobile`, `best_time`, `postscript`, `how_oos`, `insure_fee`, `shipping_fee`, `update_time`, `suppliers_id`, `status`, `agency_id` ) VALUES  ('13', '20140520091710556', '2014052078850', '35', '', '1400577403', '6', '邮局平邮', '10', 'admin', '22', '22', '1', '2', '52', '500', '', 'yang@qq.com', '2', '22222222', '', '', '', '等待所有商品备齐后再发', '0.00', '3.50', '1400577457', '0', '0', '0');
INSERT INTO `ecs_delivery_order` ( `delivery_id`, `delivery_sn`, `order_sn`, `order_id`, `invoice_no`, `add_time`, `shipping_id`, `shipping_name`, `user_id`, `action_user`, `consignee`, `address`, `country`, `province`, `city`, `district`, `sign_building`, `email`, `zipcode`, `tel`, `mobile`, `best_time`, `postscript`, `how_oos`, `insure_fee`, `shipping_fee`, `update_time`, `suppliers_id`, `status`, `agency_id` ) VALUES  ('14', '20140607060962820', '2014060718878', '45', '', '1402121324', '6', '邮局平邮', '10', 'admin', '22', '22', '1', '2', '52', '500', '', 'yang@qq.com', '2', '22222222', '', '', '', '等待所有商品备齐后再发', '0.00', '3.50', '1402121386', '0', '0', '0');
INSERT INTO `ecs_delivery_order` ( `delivery_id`, `delivery_sn`, `order_sn`, `order_id`, `invoice_no`, `add_time`, `shipping_id`, `shipping_name`, `user_id`, `action_user`, `consignee`, `address`, `country`, `province`, `city`, `district`, `sign_building`, `email`, `zipcode`, `tel`, `mobile`, `best_time`, `postscript`, `how_oos`, `insure_fee`, `shipping_fee`, `update_time`, `suppliers_id`, `status`, `agency_id` ) VALUES  ('15', '20140607061294524', '2014060768254', '44', '', '1402121310', '6', '邮局平邮', '10', 'admin', '22', '22', '1', '2', '52', '500', '', 'yang@qq.com', '2', '22222222', '', '', '', '等待所有商品备齐后再发', '0.00', '3.50', '1402121534', '0', '0', '0');
INSERT INTO `ecs_delivery_order` ( `delivery_id`, `delivery_sn`, `order_sn`, `order_id`, `invoice_no`, `add_time`, `shipping_id`, `shipping_name`, `user_id`, `action_user`, `consignee`, `address`, `country`, `province`, `city`, `district`, `sign_building`, `email`, `zipcode`, `tel`, `mobile`, `best_time`, `postscript`, `how_oos`, `insure_fee`, `shipping_fee`, `update_time`, `suppliers_id`, `status`, `agency_id` ) VALUES  ('16', '20140607061282002', '2014060798252', '43', '', '1402121300', '6', '邮局平邮', '10', 'admin', '22', '22', '1', '2', '52', '500', '', 'yang@qq.com', '2', '22222222', '', '', '', '等待所有商品备齐后再发', '0.00', '3.50', '1402121573', '0', '0', '0');
INSERT INTO `ecs_delivery_order` ( `delivery_id`, `delivery_sn`, `order_sn`, `order_id`, `invoice_no`, `add_time`, `shipping_id`, `shipping_name`, `user_id`, `action_user`, `consignee`, `address`, `country`, `province`, `city`, `district`, `sign_building`, `email`, `zipcode`, `tel`, `mobile`, `best_time`, `postscript`, `how_oos`, `insure_fee`, `shipping_fee`, `update_time`, `suppliers_id`, `status`, `agency_id` ) VALUES  ('17', '20140607061362704', '2014060794707', '42', '', '1402121288', '6', '邮局平邮', '10', 'admin', '22', '22', '1', '2', '52', '500', '', 'yang@qq.com', '2', '22222222', '', '', '', '等待所有商品备齐后再发', '0.00', '3.50', '1402121615', '0', '0', '0');
DROP TABLE IF EXISTS `ecs_email_list`;
CREATE TABLE `ecs_email_list` (
  `id` mediumint(8) NOT NULL auto_increment,
  `email` varchar(60) NOT NULL,
  `stat` tinyint(1) NOT NULL default '0',
  `hash` varchar(10) NOT NULL,
  PRIMARY KEY  (`id`)
) ENGINE=MyISAM DEFAULT CHARSET=utf8;
DROP TABLE IF EXISTS `ecs_email_sendlist`;
CREATE TABLE `ecs_email_sendlist` (
  `id` mediumint(8) NOT NULL auto_increment,
  `email` varchar(100) NOT NULL,
  `template_id` mediumint(8) NOT NULL,
  `email_content` text NOT NULL,
  `error` tinyint(1) NOT NULL default '0',
  `pri` tinyint(10) NOT NULL,
  `last_send` int(10) NOT NULL,
  PRIMARY KEY  (`id`)
) ENGINE=MyISAM DEFAULT CHARSET=utf8;
DROP TABLE IF EXISTS `ecs_exchange_goods`;
CREATE TABLE `ecs_exchange_goods` (
  `goods_id` mediumint(8) unsigned NOT NULL default '0',
  `exchange_integral` int(10) unsigned NOT NULL default '0',
  `is_exchange` tinyint(1) unsigned NOT NULL default '0',
  `is_hot` tinyint(1) unsigned NOT NULL default '0',
  PRIMARY KEY  (`goods_id`)
) ENGINE=MyISAM DEFAULT CHARSET=utf8;
INSERT INTO `ecs_exchange_goods` ( `goods_id`, `exchange_integral`, `is_exchange`, `is_hot` ) VALUES  ('24', '17000', '1', '0');
INSERT INTO `ecs_exchange_goods` ( `goods_id`, `exchange_integral`, `is_exchange`, `is_hot` ) VALUES  ('19', '80000', '1', '0');
DROP TABLE IF EXISTS `ecs_favourable_activity`;
CREATE TABLE `ecs_favourable_activity` (
  `act_id` smallint(5) unsigned NOT NULL auto_increment,
  `act_name` varchar(255) NOT NULL,
  `start_time` int(10) unsigned NOT NULL,
  `end_time` int(10) unsigned NOT NULL,
  `user_rank` varchar(255) NOT NULL,
  `act_range` tinyint(3) unsigned NOT NULL,
  `act_range_ext` varchar(255) NOT NULL,
  `min_amount` decimal(10,2) unsigned NOT NULL,
  `max_amount` decimal(10,2) unsigned NOT NULL,
  `act_type` tinyint(3) unsigned NOT NULL,
  `act_type_ext` decimal(10,2) unsigned NOT NULL,
  `gift` text NOT NULL,
  `sort_order` tinyint(3) unsigned NOT NULL default '50',
  PRIMARY KEY  (`act_id`),
  KEY `act_name` (`act_name`)
) ENGINE=MyISAM DEFAULT CHARSET=utf8;
INSERT INTO `ecs_favourable_activity` ( `act_id`, `act_name`, `start_time`, `end_time`, `user_rank`, `act_range`, `act_range_ext`, `min_amount`, `max_amount`, `act_type`, `act_type_ext`, `gift`, `sort_order` ) VALUES  ('1', '5.1诺基亚优惠活动', '1241107200', '1253030400', '1,2', '2', '1', '500.00', '5000.00', '2', '95.00', 'a:0:{}', '50');
DROP TABLE IF EXISTS `ecs_feedback`;
CREATE TABLE `ecs_feedback` (
  `msg_id` mediumint(8) unsigned NOT NULL auto_increment,
  `parent_id` mediumint(8) unsigned NOT NULL default '0',
  `user_id` mediumint(8) unsigned NOT NULL default '0',
  `user_name` varchar(60) NOT NULL default '',
  `user_email` varchar(60) NOT NULL default '',
  `msg_title` varchar(200) NOT NULL default '',
  `msg_type` tinyint(1) unsigned NOT NULL default '0',
  `msg_status` tinyint(1) unsigned NOT NULL default '0',
  `msg_content` text NOT NULL,
  `msg_time` int(10) unsigned NOT NULL default '0',
  `message_img` varchar(255) NOT NULL default '0',
  `order_id` int(11) unsigned NOT NULL default '0',
  `msg_area` tinyint(1) unsigned NOT NULL default '0',
  PRIMARY KEY  (`msg_id`),
  KEY `user_id` (`user_id`)
) ENGINE=MyISAM DEFAULT CHARSET=utf8;
INSERT INTO `ecs_feedback` ( `msg_id`, `parent_id`, `user_id`, `user_name`, `user_email`, `msg_title`, `msg_type`, `msg_status`, `msg_content`, `msg_time`, `message_img`, `order_id`, `msg_area` ) VALUES  ('1', '0', '1', 'ecshop', 'ecshop@ecshop.com', '三星SGH-F258什么时候到', '4', '0', '三星SGH-F258什么时候有货', '1242107197', '', '0', '0');
INSERT INTO `ecs_feedback` ( `msg_id`, `parent_id`, `user_id`, `user_name`, `user_email`, `msg_title`, `msg_type`, `msg_status`, `msg_content`, `msg_time`, `message_img`, `order_id`, `msg_area` ) VALUES  ('2', '0', '10', 'yangyue', 'yang@qq.com', 'efds', '5', '0', 'fsdf', '1402121917', '', '45', '0');
DROP TABLE IF EXISTS `ecs_friend_link`;
CREATE TABLE `ecs_friend_link` (
  `link_id` smallint(5) unsigned NOT NULL auto_increment,
  `link_name` varchar(255) NOT NULL default '',
  `link_url` varchar(255) NOT NULL default '',
  `link_logo` varchar(255) NOT NULL default '',
  `show_order` tinyint(3) unsigned NOT NULL default '50',
  PRIMARY KEY  (`link_id`),
  KEY `show_order` (`show_order`)
) ENGINE=MyISAM DEFAULT CHARSET=utf8;
INSERT INTO `ecs_friend_link` ( `link_id`, `link_name`, `link_url`, `link_logo`, `show_order` ) VALUES  ('3', 'ecshop模板', 'http://www.68ecshop.com/category-33-b0.html', '', '52');
INSERT INTO `ecs_friend_link` ( `link_id`, `link_name`, `link_url`, `link_logo`, `show_order` ) VALUES  ('4', 'ECSHOP模板中心', 'http://www.68ecshop.com', '', '50');
INSERT INTO `ecs_friend_link` ( `link_id`, `link_name`, `link_url`, `link_logo`, `show_order` ) VALUES  ('5', 'ECSHOP免费模板', 'http://www.68ecshop.com/category-37-b0.html', '', '52');
INSERT INTO `ecs_friend_link` ( `link_id`, `link_name`, `link_url`, `link_logo`, `show_order` ) VALUES  ('6', 'ECSHOP开发中心', 'http://www.68ecshop.com', '', '50');
INSERT INTO `ecs_friend_link` ( `link_id`, `link_name`, `link_url`, `link_logo`, `show_order` ) VALUES  ('7', 'ECSHOP开发', 'http://www.68ecshop.com', '', '50');
INSERT INTO `ecs_friend_link` ( `link_id`, `link_name`, `link_url`, `link_logo`, `show_order` ) VALUES  ('8', '68ecshop模板', 'http://www.68ecshop.com', '', '50');
INSERT INTO `ecs_friend_link` ( `link_id`, `link_name`, `link_url`, `link_logo`, `show_order` ) VALUES  ('9', 'ECSHOP模板堂', 'http://www.ecshoptemplate.com/', '', '50');
INSERT INTO `ecs_friend_link` ( `link_id`, `link_name`, `link_url`, `link_logo`, `show_order` ) VALUES  ('10', '68ecshop插件', 'http://www.68ecshop.com/category-35-b0.html', '', '50');
INSERT INTO `ecs_friend_link` ( `link_id`, `link_name`, `link_url`, `link_logo`, `show_order` ) VALUES  ('12', '68ecshop免费插件', 'http://www.68ecshop.com/category-43-b0.html', '', '50');
DROP TABLE IF EXISTS `ecs_goods`;
CREATE TABLE `ecs_goods` (
  `goods_id` mediumint(8) unsigned NOT NULL auto_increment,
  `cat_id` smallint(5) unsigned NOT NULL default '0',
  `goods_sn` varchar(60) NOT NULL default '',
  `goods_name` varchar(120) NOT NULL default '',
  `goods_name_style` varchar(60) NOT NULL default '+',
  `click_count` int(10) unsigned NOT NULL default '0',
  `brand_id` smallint(5) unsigned NOT NULL default '0',
  `provider_name` varchar(100) NOT NULL default '',
  `goods_number` smallint(5) unsigned NOT NULL default '0',
  `goods_weight` decimal(10,3) unsigned NOT NULL default '0.000',
  `market_price` decimal(10,2) unsigned NOT NULL default '0.00',
  `shop_price` decimal(10,2) unsigned NOT NULL default '0.00',
  `promote_price` decimal(10,2) unsigned NOT NULL default '0.00',
  `promote_start_date` int(11) unsigned NOT NULL default '0',
  `promote_end_date` int(11) unsigned NOT NULL default '0',
  `warn_number` tinyint(3) unsigned NOT NULL default '1',
  `keywords` varchar(255) NOT NULL default '',
  `goods_brief` varchar(255) NOT NULL default '',
  `goods_desc` text NOT NULL,
  `goods_thumb` varchar(255) NOT NULL default '',
  `goods_img` varchar(255) NOT NULL default '',
  `original_img` varchar(255) NOT NULL default '',
  `is_real` tinyint(3) unsigned NOT NULL default '1',
  `extension_code` varchar(30) NOT NULL default '',
  `is_on_sale` tinyint(1) unsigned NOT NULL default '1',
  `is_alone_sale` tinyint(1) unsigned NOT NULL default '1',
  `is_shipping` tinyint(1) unsigned NOT NULL default '0',
  `integral` int(10) unsigned NOT NULL default '0',
  `add_time` int(10) unsigned NOT NULL default '0',
  `sort_order` smallint(4) unsigned NOT NULL default '100',
  `is_delete` tinyint(1) unsigned NOT NULL default '0',
  `is_best` tinyint(1) unsigned NOT NULL default '0',
  `is_new` tinyint(1) unsigned NOT NULL default '0',
  `is_hot` tinyint(1) unsigned NOT NULL default '0',
  `is_promote` tinyint(1) unsigned NOT NULL default '0',
  `bonus_type_id` tinyint(3) unsigned NOT NULL default '0',
  `last_update` int(10) unsigned NOT NULL default '0',
  `goods_type` smallint(5) unsigned NOT NULL default '0',
  `seller_note` varchar(255) NOT NULL default '',
  `give_integral` int(11) NOT NULL default '-1',
  `rank_integral` int(11) NOT NULL default '-1',
  `suppliers_id` smallint(5) unsigned default NULL,
  `is_check` tinyint(1) unsigned default NULL,
  PRIMARY KEY  (`goods_id`),
  KEY `goods_sn` (`goods_sn`),
  KEY `cat_id` (`cat_id`),
  KEY `last_update` (`last_update`),
  KEY `brand_id` (`brand_id`),
  KEY `goods_weight` (`goods_weight`),
  KEY `promote_end_date` (`promote_end_date`),
  KEY `promote_start_date` (`promote_start_date`),
  KEY `goods_number` (`goods_number`),
  KEY `sort_order` (`sort_order`)
) ENGINE=MyISAM DEFAULT CHARSET=utf8;
INSERT INTO `ecs_goods` ( `goods_id`, `cat_id`, `goods_sn`, `goods_name`, `goods_name_style`, `click_count`, `brand_id`, `provider_name`, `goods_number`, `goods_weight`, `market_price`, `shop_price`, `promote_price`, `promote_start_date`, `promote_end_date`, `warn_number`, `keywords`, `goods_brief`, `goods_desc`, `goods_thumb`, `goods_img`, `original_img`, `is_real`, `extension_code`, `is_on_sale`, `is_alone_sale`, `is_shipping`, `integral`, `add_time`, `sort_order`, `is_delete`, `is_best`, `is_new`, `is_hot`, `is_promote`, `bonus_type_id`, `last_update`, `goods_type`, `seller_note`, `give_integral`, `rank_integral`, `suppliers_id`, `is_check` ) VALUES  ('1', '4', 'ECS000000', 'ECSHOP模板中心68ecshop.com测试商品', '+', '257', '8', '', '65535', '0.110', '1665.60', '1388.00', '0.00', '0', '0', '1', 'LG 3g 876 支持 双模 2008年04月 灰色 GSM,850,900,1800,1900', '', '<p>&nbsp;&nbsp;&nbsp;&nbsp;&nbsp;&nbsp;&nbsp;&nbsp; 很多朋友都已经抢先体验了3G网络的可视通话、高速上网等功能。LG KD876手机<span style=\"font-size: x-large;\"><span style=\"color: rgb(255, 0, 0);\"><strong>支持TD-SCDMA/GSM双模单待</strong></span></span>，便于测试初期GSM网络和TD网络之间的切换和共享。</p>\r\n<p>&nbsp;&nbsp;&nbsp;&nbsp;&nbsp;&nbsp; LG KD876手机整体采用银色塑料材质，<strong><span style=\"font-size: x-large;\"><span style=\"color: rgb(255, 0, 0);\">特殊的旋转屏设计是本机的亮点</span></span></strong>，而机身背部的300万像素摄像头也是首发的六款TD-SCDMA手机中配置最高的。LG KD876手机屏幕下方设置有外键盘，该键盘由左/右软键、通话/挂机键、返回键、五维摇杆组成，摇杆灵敏度很高，定位准确。KD876的内键盘由标准12个电话键和三个功能键、一个内置摄像头组成。三个功能键分别为视频通话、MP3、和菜单键，所有按键的手感都比较一般，键程适中，当由于按键排列过于紧密，快速发短信时很容易误按，用户在使用时一定要多加注意。LG KD876手机机身周边的接口设计非常简洁，手机的厚度主要来自屏幕旋转轴的长度，如果舍弃旋屏设计的话，估计<span style=\"font-size: x-large;\"><strong><span style=\"color: rgb(255, 0, 0);\">厚度可以做到10mm以下</span></strong></span>。</p>', 'images/201405/thumb_img/1_thumb_G_1399962983973.jpg', 'images/201405/goods_img/1_G_1399962983243.jpg', 'images/201405/source_img/1_G_1399962983305.jpg', '1', '', '1', '1', '0', '13', '1240902890', '100', '0', '0', '0', '1', '0', '0', '1399962983', '9', '', '-1', '-1', '0', '0');
INSERT INTO `ecs_goods` ( `goods_id`, `cat_id`, `goods_sn`, `goods_name`, `goods_name_style`, `click_count`, `brand_id`, `provider_name`, `goods_number`, `goods_weight`, `market_price`, `shop_price`, `promote_price`, `promote_start_date`, `promote_end_date`, `warn_number`, `keywords`, `goods_brief`, `goods_desc`, `goods_thumb`, `goods_img`, `original_img`, `is_real`, `extension_code`, `is_on_sale`, `is_alone_sale`, `is_shipping`, `integral`, `add_time`, `sort_order`, `is_delete`, `is_best`, `is_new`, `is_hot`, `is_promote`, `bonus_type_id`, `last_update`, `goods_type`, `seller_note`, `give_integral`, `rank_integral`, `suppliers_id`, `is_check` ) VALUES  ('4', '8', 'ECS000004', 'ECSHOP模板中心68ecshop.com测试商品', '+', '199', '1', '', '65535', '0.000', '69.60', '58.00', '0.00', '0', '0', '1', '', '', '', 'images/201310/thumb_img/4_thumb_G_1381393928859.jpg', 'images/201310/goods_img/4_G_1381393928437.jpg', 'images/201310/source_img/4_G_1381393928307.jpg', '1', '', '1', '0', '0', '0', '1241422402', '100', '0', '1', '0', '0', '0', '0', '1381393928', '6', '', '-1', '-1', '0', '0');
INSERT INTO `ecs_goods` ( `goods_id`, `cat_id`, `goods_sn`, `goods_name`, `goods_name_style`, `click_count`, `brand_id`, `provider_name`, `goods_number`, `goods_weight`, `market_price`, `shop_price`, `promote_price`, `promote_start_date`, `promote_end_date`, `warn_number`, `keywords`, `goods_brief`, `goods_desc`, `goods_thumb`, `goods_img`, `original_img`, `is_real`, `extension_code`, `is_on_sale`, `is_alone_sale`, `is_shipping`, `integral`, `add_time`, `sort_order`, `is_delete`, `is_best`, `is_new`, `is_hot`, `is_promote`, `bonus_type_id`, `last_update`, `goods_type`, `seller_note`, `give_integral`, `rank_integral`, `suppliers_id`, `is_check` ) VALUES  ('3', '8', 'ECS000002', 'ECSHOP模板中心68ecshop.com测试商品', '+', '7', '1', '', '65535', '0.000', '81.60', '68.00', '0.00', '0', '0', '1', '', '', '', 'images/201405/thumb_img/3_thumb_G_1399963174586.jpg', 'images/201405/goods_img/3_G_1399963174962.jpg', 'images/201405/source_img/3_G_1399963174905.jpg', '1', '', '1', '1', '0', '0', '1241422082', '100', '0', '0', '1', '0', '0', '0', '1399963174', '6', '', '-1', '-1', '0', '0');
INSERT INTO `ecs_goods` ( `goods_id`, `cat_id`, `goods_sn`, `goods_name`, `goods_name_style`, `click_count`, `brand_id`, `provider_name`, `goods_number`, `goods_weight`, `market_price`, `shop_price`, `promote_price`, `promote_start_date`, `promote_end_date`, `warn_number`, `keywords`, `goods_brief`, `goods_desc`, `goods_thumb`, `goods_img`, `original_img`, `is_real`, `extension_code`, `is_on_sale`, `is_alone_sale`, `is_shipping`, `integral`, `add_time`, `sort_order`, `is_delete`, `is_best`, `is_new`, `is_hot`, `is_promote`, `bonus_type_id`, `last_update`, `goods_type`, `seller_note`, `give_integral`, `rank_integral`, `suppliers_id`, `is_check` ) VALUES  ('5', '11', 'ECS000005', 'ECSHOP模板中心68ecshop.com测试商品', '+', '5', '7', '', '65535', '0.000', '24.00', '20.00', '0.00', '0', '0', '1', '', '', '', 'images/201405/thumb_img/5_thumb_G_1399963282906.jpg', 'images/201405/goods_img/5_G_1399963282953.jpg', 'images/201405/source_img/5_G_1399963282722.jpg', '1', '', '1', '1', '0', '0', '1241422518', '100', '0', '0', '1', '0', '0', '0', '1399963282', '2', '', '-1', '-1', '0', '0');
INSERT INTO `ecs_goods` ( `goods_id`, `cat_id`, `goods_sn`, `goods_name`, `goods_name_style`, `click_count`, `brand_id`, `provider_name`, `goods_number`, `goods_weight`, `market_price`, `shop_price`, `promote_price`, `promote_start_date`, `promote_end_date`, `warn_number`, `keywords`, `goods_brief`, `goods_desc`, `goods_thumb`, `goods_img`, `original_img`, `is_real`, `extension_code`, `is_on_sale`, `is_alone_sale`, `is_shipping`, `integral`, `add_time`, `sort_order`, `is_delete`, `is_best`, `is_new`, `is_hot`, `is_promote`, `bonus_type_id`, `last_update`, `goods_type`, `seller_note`, `give_integral`, `rank_integral`, `suppliers_id`, `is_check` ) VALUES  ('6', '11', 'ECS000006', 'ECSHOP模板中心68ecshop.com测试商品', '+', '0', '0', '', '65535', '0.000', '50.40', '42.00', '0.00', '0', '0', '1', '', '', '', 'images/201309/thumb_img/6_thumb_G_1380266990337.jpg', 'images/201309/goods_img/6_G_1380266990651.jpg', 'images/201309/source_img/6_G_1380266990770.jpg', '1', '', '1', '0', '0', '0', '1241422573', '100', '0', '0', '0', '1', '0', '0', '1380267908', '6', '', '-1', '-1', '0', '0');
INSERT INTO `ecs_goods` ( `goods_id`, `cat_id`, `goods_sn`, `goods_name`, `goods_name_style`, `click_count`, `brand_id`, `provider_name`, `goods_number`, `goods_weight`, `market_price`, `shop_price`, `promote_price`, `promote_start_date`, `promote_end_date`, `warn_number`, `keywords`, `goods_brief`, `goods_desc`, `goods_thumb`, `goods_img`, `original_img`, `is_real`, `extension_code`, `is_on_sale`, `is_alone_sale`, `is_shipping`, `integral`, `add_time`, `sort_order`, `is_delete`, `is_best`, `is_new`, `is_hot`, `is_promote`, `bonus_type_id`, `last_update`, `goods_type`, `seller_note`, `give_integral`, `rank_integral`, `suppliers_id`, `is_check` ) VALUES  ('7', '8', 'ECS000007', 'ECSHOP模板中心68ecshop.com测试商品', '+', '15', '1', '', '65535', '0.000', '120.00', '100.00', '0.00', '0', '0', '1', '', '', '', 'images/201405/thumb_img/7_thumb_G_1399963118634.jpg', 'images/201405/goods_img/7_G_1399963118438.jpg', 'images/201405/source_img/7_G_1399963118908.jpg', '1', '', '1', '1', '0', '1', '1241422785', '100', '0', '0', '1', '0', '0', '0', '1399963118', '2', '', '-1', '-1', '0', '0');
INSERT INTO `ecs_goods` ( `goods_id`, `cat_id`, `goods_sn`, `goods_name`, `goods_name_style`, `click_count`, `brand_id`, `provider_name`, `goods_number`, `goods_weight`, `market_price`, `shop_price`, `promote_price`, `promote_start_date`, `promote_end_date`, `warn_number`, `keywords`, `goods_brief`, `goods_desc`, `goods_thumb`, `goods_img`, `original_img`, `is_real`, `extension_code`, `is_on_sale`, `is_alone_sale`, `is_shipping`, `integral`, `add_time`, `sort_order`, `is_delete`, `is_best`, `is_new`, `is_hot`, `is_promote`, `bonus_type_id`, `last_update`, `goods_type`, `seller_note`, `give_integral`, `rank_integral`, `suppliers_id`, `is_check` ) VALUES  ('8', '3', 'ECS000008', 'ECSHOP模板中心68ecshop.com测试商品', '+', '34', '4', '', '65535', '0.075', '478.79', '399.00', '385.00', '1241366400', '1625846400', '1', '双模 2008年春 黑色 直板 中低档', '', '<p align=\"left\">作为一款性价比极高的入门级<font size=\"3\" color=\"#ff0000\"><strong>商务手机</strong></font>，飞利浦<a href=\"mailto:9@9v\">Xenium&nbsp; 9@9v</a>三围大小为105&times;44&times;15.8mm，机身重量仅为<strong><font size=\"3\" color=\"#ff0000\">75g</font></strong>，装配了一块低规格1.75英寸128&times;160像素65000色CSTN显示屏。身正面采用月银色功能键区与屏幕数字键区相分隔，键盘设计较为<font size=\"3\"><strong><font color=\"#ff0000\">别</font><font color=\"#ff0000\">致</font></strong></font>，中部导航键区采用钛金色的&ldquo;腰带&rdquo;彰显出浓郁的商务气息。</p>\r\n<p align=\"left\">&nbsp;</p>\r\n<p align=\"left\">此款手机采用<strong><font size=\"3\" color=\"#ff0000\">触摸屏</font></strong>设计，搭配精致的手写笔，可支持手写中文和英文两个版本。增强的内置系统还能识别潦草字迹，确保在移动中和匆忙时输入文字的识别率。手写指令功能还支持特定图案的瞬间调用，独特的手写记事本功能，可以在触摸屏上随意绘制个性化的图案并进行<strong><font size=\"3\" color=\"#ff0000\">记事提醒</font></strong>，让商务应用更加随意。</p>\r\n<p align=\"left\">&nbsp;</p>\r\n<p align=\"left\">&nbsp;作为入门级为数不多支持<strong><font size=\"3\" color=\"#ff0000\">双卡功能</font></strong>的手机，可以同时插入两张SIM卡，通过菜单随意切换，只需开启漫游自动切换模式，<a href=\"mailto:9@9V\">9@9V</a>在该模式下能够判断网络情况，自动切换适合的手机号。</p>\r\n<p align=\"left\">&nbsp;</p>\r\n<p align=\"left\">&nbsp;</p>', 'images/201405/thumb_img/8_thumb_G_1399951905746.jpg', 'images/201405/goods_img/8_G_1399951905689.jpg', 'images/201405/source_img/8_G_1399951905579.jpg', '1', '', '1', '1', '0', '3', '1241425512', '100', '0', '1', '0', '0', '1', '0', '1399951905', '9', '', '-1', '-1', '0', '0');
INSERT INTO `ecs_goods` ( `goods_id`, `cat_id`, `goods_sn`, `goods_name`, `goods_name_style`, `click_count`, `brand_id`, `provider_name`, `goods_number`, `goods_weight`, `market_price`, `shop_price`, `promote_price`, `promote_start_date`, `promote_end_date`, `warn_number`, `keywords`, `goods_brief`, `goods_desc`, `goods_thumb`, `goods_img`, `original_img`, `is_real`, `extension_code`, `is_on_sale`, `is_alone_sale`, `is_shipping`, `integral`, `add_time`, `sort_order`, `is_delete`, `is_best`, `is_new`, `is_hot`, `is_promote`, `bonus_type_id`, `last_update`, `goods_type`, `seller_note`, `give_integral`, `rank_integral`, `suppliers_id`, `is_check` ) VALUES  ('9', '3', 'ECS000009', 'ECSHOP模板中心68ecshop.com测试商品', '+', '42', '1', '', '65534', '0.121', '2757.60', '2298.00', '0.00', '0', '0', '1', 'SMS EMS MMS 短消息群发 语音 阅读器 SMS,EMS,MMS,短消息群发语音合成信息阅读器 黑色 白色 滑盖', '', '<p>在机身材质方面，诺基亚E66大量采用金属材质，刨光的金属表面光泽动人，背面的点状效果规则却又不失变化，时尚感总是在不经意间诠释出来，并被人们所感知。E66机身尺寸为<span style=\"color: rgb(255, 0, 0);\"><span style=\"font-size: larger;\"><strong>107.5&times;49.5&times;13.6毫米，重量为121克</strong></span></span>，滑盖的造型竟然比E71还要轻一些。</p>\r\n<p>&nbsp;</p>\r\n<div>诺基亚E66机身正面是<span style=\"color: rgb(255, 0, 0);\"><span style=\"font-size: larger;\"><strong>一块2.4英寸1600万色QVGA分辨率（240&times;320像素）液晶显示屏</strong></span></span>。屏幕上方拥有光线感应元件，能够自适应周 围环境光调节屏幕亮度；屏幕下方是方向功能键区。打开滑盖，可以看到传统的数字键盘，按键的大小、手感、间隔以及键程适中，手感非常舒适。</div>\r\n<div>&nbsp;</div>\r\n<div>诺基亚为E66配备了一颗320万像素自动对焦摄像头，带有LED 闪光灯，支持多种拍照尺寸选择。</div>\r\n<p>&nbsp;</p>', 'images/201405/thumb_img/9_thumb_G_1399963060517.jpg', 'images/201405/goods_img/9_G_1399963060846.jpg', 'images/201405/source_img/9_G_1399963060157.jpg', '1', '', '1', '1', '0', '22', '1241511871', '100', '0', '1', '0', '0', '0', '0', '1400676599', '9', '', '-1', '-1', '0', '0');
INSERT INTO `ecs_goods` ( `goods_id`, `cat_id`, `goods_sn`, `goods_name`, `goods_name_style`, `click_count`, `brand_id`, `provider_name`, `goods_number`, `goods_weight`, `market_price`, `shop_price`, `promote_price`, `promote_start_date`, `promote_end_date`, `warn_number`, `keywords`, `goods_brief`, `goods_desc`, `goods_thumb`, `goods_img`, `original_img`, `is_real`, `extension_code`, `is_on_sale`, `is_alone_sale`, `is_shipping`, `integral`, `add_time`, `sort_order`, `is_delete`, `is_best`, `is_new`, `is_hot`, `is_promote`, `bonus_type_id`, `last_update`, `goods_type`, `seller_note`, `give_integral`, `rank_integral`, `suppliers_id`, `is_check` ) VALUES  ('10', '3', 'ECS000010', 'ECSHOP模板中心68ecshop.com测试商品', '+', '79', '7', '', '65534', '0.000', '1593.60', '1328.00', '1250.00', '1243785600', '1625846400', '1', '2008年05月 GSM,850,900,1800,1900 直板 黑色 白色', '', '<p>&nbsp;</p>\r\n<p><img width=\"930\" height=\"615\" alt=\"\" src=\"/ec273/moban/xinjuwang/images/upload/Image/24_G_1369121181970.jpg\" /></p>\r\n<p>&nbsp;</p>\r\n<p><img width=\"930\" height=\"615\" alt=\"\" src=\"/ec273/moban/xinjuwang/images/upload/Image/24_G_1369121181970.jpg\" /></p>\r\n<p>&nbsp;</p>', 'images/201405/thumb_img/10_thumb_G_1399963234065.jpg', 'images/201405/goods_img/10_G_1399963234764.jpg', 'images/201405/source_img/10_G_1399963234312.jpg', '1', '', '1', '1', '0', '13', '1241965622', '100', '0', '0', '0', '1', '1', '0', '1402120740', '9', '', '-1', '-1', '0', '0');
INSERT INTO `ecs_goods` ( `goods_id`, `cat_id`, `goods_sn`, `goods_name`, `goods_name_style`, `click_count`, `brand_id`, `provider_name`, `goods_number`, `goods_weight`, `market_price`, `shop_price`, `promote_price`, `promote_start_date`, `promote_end_date`, `warn_number`, `keywords`, `goods_brief`, `goods_desc`, `goods_thumb`, `goods_img`, `original_img`, `is_real`, `extension_code`, `is_on_sale`, `is_alone_sale`, `is_shipping`, `integral`, `add_time`, `sort_order`, `is_delete`, `is_best`, `is_new`, `is_hot`, `is_promote`, `bonus_type_id`, `last_update`, `goods_type`, `seller_note`, `give_integral`, `rank_integral`, `suppliers_id`, `is_check` ) VALUES  ('12', '3', 'ECS000012', 'ECSHOP模板中心68ecshop.com测试商品', '+', '17', '2', '', '65535', '0.000', '1179.60', '983.00', '960.00', '1241107200', '1625846400', '1', 'SMS EMS MMS pda 摄像 智能 音乐 SMS,EMS,MMS', '', '<p>全机使用的材质除去电池盖部分采用了金属以外，其它均使用了ABS工程塑料作为主材，这款手机的三围是105&times;51&times;14毫米，有着100克的轻量级重量，拿在手中的感觉还是非常不错的。A810手机作为一款<strong><font size=\"3\" color=\"#ff0000\">PDA手机</font></strong>在设计的时候取消了键盘配置，一切数字键都要依靠手机内提供的虚拟键盘进行操作，在手机的左上侧是一个<strong><font size=\"3\" color=\"#ff0000\">3.5mm的标准耳机插口</font></strong>，这种设计可以让用户使用自己习惯或者喜欢的耳机去欣赏音乐。</p>\r\n<p>&nbsp;</p>\r\n<p>这款摩托罗拉A810手机配置了一块<font size=\"3\" color=\"#ff0000\"><strong>26万色的2.2英寸TFT全触摸屏幕</strong></font>，其分辨率达到了主流的QVGA水平（240&times;320像素），摩托罗拉A810采用了内部核心为2.6.10的<strong><font size=\"3\" color=\"#ff0000\">LINUX操作系统</font></strong>，菜单上依然采用传统的9宫格的显示方式，一般手机的名片式电话本只能支持诸如电话、邮件、传真、公司等一些基本信息，而A810手机的电话本除了这些还支持公司地址，配偶信息、子女姓名、上司名称、助手等等，对于一款手机来说，电话本不可谓不强大。A810的<strong><font size=\"3\" color=\"#ff0000\">手写识别能力相当的惊人</font></strong>，对连笔、草书和倒插笔的识别率都相当的高，同时还为左右手设置了不同的书写习惯选择，并支持手写速度的调节。</p>\r\n<p>这款A810手机<strong><font size=\"3\" color=\"#ff0000\">内置的音乐播放功能</font></strong>可以支持MP3、WAV、AMR、AAC等格式的音乐播放，<font size=\"3\" color=\"#ff0000\"><strong>支持后台播放</strong></font>。视频方面，这款A810支持MP4、3GP、H.263格式的播放，视频播放器同样简约，操作方便，这款摩托罗拉A810还内置了6款游戏，每一款都有很高的耐玩性，而且都是支持触摸屏操作的，同时这款手机还内置了<strong><font size=\"3\" color=\"#ff0000\">FM收音机</font></strong>，支持自动搜索，并提供了20个频道供用户存储，不过收音机并不支持后台播放。</p>\r\n<p>&nbsp;</p>', 'images/201405/thumb_img/12_thumb_G_1399962907989.jpg', 'images/201405/goods_img/12_G_1399962907341.jpg', 'images/201405/source_img/12_G_1399962907529.jpg', '1', '', '1', '1', '0', '9', '1245297652', '100', '0', '0', '1', '0', '1', '0', '1399962907', '3', '', '-1', '-1', '0', '0');
INSERT INTO `ecs_goods` ( `goods_id`, `cat_id`, `goods_sn`, `goods_name`, `goods_name_style`, `click_count`, `brand_id`, `provider_name`, `goods_number`, `goods_weight`, `market_price`, `shop_price`, `promote_price`, `promote_start_date`, `promote_end_date`, `warn_number`, `keywords`, `goods_brief`, `goods_desc`, `goods_thumb`, `goods_img`, `original_img`, `is_real`, `extension_code`, `is_on_sale`, `is_alone_sale`, `is_shipping`, `integral`, `add_time`, `sort_order`, `is_delete`, `is_best`, `is_new`, `is_hot`, `is_promote`, `bonus_type_id`, `last_update`, `goods_type`, `seller_note`, `give_integral`, `rank_integral`, `suppliers_id`, `is_check` ) VALUES  ('13', '3', 'ECS000013', 'ECSHOP模板中心68ecshop.com测试商品', '+', '33', '1', '', '65535', '0.000', '1573.20', '1311.00', '0.00', '0', '0', '1', '摄像 智能 音乐 蓝色 红色 舒适 直板 中档 2008年07月 黑色 GSM,850,900,1800,1900', '', '<p>诺基亚5320XpressMusic音乐手机采用XpressMusic系列常见的黑红、黑蓝配色方案，而材质方便则选用的是经过<strong><font size=\"3\" color=\"#ff0000\">抛光处理</font></strong>的工程塑料；三围/体重为，为108&times;46&times;15mm/<strong><font size=\"3\" color=\"#ff0000\">90g</font></strong>，手感舒适。</p>\r\n<p>&nbsp;</p>\r\n<p>诺基亚5320采用的是一块可视面积为2.0英寸的<font size=\"3\" color=\"#ff0000\"><strong>1600万色</strong></font>屏幕，分辨率是常见的240&times;320像素（QVGA）。虽然屏幕不是特别大，但效果非常精细，色彩还原不错。</p>\r\n<p>&nbsp;</p>\r\n<p>手机背面，诺基亚为5320XM配备一颗<strong><font size=\"3\" color=\"#ff0000\">200W像素</font></strong>的摄像头，并且带有<strong><font size=\"3\" color=\"#ff0000\">两个LED的补光灯</font></strong>，可以实现拍照、摄像功能，并能通过彩信、邮件方式发送给朋友。</p>\r\n<p>&nbsp;</p>', 'images/201405/thumb_img/13_thumb_G_1399963013189.jpg', 'images/201405/goods_img/13_G_1399963013047.jpg', 'images/201405/source_img/13_G_1399963013927.jpg', '1', '', '1', '1', '0', '13', '1241967762', '100', '0', '1', '0', '1', '0', '0', '1399963013', '9', '', '-1', '-1', '0', '0');
INSERT INTO `ecs_goods` ( `goods_id`, `cat_id`, `goods_sn`, `goods_name`, `goods_name_style`, `click_count`, `brand_id`, `provider_name`, `goods_number`, `goods_weight`, `market_price`, `shop_price`, `promote_price`, `promote_start_date`, `promote_end_date`, `warn_number`, `keywords`, `goods_brief`, `goods_desc`, `goods_thumb`, `goods_img`, `original_img`, `is_real`, `extension_code`, `is_on_sale`, `is_alone_sale`, `is_shipping`, `integral`, `add_time`, `sort_order`, `is_delete`, `is_best`, `is_new`, `is_hot`, `is_promote`, `bonus_type_id`, `last_update`, `goods_type`, `seller_note`, `give_integral`, `rank_integral`, `suppliers_id`, `is_check` ) VALUES  ('14', '4', 'ECS000014', 'ECSHOP模板中心68ecshop.com测试商品', '+', '19', '1', '', '65535', '0.000', '3150.00', '2625.00', '0.00', '0', '0', '1', 'GSM 64和弦 2009年2月 320万摄像头 GPS 直板 工程塑料 支持 2008年10月 黑色', '', '', 'images/201405/thumb_img/14_thumb_G_1399963309409.jpg', 'images/201405/goods_img/14_G_1399963309501.jpg', 'images/201405/source_img/14_G_1399963309543.jpg', '1', '', '1', '1', '0', '26', '1241968492', '100', '0', '0', '0', '1', '0', '0', '1399963309', '9', '', '-1', '-1', '0', '0');
INSERT INTO `ecs_goods` ( `goods_id`, `cat_id`, `goods_sn`, `goods_name`, `goods_name_style`, `click_count`, `brand_id`, `provider_name`, `goods_number`, `goods_weight`, `market_price`, `shop_price`, `promote_price`, `promote_start_date`, `promote_end_date`, `warn_number`, `keywords`, `goods_brief`, `goods_desc`, `goods_thumb`, `goods_img`, `original_img`, `is_real`, `extension_code`, `is_on_sale`, `is_alone_sale`, `is_shipping`, `integral`, `add_time`, `sort_order`, `is_delete`, `is_best`, `is_new`, `is_hot`, `is_promote`, `bonus_type_id`, `last_update`, `goods_type`, `seller_note`, `give_integral`, `rank_integral`, `suppliers_id`, `is_check` ) VALUES  ('16', '2', 'ECS000016', '测试数据5', '#333333+', '3', '11', '', '65535', '0.000', '988.00', '823.33', '0.00', '0', '0', '1', '', '', '', 'images/201309/thumb_img/16_thumb_G_1380247081104.jpg', 'images/201309/goods_img/16_G_1380247081930.jpg', 'images/201309/source_img/16_G_1380247081470.jpg', '1', '', '1', '1', '0', '8', '1241968949', '100', '0', '0', '1', '0', '0', '0', '1400555549', '2', '', '-1', '-1', '0', '0');
INSERT INTO `ecs_goods` ( `goods_id`, `cat_id`, `goods_sn`, `goods_name`, `goods_name_style`, `click_count`, `brand_id`, `provider_name`, `goods_number`, `goods_weight`, `market_price`, `shop_price`, `promote_price`, `promote_start_date`, `promote_end_date`, `warn_number`, `keywords`, `goods_brief`, `goods_desc`, `goods_thumb`, `goods_img`, `original_img`, `is_real`, `extension_code`, `is_on_sale`, `is_alone_sale`, `is_shipping`, `integral`, `add_time`, `sort_order`, `is_delete`, `is_best`, `is_new`, `is_hot`, `is_promote`, `bonus_type_id`, `last_update`, `goods_type`, `seller_note`, `give_integral`, `rank_integral`, `suppliers_id`, `is_check` ) VALUES  ('17', '3', 'ECS000017', 'ECSHOP模板中心68ecshop.com测试商品', '+', '153', '5', '', '65535', '0.000', '2760.00', '2300.00', '300.00', '1378137600', '1625846400', '1', '2008年01月 GSM,900,1800,1900,2100 直板 262144万 240×400 像素 SMS,EMS,MMS,超长信息发送,短消息群发 黑色 CDMA', '', '', 'images/201310/thumb_img/17_thumb_G_1381910560023.jpg', 'images/201310/goods_img/17_G_1381910560894.jpg', 'images/201310/source_img/17_G_1381910560848.jpg', '1', '', '0', '1', '0', '23', '1241969394', '100', '0', '0', '0', '1', '1', '0', '1384831163', '9', '', '-1', '-1', '0', '0');
INSERT INTO `ecs_goods` ( `goods_id`, `cat_id`, `goods_sn`, `goods_name`, `goods_name_style`, `click_count`, `brand_id`, `provider_name`, `goods_number`, `goods_weight`, `market_price`, `shop_price`, `promote_price`, `promote_start_date`, `promote_end_date`, `warn_number`, `keywords`, `goods_brief`, `goods_desc`, `goods_thumb`, `goods_img`, `original_img`, `is_real`, `extension_code`, `is_on_sale`, `is_alone_sale`, `is_shipping`, `integral`, `add_time`, `sort_order`, `is_delete`, `is_best`, `is_new`, `is_hot`, `is_promote`, `bonus_type_id`, `last_update`, `goods_type`, `seller_note`, `give_integral`, `rank_integral`, `suppliers_id`, `is_check` ) VALUES  ('20', '3', 'ECS000020', 'ECSHOP模板中心68ecshop.com测试商品', '+', '16', '6', '', '65535', '0.000', '336.00', '280.00', '238.00', '1241884800', '1625846400', '1', 'GSM 直板 40和弦 金属材质 2008年07月 黑色 GSM,900,1800,1900,2100', '', '', 'images/201310/thumb_img/20_thumb_G_1381393814160.jpg', 'images/201310/goods_img/20_G_1381393814642.jpg', 'images/201310/source_img/20_G_1381393814325.jpg', '1', '', '0', '1', '0', '2', '1241970417', '100', '0', '1', '0', '0', '1', '0', '1384831163', '9', '', '-1', '-1', '0', '0');
INSERT INTO `ecs_goods` ( `goods_id`, `cat_id`, `goods_sn`, `goods_name`, `goods_name_style`, `click_count`, `brand_id`, `provider_name`, `goods_number`, `goods_weight`, `market_price`, `shop_price`, `promote_price`, `promote_start_date`, `promote_end_date`, `warn_number`, `keywords`, `goods_brief`, `goods_desc`, `goods_thumb`, `goods_img`, `original_img`, `is_real`, `extension_code`, `is_on_sale`, `is_alone_sale`, `is_shipping`, `integral`, `add_time`, `sort_order`, `is_delete`, `is_best`, `is_new`, `is_hot`, `is_promote`, `bonus_type_id`, `last_update`, `goods_type`, `seller_note`, `give_integral`, `rank_integral`, `suppliers_id`, `is_check` ) VALUES  ('21', '3', 'ECS000021', 'ECSHOP模板中心68ecshop.com测试商品', '+', '10', '10', '', '65534', '0.000', '2400.00', '2000.00', '0.00', '0', '0', '1', '2008年03月 GSM,900,1800,1900,2100 直板 1600万 240×400 像素 2007年12月 200万摄像头 黑色', '', '<p>&nbsp;</p>\r\n<p align=\"left\"><span style=\"font-size: medium;\"><font size=\"3\">标准配置: 标准锂电池两块,充电器两个,立体声耳机一个,数据线,说明书送256TF</font></span></p>\r\n<p align=\"left\"><span style=\"font-size: medium;\"><font size=\"3\">通讯功能&nbsp; 输入法 短信功能 话机通讯录 通话记录</font></span></p>\r\n<p align=\"left\"><span style=\"font-size: medium;\"><font size=\"3\">输入法: 中文输入法</font></span></p>\r\n<p align=\"left\"><span style=\"font-size: medium;\"><font size=\"3\">短信功能: 支持短信300条和彩信100条</font></span></p>\r\n<p align=\"left\"><span style=\"font-size: medium;\"><font size=\"3\">话机通讯录: 1000组名片式电话存储 来电防火墙功能&nbsp; 来电大头贴及来电铃声识别</font></span></p>\r\n<p align=\"left\"><span style=\"font-size: medium;\"><font size=\"3\">通话记录：支持电话录音,恢复/静音,双音多频,免提</font></span></p>\r\n<p>&nbsp;</p>\r\n<p><font size=\"3\">高级功能</font></p>\r\n<p align=\"left\"><span style=\"font-size: medium;\"><font size=\"3\">多媒体娱乐: 200万像素，最大支持10240*960，11级数码变焦,多种效果设置,连拍可全屏查看拍摄或下载的图片.支持有声MP4短片拍摄，录像时间根据内存 大小而定，拍摄录像,TV电视可跟朋友家人一起分享。支持网络摄像头功能 支持MPEG4、3GP(H.263)等视频格式 支持MP3等音频格式播放， 支持歌词播放</font></span></p>\r\n<p align=\"left\"><span style=\"font-size: medium;\"><font size=\"3\">内置游戏:智能拼图</font></span></p>\r\n<p align=\"left\"><span style=\"font-size: medium;\"><font size=\"3\">扩展存储功能:支持TF扩展,支持U盘功能,本机内置1M,随机赠送256TF卡</font></span></p>\r\n<p align=\"left\"><span style=\"font-size: medium;\"><font size=\"3\">高级功能:直板/智能PDA手写/键盘输入 超长待机 WAP上网&nbsp; 录音 蓝牙 FM收音机 电子书 Java扩展 TV电视输出 声控语音拨号 免费电视 来电防火墙&nbsp;&nbsp;&nbsp;</font></span></p>\r\n<p align=\"left\"><span style=\"font-size: medium;\"><font size=\"3\">附加功能: 日历 计算器 闹钟 记事本 日程表 秒表 单位换算</font></span></p>\r\n<p><span style=\"font-size: medium;\"><font size=\"3\">提醒 以上性能均为本公司员工试机后所写,产品资料仅供参考,请以收到实物为准</font></span></p>', 'images/201405/thumb_img/21_thumb_G_1399963079916.jpg', 'images/201405/goods_img/21_G_1399963079084.jpg', 'images/201405/source_img/21_G_1399963079915.jpg', '1', '', '1', '1', '0', '20', '1241970634', '100', '0', '1', '0', '0', '0', '0', '1399963079', '9', '', '-1', '-1', '0', '0');
INSERT INTO `ecs_goods` ( `goods_id`, `cat_id`, `goods_sn`, `goods_name`, `goods_name_style`, `click_count`, `brand_id`, `provider_name`, `goods_number`, `goods_weight`, `market_price`, `shop_price`, `promote_price`, `promote_start_date`, `promote_end_date`, `warn_number`, `keywords`, `goods_brief`, `goods_desc`, `goods_thumb`, `goods_img`, `original_img`, `is_real`, `extension_code`, `is_on_sale`, `is_alone_sale`, `is_shipping`, `integral`, `add_time`, `sort_order`, `is_delete`, `is_best`, `is_new`, `is_hot`, `is_promote`, `bonus_type_id`, `last_update`, `goods_type`, `seller_note`, `give_integral`, `rank_integral`, `suppliers_id`, `is_check` ) VALUES  ('22', '3', 'ECS000022', 'ECSHOP模板中心68ecshop.com测试商品', '+', '35', '3', '', '65534', '0.000', '7198.80', '5999.00', '0.00', '0', '0', '1', '500万摄像头 蓝牙 手写 GPS 办公应用 语音拨号 2008年12月 黑色 GSM,850,900,1800,1900 直板', '', '', 'images/201405/thumb_img/22_thumb_G_1399963097437.jpg', 'images/201405/goods_img/22_G_1399963097723.jpg', 'images/201405/source_img/22_G_1399963097045.jpg', '1', '', '1', '1', '0', '59', '1241971076', '100', '0', '0', '1', '0', '0', '0', '1399963097', '9', '', '-1', '-1', '0', '0');
INSERT INTO `ecs_goods` ( `goods_id`, `cat_id`, `goods_sn`, `goods_name`, `goods_name_style`, `click_count`, `brand_id`, `provider_name`, `goods_number`, `goods_weight`, `market_price`, `shop_price`, `promote_price`, `promote_start_date`, `promote_end_date`, `warn_number`, `keywords`, `goods_brief`, `goods_desc`, `goods_thumb`, `goods_img`, `original_img`, `is_real`, `extension_code`, `is_on_sale`, `is_alone_sale`, `is_shipping`, `integral`, `add_time`, `sort_order`, `is_delete`, `is_best`, `is_new`, `is_hot`, `is_promote`, `bonus_type_id`, `last_update`, `goods_type`, `seller_note`, `give_integral`, `rank_integral`, `suppliers_id`, `is_check` ) VALUES  ('23', '5', 'ECS000023', 'ECSHOP模板中心68ecshop.com测试商品', '+', '56', '1', '', '65535', '0.000', '4440.00', '3700.00', '0.00', '0', '0', '1', '500万摄像头 microSD 工程塑料 蓝牙 数码相机 内置游戏 滑盖 高档 2008年09月 320×240 像素 黑色', '', '<p>诺基亚N96采用了<strong><font size=\"3\" color=\"#ff0000\">双向滑盖</font></strong>设计，机身整体呈灰黑色，沉稳、大气，机身材质采用了高强度的塑料材质，手机背面采用了抛光面板的设计风格。N96三维体积103*55*20mm，重量为125g。屏幕方面，诺基亚N96配备一块<strong><font size=\"3\" color=\"#ff0000\">2.8英寸</font></strong>的屏幕，支持<strong><font size=\"3\" color=\"#ff0000\">1670万色</font></strong>显示，分辨率达到QVGA（320&times;240）水准。</p>\r\n<p><img src=\"file:///C:/DOCUME~1/user/LOCALS~1/Temp/moz-screenshot.jpg\" alt=\"\" /></p>\r\n<p>&nbsp;</p>\r\n<p>&nbsp;<img alt=\"\" src=\"http://img2.zol.com.cn/product/21/896/ceN6LBMCid3X6.jpg\" /></p>\r\n<p>诺基亚N96设置有专门的<strong><font size=\"3\" color=\"#ff0000\">音乐播放键</font></strong>和标准的3.5毫米音频插口，支持多格式音乐播放。内置了<strong><font size=\"3\" color=\"#ff0000\">多媒体播放器</font></strong>，支持FM调频收音机等娱乐功能。N96手机支持<strong><font size=\"3\" color=\"#ff0000\">N-Gage游戏平台</font></strong>，内置包括<font size=\"3\" color=\"#ff0000\"><strong>《PinBall》完整版</strong></font>在内的四款N-Gage游戏，除了手机本身内置的游戏，还可以从N-Gage的网站下载或者购买最新的游戏，而且可以在论坛里和其他玩家一起讨论。</p>\r\n<p><img alt=\"\" src=\"http://img2.zol.com.cn/product/21/898/cekkw57qJjSI.jpg\" /></p>\r\n<p>&nbsp;</p>', 'images/201405/thumb_img/23_thumb_G_1399962927636.jpg', 'images/201405/goods_img/23_G_1399962927338.jpg', 'images/201405/source_img/23_G_1399962927800.jpg', '1', '', '1', '1', '0', '37', '1241971488', '100', '0', '0', '0', '1', '0', '0', '1399962927', '9', '', '-1', '-1', '0', '0');
INSERT INTO `ecs_goods` ( `goods_id`, `cat_id`, `goods_sn`, `goods_name`, `goods_name_style`, `click_count`, `brand_id`, `provider_name`, `goods_number`, `goods_weight`, `market_price`, `shop_price`, `promote_price`, `promote_start_date`, `promote_end_date`, `warn_number`, `keywords`, `goods_brief`, `goods_desc`, `goods_thumb`, `goods_img`, `original_img`, `is_real`, `extension_code`, `is_on_sale`, `is_alone_sale`, `is_shipping`, `integral`, `add_time`, `sort_order`, `is_delete`, `is_best`, `is_new`, `is_hot`, `is_promote`, `bonus_type_id`, `last_update`, `goods_type`, `seller_note`, `give_integral`, `rank_integral`, `suppliers_id`, `is_check` ) VALUES  ('24', '3', 'ECS000024', 'ECSHOP模板中心68ecshop.com测试商品', '+', '176', '9', '', '65535', '0.000', '2400.00', '2000.00', '1850.00', '1243785600', '1625846400', '1', '旅行充电器 图形菜单 Wap 上网 红外接口 移动 MSN 支持 2008年06月 灰色', '', '<div>\r\n<div>\r\n<div><font size=\"4\">规格参数</font></div>\r\n<p><font size=\"4\"><span>上市时间：</span><span>2008年06月</span></font></p>\r\n<p><font size=\"4\"><span>网络频率：</span><span>GSM/GPRS；900/1800MHz</span></font></p>\r\n<p><font size=\"4\"><span>重　量　：</span><span>未知</span></font></p>\r\n<p><font size=\"4\"><span>尺寸/体积：</span><span>未知</span></font></p>\r\n<p><font size=\"4\"><span>可选颜色：</span><span>银色</span></font></p>\r\n<p><font size=\"4\"><span>屏幕参数：</span><span>26万色TFT彩色屏幕；</span></font></p>\r\n<p><font size=\"4\"><span>WAP上网：</span><span>支持飞笺</span></font></p>\r\n<p><font size=\"4\"><span>基本配置:<em><strong><font size=\"5\" color=\"#ff00ff\">二电(1760毫安) 一充 数据线 耳机 手写笔 512M内存卡</font></strong></em></span></font></p>\r\n<p>&nbsp;</p>\r\n</div>\r\n</div>\r\n<div><font size=\"4\">基本功能</font></div>\r\n<p><font size=\"4\"><span>『时钟』</span><span>『内置振动』</span><span>『录音』</span><span>『可选铃声』</span></font></p>\r\n<p><font size=\"4\"><span>『和弦铃声』</span><span>『MP3铃声』</span><span>『来电铃声识别』</span><span>『来电图片识别』</span></font></p>\r\n<p><font size=\"4\"><span>『情景模式』</span><span>『待机图片』</span><span>『图形菜单』</span><span>『触摸屏』</span></font></p>\r\n<p><span><font size=\"4\">『手写输入』</font></span></p>\r\n<div><font size=\"4\">通信功能</font></div>\r\n<p><font size=\"4\"><span>『双卡双待』</span><span>『内置天线』</span><span>『输入法』</span><span>『中文短信』</span></font></p>\r\n<p><font size=\"4\"><span>『短信群发』</span><span>『多媒体短信』</span><span>『话机通讯录』</span><span>『通话记录』</span></font></p>\r\n<p><font size=\"4\"><span>『免提通话』</span><span>『飞行模式』</span></font></p>\r\n<div><font size=\"4\">多媒体娱乐 :支持3GP、MP4文件播放</font></div>\r\n<p><font size=\"4\"><span>『视频播放』</span><span>『MP3播放器』</span></font></p>\r\n<p><font size=\"4\"><span>多媒体卡扩展：</span><span>支持microSD卡扩展&nbsp;</span></font></p>\r\n<p><font size=\"4\"><span>摄像头：</span><span>内置</span></font></p>\r\n<p><font size=\"4\"><span>摄像头像素：</span><span>30万像素</span></font></p>\r\n<p><font size=\"4\"><span>传感器类型：</span><span>CMOS</span></font></p>\r\n<p><font size=\"4\"><span>变焦模式：</span><span>数码变焦</span></font></p>\r\n<p><font size=\"4\"><span>照片分辨率：</span><span>多种照片分辨率选择</span></font></p>\r\n<p><font size=\"4\"><span>拍摄模式：</span><span>多种拍摄模式选择</span></font></p>\r\n<p><font size=\"4\"><span>照片质量：</span><span>多种照片质量选择</span></font></p>\r\n<p><font size=\"4\"><span>视频拍摄：</span><span>有声视频拍摄</span></font></p>\r\n<div><font size=\"4\">数据传输</font></div>\r\n<p><font size=\"4\"><span>『WAP浏览器』</span><span>『数据线接口』</span></font></p>\r\n<div><font size=\"4\">个人助理</font></div>\r\n<p><font size=\"4\"><span>『闹钟』</span><span>『日历』</span><span>『计算器』</span></font></p>', 'images/201405/thumb_img/24_thumb_G_1399962854067.jpg', 'images/201405/goods_img/24_G_1399962854554.jpg', 'images/201405/source_img/24_G_1399962853898.jpg', '1', '', '1', '1', '0', '20', '1241971981', '100', '0', '0', '0', '1', '1', '0', '1399962853', '9', '', '-1', '-1', '0', '0');
INSERT INTO `ecs_goods` ( `goods_id`, `cat_id`, `goods_sn`, `goods_name`, `goods_name_style`, `click_count`, `brand_id`, `provider_name`, `goods_number`, `goods_weight`, `market_price`, `shop_price`, `promote_price`, `promote_start_date`, `promote_end_date`, `warn_number`, `keywords`, `goods_brief`, `goods_desc`, `goods_thumb`, `goods_img`, `original_img`, `is_real`, `extension_code`, `is_on_sale`, `is_alone_sale`, `is_shipping`, `integral`, `add_time`, `sort_order`, `is_delete`, `is_best`, `is_new`, `is_hot`, `is_promote`, `bonus_type_id`, `last_update`, `goods_type`, `seller_note`, `give_integral`, `rank_integral`, `suppliers_id`, `is_check` ) VALUES  ('25', '13', 'ECS000025', 'ECSHOP模板中心68ecshop.com测试商品', '+', '0', '0', '', '65535', '0.000', '57.59', '48.00', '0.00', '0', '0', '1', '', '', '', 'images/200905/thumb_img/25_thumb_G_1241972709885.jpg', 'images/200905/goods_img/25_G_1241972709544.jpg', 'images/200905/source_img/25_G_1241972709750.jpg', '0', 'virtual_card', '1', '1', '0', '0', '1241972709', '100', '0', '1', '0', '1', '0', '0', '1245047546', '0', '', '-1', '-1', '0', '0');
INSERT INTO `ecs_goods` ( `goods_id`, `cat_id`, `goods_sn`, `goods_name`, `goods_name_style`, `click_count`, `brand_id`, `provider_name`, `goods_number`, `goods_weight`, `market_price`, `shop_price`, `promote_price`, `promote_start_date`, `promote_end_date`, `warn_number`, `keywords`, `goods_brief`, `goods_desc`, `goods_thumb`, `goods_img`, `original_img`, `is_real`, `extension_code`, `is_on_sale`, `is_alone_sale`, `is_shipping`, `integral`, `add_time`, `sort_order`, `is_delete`, `is_best`, `is_new`, `is_hot`, `is_promote`, `bonus_type_id`, `last_update`, `goods_type`, `seller_note`, `give_integral`, `rank_integral`, `suppliers_id`, `is_check` ) VALUES  ('26', '13', 'ECS000026', 'ECSHOP模板中心68ecshop.com测试商品', '+', '0', '0', '', '65535', '0.000', '22.80', '19.00', '0.00', '0', '0', '1', '', '', '', 'images/200905/thumb_img/26_thumb_G_1241972789393.jpg', 'images/200905/goods_img/26_G_1241972789293.jpg', 'images/200905/source_img/26_G_1241972789353.jpg', '0', 'virtual_card', '1', '1', '0', '0', '1241972789', '100', '0', '0', '0', '1', '0', '0', '1245047540', '0', '', '-1', '-1', '0', '0');
INSERT INTO `ecs_goods` ( `goods_id`, `cat_id`, `goods_sn`, `goods_name`, `goods_name_style`, `click_count`, `brand_id`, `provider_name`, `goods_number`, `goods_weight`, `market_price`, `shop_price`, `promote_price`, `promote_start_date`, `promote_end_date`, `warn_number`, `keywords`, `goods_brief`, `goods_desc`, `goods_thumb`, `goods_img`, `original_img`, `is_real`, `extension_code`, `is_on_sale`, `is_alone_sale`, `is_shipping`, `integral`, `add_time`, `sort_order`, `is_delete`, `is_best`, `is_new`, `is_hot`, `is_promote`, `bonus_type_id`, `last_update`, `goods_type`, `seller_note`, `give_integral`, `rank_integral`, `suppliers_id`, `is_check` ) VALUES  ('27', '15', 'ECS000027', 'ECSHOP模板中心68ecshop.com测试商品', '+', '1', '0', '', '65535', '0.000', '100.00', '95.00', '0.00', '0', '0', '1', '', '', '', 'images/200905/thumb_img/27_thumb_G_1241972894068.jpg', 'images/200905/goods_img/27_G_1241972894061.jpg', 'images/200905/source_img/27_G_1241972894069.jpg', '0', 'virtual_card', '1', '1', '0', '0', '1241972894', '100', '0', '1', '1', '1', '0', '0', '1245047557', '0', '', '-1', '-1', '0', '0');
INSERT INTO `ecs_goods` ( `goods_id`, `cat_id`, `goods_sn`, `goods_name`, `goods_name_style`, `click_count`, `brand_id`, `provider_name`, `goods_number`, `goods_weight`, `market_price`, `shop_price`, `promote_price`, `promote_start_date`, `promote_end_date`, `warn_number`, `keywords`, `goods_brief`, `goods_desc`, `goods_thumb`, `goods_img`, `original_img`, `is_real`, `extension_code`, `is_on_sale`, `is_alone_sale`, `is_shipping`, `integral`, `add_time`, `sort_order`, `is_delete`, `is_best`, `is_new`, `is_hot`, `is_promote`, `bonus_type_id`, `last_update`, `goods_type`, `seller_note`, `give_integral`, `rank_integral`, `suppliers_id`, `is_check` ) VALUES  ('28', '15', 'ECS000028', 'ECSHOP模板中心68ecshop.com测试商品', '+', '0', '0', '', '65535', '0.000', '50.00', '45.00', '0.00', '0', '0', '1', '', '', '', 'images/200905/thumb_img/28_thumb_G_1241972976986.jpg', 'images/200905/goods_img/28_G_1241972976313.jpg', 'images/200905/source_img/28_G_1241972976695.jpg', '0', 'virtual_card', '1', '1', '0', '0', '1241972976', '100', '0', '0', '0', '1', '0', '0', '1245047542', '0', '', '-1', '-1', '0', '0');
INSERT INTO `ecs_goods` ( `goods_id`, `cat_id`, `goods_sn`, `goods_name`, `goods_name_style`, `click_count`, `brand_id`, `provider_name`, `goods_number`, `goods_weight`, `market_price`, `shop_price`, `promote_price`, `promote_start_date`, `promote_end_date`, `warn_number`, `keywords`, `goods_brief`, `goods_desc`, `goods_thumb`, `goods_img`, `original_img`, `is_real`, `extension_code`, `is_on_sale`, `is_alone_sale`, `is_shipping`, `integral`, `add_time`, `sort_order`, `is_delete`, `is_best`, `is_new`, `is_hot`, `is_promote`, `bonus_type_id`, `last_update`, `goods_type`, `seller_note`, `give_integral`, `rank_integral`, `suppliers_id`, `is_check` ) VALUES  ('29', '14', 'ECS000029', 'ECSHOP模板中心68ecshop.com测试商品', '+', '0', '0', '', '65535', '0.000', '0.00', '90.00', '0.00', '0', '0', '1', '', '', '', 'images/200905/thumb_img/29_thumb_G_1241973022239.jpg', 'images/200905/goods_img/29_G_1241973022206.jpg', 'images/200905/source_img/29_G_1241973022514.jpg', '0', 'virtual_card', '1', '1', '0', '0', '1241973022', '100', '0', '1', '0', '1', '0', '0', '1245047543', '0', '', '-1', '-1', '0', '0');
INSERT INTO `ecs_goods` ( `goods_id`, `cat_id`, `goods_sn`, `goods_name`, `goods_name_style`, `click_count`, `brand_id`, `provider_name`, `goods_number`, `goods_weight`, `market_price`, `shop_price`, `promote_price`, `promote_start_date`, `promote_end_date`, `warn_number`, `keywords`, `goods_brief`, `goods_desc`, `goods_thumb`, `goods_img`, `original_img`, `is_real`, `extension_code`, `is_on_sale`, `is_alone_sale`, `is_shipping`, `integral`, `add_time`, `sort_order`, `is_delete`, `is_best`, `is_new`, `is_hot`, `is_promote`, `bonus_type_id`, `last_update`, `goods_type`, `seller_note`, `give_integral`, `rank_integral`, `suppliers_id`, `is_check` ) VALUES  ('30', '14', 'ECS000030', 'ECSHOP模板中心68ecshop.com测试商品', '+', '1', '0', '', '65535', '0.000', '21.00', '18.00', '0.00', '0', '0', '1', '', '', '', 'images/200905/thumb_img/30_thumb_G_1241973114800.jpg', 'images/200905/goods_img/30_G_1241973114234.jpg', 'images/200905/source_img/30_G_1241973114587.jpg', '0', 'virtual_card', '1', '1', '0', '0', '1241973114', '100', '0', '1', '0', '1', '0', '0', '1245047549', '0', '', '-1', '-1', '0', '0');
INSERT INTO `ecs_goods` ( `goods_id`, `cat_id`, `goods_sn`, `goods_name`, `goods_name_style`, `click_count`, `brand_id`, `provider_name`, `goods_number`, `goods_weight`, `market_price`, `shop_price`, `promote_price`, `promote_start_date`, `promote_end_date`, `warn_number`, `keywords`, `goods_brief`, `goods_desc`, `goods_thumb`, `goods_img`, `original_img`, `is_real`, `extension_code`, `is_on_sale`, `is_alone_sale`, `is_shipping`, `integral`, `add_time`, `sort_order`, `is_delete`, `is_best`, `is_new`, `is_hot`, `is_promote`, `bonus_type_id`, `last_update`, `goods_type`, `seller_note`, `give_integral`, `rank_integral`, `suppliers_id`, `is_check` ) VALUES  ('31', '3', 'ECS000031', 'ECSHOP模板中心68ecshop.com测试商品', '+', '19', '2', '', '65534', '0.000', '1604.39', '1337.00', '0.00', '0', '0', '1', '直板', '', '', 'images/201405/thumb_img/31_thumb_G_1399963036056.jpg', 'images/201405/goods_img/31_G_1399963036867.jpg', 'images/201405/source_img/31_G_1399963036547.jpg', '1', '', '1', '1', '0', '13', '1242110412', '100', '0', '1', '0', '0', '0', '0', '1399963035', '7', '', '-1', '-1', '0', '0');
INSERT INTO `ecs_goods` ( `goods_id`, `cat_id`, `goods_sn`, `goods_name`, `goods_name_style`, `click_count`, `brand_id`, `provider_name`, `goods_number`, `goods_weight`, `market_price`, `shop_price`, `promote_price`, `promote_start_date`, `promote_end_date`, `warn_number`, `keywords`, `goods_brief`, `goods_desc`, `goods_thumb`, `goods_img`, `original_img`, `is_real`, `extension_code`, `is_on_sale`, `is_alone_sale`, `is_shipping`, `integral`, `add_time`, `sort_order`, `is_delete`, `is_best`, `is_new`, `is_hot`, `is_promote`, `bonus_type_id`, `last_update`, `goods_type`, `seller_note`, `give_integral`, `rank_integral`, `suppliers_id`, `is_check` ) VALUES  ('32', '3', 'ECS000032', 'ECSHOP模板中心68ecshop.com测试商品', '+', '234', '1', '', '65534', '0.000', '3612.00', '3010.00', '2750.00', '1243785600', '1625846400', '1', '2008年10月 GSM,850,900,1800,1900 黑色', '', '<p>诺基亚N85参数</p>\r\n<div>&nbsp;</div>\r\n<div>\r\n<table width=\"100%\" border=\"0\" bgcolor=\"#c5d7ed\" cellspacing=\"1\" cellpadding=\"0\">\r\n    <tbody>\r\n        <tr>\r\n            <td bgcolor=\"#f1f7fc\" colspan=\"2\">\r\n            <p><b>基本参数</b></p>\r\n            </td>\r\n        </tr>\r\n        <tr>\r\n            <td width=\"100\" valign=\"center\" bgcolor=\"#ffffff\" align=\"left\">手机昵称</td>\r\n            <td width=\"450\" bgcolor=\"#ffffff\">N85</td>\r\n        </tr>\r\n        <tr>\r\n            <td width=\"100\" valign=\"center\" bgcolor=\"#ffffff\" align=\"left\">上市日期</td>\r\n            <td width=\"450\" bgcolor=\"#ffffff\">2008年10月</td>\r\n        </tr>\r\n        <tr>\r\n            <td width=\"100\" valign=\"center\" bgcolor=\"#ffffff\" align=\"left\">手机类型</td>\r\n            <td width=\"450\" bgcolor=\"#ffffff\">3G手机；拍照手机；智能手机</td>\r\n        </tr>\r\n        <tr>\r\n            <td width=\"100\" valign=\"center\" bgcolor=\"#ffffff\" align=\"left\">手机制式</td>\r\n            <td width=\"450\" bgcolor=\"#ffffff\">GSM</td>\r\n        </tr>\r\n        <tr>\r\n            <td width=\"100\" valign=\"center\" bgcolor=\"#ffffff\" align=\"left\">支持频段</td>\r\n            <td width=\"450\" bgcolor=\"#ffffff\">GSM850/900/1800/1900MHz</td>\r\n        </tr>\r\n        <tr>\r\n            <td width=\"100\" valign=\"center\" bgcolor=\"#ffffff\" align=\"left\">数据传输</td>\r\n            <td width=\"450\" bgcolor=\"#ffffff\">GPRS、EDGE</td>\r\n        </tr>\r\n        <tr>\r\n            <td width=\"100\" valign=\"center\" bgcolor=\"#ffffff\" align=\"left\">屏幕材质</td>\r\n            <td width=\"450\" bgcolor=\"#ffffff\">AMOLED</td>\r\n        </tr>\r\n        <tr>\r\n            <td width=\"100\" valign=\"center\" bgcolor=\"#ffffff\" align=\"left\">屏幕色彩</td>\r\n            <td width=\"450\" bgcolor=\"#ffffff\">1600万色</td>\r\n        </tr>\r\n        <tr>\r\n            <td width=\"100\" valign=\"center\" bgcolor=\"#ffffff\" align=\"left\">主屏尺寸</td>\r\n            <td width=\"450\" bgcolor=\"#ffffff\">2.6英寸</td>\r\n        </tr>\r\n        <tr>\r\n            <td width=\"100\" valign=\"center\" bgcolor=\"#ffffff\" align=\"left\">主屏参数</td>\r\n            <td width=\"450\" bgcolor=\"#ffffff\">QVGA 320&times;240像素</td>\r\n        </tr>\r\n        <tr>\r\n            <td width=\"100\" valign=\"center\" bgcolor=\"#ffffff\" align=\"left\">铃音描述</td>\r\n            <td width=\"450\" bgcolor=\"#ffffff\">可选MP3、WAV、AAC或和弦Midi铃声等格式</td>\r\n        </tr>\r\n        <tr>\r\n            <td width=\"100\" valign=\"center\" bgcolor=\"#ffffff\" align=\"left\">操作系统</td>\r\n            <td width=\"450\" bgcolor=\"#ffffff\">Symbian OS v9.3操作系统与S60 v3.2平台的组合</td>\r\n        </tr>\r\n        <tr>\r\n            <td width=\"100\" valign=\"center\" bgcolor=\"#ffffff\" align=\"left\">机身内存</td>\r\n            <td width=\"450\" bgcolor=\"#ffffff\">74MB 内部动态存储空间<br />\r\n            78MB 内置NAND闪存</td>\r\n        </tr>\r\n        <tr>\r\n            <td width=\"100\" valign=\"center\" bgcolor=\"#ffffff\" align=\"left\">存储卡</td>\r\n            <td width=\"450\" bgcolor=\"#ffffff\">支持MicroSD(T-Flash)卡扩展最大至8GB</td>\r\n        </tr>\r\n        <tr>\r\n            <td width=\"100\" valign=\"center\" bgcolor=\"#ffffff\" align=\"left\">电池规格</td>\r\n            <td width=\"450\" bgcolor=\"#ffffff\">1200毫安时锂电池</td>\r\n        </tr>\r\n        <tr>\r\n            <td width=\"100\" valign=\"center\" bgcolor=\"#ffffff\" align=\"left\">标配</td>\r\n            <td width=\"450\" bgcolor=\"#ffffff\">诺基亚 N85<br />\r\n            诺基亚电池（BL-5K）<br />\r\n            诺基亚旅行充电器（AC-10）<br />\r\n            诺基亚视频数据线（CA-75U）<br />\r\n            诺基亚数据线（CA-101）<br />\r\n            诺基亚音乐耳机（HS-45、AD-54）<br />\r\n            诺基亚 8 GB microSD 卡（MU-43）<br />\r\n            《用户手册》<br />\r\n            《快速入门》</td>\r\n        </tr>\r\n        <tr>\r\n            <td width=\"100\" valign=\"center\" bgcolor=\"#ffffff\" align=\"left\">理论通话时间</td>\r\n            <td width=\"450\" bgcolor=\"#ffffff\">6.9 小时</td>\r\n        </tr>\r\n        <tr>\r\n            <td width=\"100\" valign=\"center\" bgcolor=\"#ffffff\" align=\"left\">理论待机时间</td>\r\n            <td width=\"450\" bgcolor=\"#ffffff\">363 小时</td>\r\n        </tr>\r\n        <tr>\r\n            <td bgcolor=\"#f1f7fc\" colspan=\"2\">\r\n            <p><b>产品外形</b></p>\r\n            </td>\r\n        </tr>\r\n        <tr>\r\n            <td width=\"100\" valign=\"center\" bgcolor=\"#ffffff\" align=\"left\">外观设计</td>\r\n            <td width=\"450\" bgcolor=\"#ffffff\">双向滑盖</td>\r\n        </tr>\r\n        <tr>\r\n            <td width=\"100\" valign=\"center\" bgcolor=\"#ffffff\" align=\"left\">产品尺寸</td>\r\n            <td width=\"450\" bgcolor=\"#ffffff\">103&times;50&times;16mm<br />\r\n            体积：76 立方厘米</td>\r\n        </tr>\r\n        <tr>\r\n            <td width=\"100\" valign=\"center\" bgcolor=\"#ffffff\" align=\"left\">手机重量</td>\r\n            <td width=\"450\" bgcolor=\"#ffffff\">128克</td>\r\n        </tr>\r\n        <tr>\r\n            <td width=\"100\" valign=\"center\" bgcolor=\"#ffffff\" align=\"left\">产品天线</td>\r\n            <td width=\"450\" bgcolor=\"#ffffff\">内置</td>\r\n        </tr>\r\n        <tr>\r\n            <td bgcolor=\"#f1f7fc\" colspan=\"2\">\r\n            <p><b>拍照功能</b></p>\r\n            </td>\r\n        </tr>\r\n        <tr>\r\n            <td width=\"550\" valign=\"center\" bgcolor=\"#ffffff\" align=\"left\" style=\"padding: 8px 0px;\" colspan=\"2\">\r\n            <table border=\"0\" align=\"left\" cellspacing=\"1\" cellpadding=\"0\">\r\n                <tbody>\r\n                    <tr>\r\n                        <td width=\"100\" style=\"padding: 5px 0px 5px 10px;\">\r\n                        <table width=\"100%\" border=\"0\" bgcolor=\"#c5d7ed\" cellspacing=\"1\" cellpadding=\"0\">\r\n                            <tbody>\r\n                                <tr>\r\n                                    <td width=\"100%\" bgcolor=\"#f1f7fc\" align=\"center\" style=\"padding: 2px; font-weight: bold;\">定时器</td>\r\n                                </tr>\r\n                            </tbody>\r\n                        </table>\r\n                        </td>\r\n                        <td width=\"100\" style=\"padding: 5px 0px 5px 10px;\">&nbsp;</td>\r\n                    </tr>\r\n                </tbody>\r\n            </table>\r\n            </td>\r\n        </tr>\r\n        <tr>\r\n            <td width=\"100\" valign=\"center\" bgcolor=\"#ffffff\" align=\"left\">摄像头</td>\r\n            <td width=\"450\" bgcolor=\"#ffffff\">内置</td>\r\n        </tr>\r\n        <tr>\r\n            <td width=\"100\" valign=\"center\" bgcolor=\"#ffffff\" align=\"left\">摄像头像素</td>\r\n            <td width=\"450\" bgcolor=\"#ffffff\">500万像素</td>\r\n        </tr>\r\n        <tr>\r\n            <td width=\"100\" valign=\"center\" bgcolor=\"#ffffff\" align=\"left\">连拍功能</td>\r\n            <td width=\"450\" bgcolor=\"#ffffff\">支持</td>\r\n        </tr>\r\n        <tr>\r\n            <td width=\"100\" valign=\"center\" bgcolor=\"#ffffff\" align=\"left\">LED闪光灯</td>\r\n            <td width=\"450\" bgcolor=\"#ffffff\">双LED 闪光灯</td>\r\n        </tr>\r\n        <tr>\r\n            <td width=\"100\" valign=\"center\" bgcolor=\"#ffffff\" align=\"left\">数码变焦</td>\r\n            <td width=\"450\" bgcolor=\"#ffffff\">20 倍数码变焦</td>\r\n        </tr>\r\n        <tr>\r\n            <td width=\"100\" valign=\"center\" bgcolor=\"#ffffff\" align=\"left\">拍摄模式</td>\r\n            <td width=\"450\" bgcolor=\"#ffffff\">静止、连拍、自动定时器、摄像</td>\r\n        </tr>\r\n        <tr>\r\n            <td width=\"100\" valign=\"center\" bgcolor=\"#ffffff\" align=\"left\">照片特效</td>\r\n            <td width=\"450\" bgcolor=\"#ffffff\">正常、怀旧、黑白、负片、逼真</td>\r\n        </tr>\r\n        <tr>\r\n            <td width=\"100\" valign=\"center\" bgcolor=\"#ffffff\" align=\"left\">拍照描述</td>\r\n            <td width=\"450\" bgcolor=\"#ffffff\">支持最大2592&times;1944分辨率照片拍摄<br />\r\n            支持JPEG、Exif格式<br />\r\n            白平衡模式：自动、阳光、阴天、白炽灯、荧光灯<br />\r\n            感光度模式：高、中、低、自动</td>\r\n        </tr>\r\n        <tr>\r\n            <td width=\"100\" valign=\"center\" bgcolor=\"#ffffff\" align=\"left\">视频拍摄</td>\r\n            <td width=\"450\" bgcolor=\"#ffffff\">最高支持640 x 480 像素（VGA）、30 帧/秒</td>\r\n        </tr>\r\n        <tr>\r\n            <td bgcolor=\"#f1f7fc\" colspan=\"2\">\r\n            <p><b>娱乐功能</b></p>\r\n            </td>\r\n        </tr>\r\n        <tr>\r\n            <td width=\"550\" valign=\"center\" bgcolor=\"#ffffff\" align=\"left\" style=\"padding: 8px 0px;\" colspan=\"2\">\r\n            <table border=\"0\" align=\"left\" cellspacing=\"1\" cellpadding=\"0\">\r\n                <tbody>\r\n                    <tr>\r\n                        <td width=\"100\" style=\"padding: 5px 0px 5px 10px;\">\r\n                        <table width=\"100%\" border=\"0\" bgcolor=\"#c5d7ed\" cellspacing=\"1\" cellpadding=\"0\">\r\n                            <tbody>\r\n                                <tr>\r\n                                    <td width=\"100%\" bgcolor=\"#f1f7fc\" align=\"center\" style=\"padding: 2px; font-weight: bold;\">收音机</td>\r\n                                </tr>\r\n                            </tbody>\r\n                        </table>\r\n                        </td>\r\n                        <td width=\"100\" style=\"padding: 5px 0px 5px 10px;\">\r\n                        <table width=\"100%\" border=\"0\" bgcolor=\"#c5d7ed\" cellspacing=\"1\" cellpadding=\"0\">\r\n                            <tbody>\r\n                                <tr>\r\n                                    <td width=\"100%\" bgcolor=\"#f1f7fc\" align=\"center\" style=\"padding: 2px; font-weight: bold;\">TV-OUT</td>\r\n                                </tr>\r\n                            </tbody>\r\n                        </table>\r\n                        </td>\r\n                        <td width=\"100\" style=\"padding: 5px 0px 5px 10px;\">\r\n                        <table width=\"100%\" border=\"0\" bgcolor=\"#c5d7ed\" cellspacing=\"1\" cellpadding=\"0\">\r\n                            <tbody>\r\n                                <tr>\r\n                                    <td width=\"100%\" bgcolor=\"#f1f7fc\" align=\"center\" style=\"padding: 2px; font-weight: bold;\">录音功能</td>\r\n                                </tr>\r\n                            </tbody>\r\n                        </table>\r\n                        </td>\r\n                        <td width=\"100\" style=\"padding: 5px 0px 5px 10px;\">\r\n                        <table width=\"100%\" border=\"0\" bgcolor=\"#c5d7ed\" cellspacing=\"1\" cellpadding=\"0\">\r\n                            <tbody>\r\n                                <tr>\r\n                                    <td width=\"100%\" bgcolor=\"#f1f7fc\" align=\"center\" style=\"padding: 2px; font-weight: bold;\">电子书</td>\r\n                                </tr>\r\n                            </tbody>\r\n                        </table>\r\n                        </td>\r\n                        <td width=\"100\" style=\"padding: 5px 0px 5px 10px;\">&nbsp;</td>\r\n                    </tr>\r\n                </tbody>\r\n            </table>\r\n            </td>\r\n        </tr>\r\n        <tr>\r\n            <td width=\"100\" valign=\"center\" bgcolor=\"#ffffff\" align=\"left\">视频播放</td>\r\n            <td width=\"450\" bgcolor=\"#ffffff\">内置RealPlayer播放器, 支持MPEG4、H.264/AVC、H.263/3GP、RealVideo等视频格式全屏播放</td>\r\n        </tr>\r\n        <tr>\r\n            <td width=\"100\" valign=\"center\" bgcolor=\"#ffffff\" align=\"left\">音乐播放</td>\r\n            <td width=\"450\" bgcolor=\"#ffffff\">内置播放器, 支持mp3、.wma、.aac、eAAC、eAAC+格式</td>\r\n        </tr>\r\n        <tr>\r\n            <td width=\"100\" valign=\"center\" bgcolor=\"#ffffff\" align=\"left\">游戏</td>\r\n            <td width=\"450\" bgcolor=\"#ffffff\">内置</td>\r\n        </tr>\r\n        <tr>\r\n            <td width=\"100\" valign=\"center\" bgcolor=\"#ffffff\" align=\"left\">Java功能</td>\r\n            <td width=\"450\" bgcolor=\"#ffffff\">支持Java MIDP 2.0 CLDC 1.1</td>\r\n        </tr>\r\n        <tr>\r\n            <td width=\"100\" valign=\"center\" bgcolor=\"#ffffff\" align=\"left\">Flash功能</td>\r\n            <td width=\"450\" bgcolor=\"#ffffff\">第3.0版Flash lite播放器</td>\r\n        </tr>\r\n        <tr>\r\n            <td bgcolor=\"#f1f7fc\" colspan=\"2\">\r\n            <p><b>数据功能</b></p>\r\n            </td>\r\n        </tr>\r\n        <tr>\r\n            <td width=\"550\" valign=\"center\" bgcolor=\"#ffffff\" align=\"left\" style=\"padding: 8px 0px;\" colspan=\"2\">\r\n            <table border=\"0\" align=\"left\" cellspacing=\"1\" cellpadding=\"0\">\r\n                <tbody>\r\n                    <tr>\r\n                        <td width=\"100\" style=\"padding: 5px 0px 5px 10px;\">\r\n                        <table width=\"100%\" border=\"0\" bgcolor=\"#c5d7ed\" cellspacing=\"1\" cellpadding=\"0\">\r\n                            <tbody>\r\n                                <tr>\r\n                                    <td width=\"100%\" bgcolor=\"#f1f7fc\" align=\"center\" style=\"padding: 2px; font-weight: bold;\">蓝牙功能</td>\r\n                                </tr>\r\n                            </tbody>\r\n                        </table>\r\n                        </td>\r\n                        <td width=\"100\" style=\"padding: 5px 0px 5px 10px;\">&nbsp;</td>\r\n                    </tr>\r\n                </tbody>\r\n            </table>\r\n            </td>\r\n        </tr>\r\n        <tr>\r\n            <td width=\"100\" valign=\"center\" bgcolor=\"#ffffff\" align=\"left\">数据线接口</td>\r\n            <td width=\"450\" bgcolor=\"#ffffff\">USB数据线 3.5mm立体声耳机插孔</td>\r\n        </tr>\r\n        <tr>\r\n            <td bgcolor=\"#f1f7fc\" colspan=\"2\">\r\n            <p><b>基本功能</b></p>\r\n            </td>\r\n        </tr>\r\n        <tr>\r\n            <td width=\"550\" valign=\"center\" bgcolor=\"#ffffff\" align=\"left\" style=\"padding: 8px 0px;\" colspan=\"2\">\r\n            <table border=\"0\" align=\"left\" cellspacing=\"1\" cellpadding=\"0\">\r\n                <tbody>\r\n                    <tr>\r\n                        <td width=\"100\" style=\"padding: 5px 0px 5px 10px;\">\r\n                        <table width=\"100%\" border=\"0\" bgcolor=\"#c5d7ed\" cellspacing=\"1\" cellpadding=\"0\">\r\n                            <tbody>\r\n                                <tr>\r\n                                    <td width=\"100%\" bgcolor=\"#f1f7fc\" align=\"center\" style=\"padding: 2px; font-weight: bold;\">短信(SMS)</td>\r\n                                </tr>\r\n                            </tbody>\r\n                        </table>\r\n                        </td>\r\n                        <td width=\"100\" style=\"padding: 5px 0px 5px 10px;\">\r\n                        <table width=\"100%\" border=\"0\" bgcolor=\"#c5d7ed\" cellspacing=\"1\" cellpadding=\"0\">\r\n                            <tbody>\r\n                                <tr>\r\n                                    <td width=\"100%\" bgcolor=\"#f1f7fc\" align=\"center\" style=\"padding: 2px; font-weight: bold;\">彩信(MMS)</td>\r\n                                </tr>\r\n                            </tbody>\r\n                        </table>\r\n                        </td>\r\n                        <td width=\"100\" style=\"padding: 5px 0px 5px 10px;\">\r\n                        <table width=\"100%\" border=\"0\" bgcolor=\"#c5d7ed\" cellspacing=\"1\" cellpadding=\"0\">\r\n                            <tbody>\r\n                                <tr>\r\n                                    <td width=\"100%\" bgcolor=\"#f1f7fc\" align=\"center\" style=\"padding: 2px; font-weight: bold;\">免提通话</td>\r\n                                </tr>\r\n                            </tbody>\r\n                        </table>\r\n                        </td>\r\n                        <td width=\"100\" style=\"padding: 5px 0px 5px 10px;\">\r\n                        <table width=\"100%\" border=\"0\" bgcolor=\"#c5d7ed\" cellspacing=\"1\" cellpadding=\"0\">\r\n                            <tbody>\r\n                                <tr>\r\n                                    <td width=\"100%\" bgcolor=\"#f1f7fc\" align=\"center\" style=\"padding: 2px; font-weight: bold;\">情景模式</td>\r\n                                </tr>\r\n                            </tbody>\r\n                        </table>\r\n                        </td>\r\n                        <td width=\"100\" style=\"padding: 5px 0px 5px 10px;\">\r\n                        <table width=\"100%\" border=\"0\" bgcolor=\"#c5d7ed\" cellspacing=\"1\" cellpadding=\"0\">\r\n                            <tbody>\r\n                                <tr>\r\n                                    <td width=\"100%\" bgcolor=\"#f1f7fc\" align=\"center\" style=\"padding: 2px; font-weight: bold;\">闹钟功能</td>\r\n                                </tr>\r\n                            </tbody>\r\n                        </table>\r\n                        </td>\r\n                    </tr>\r\n                    <tr>\r\n                        <td width=\"100\" style=\"padding: 5px 0px 5px 10px;\">\r\n                        <table width=\"100%\" border=\"0\" bgcolor=\"#c5d7ed\" cellspacing=\"1\" cellpadding=\"0\">\r\n                            <tbody>\r\n                                <tr>\r\n                                    <td width=\"100%\" bgcolor=\"#f1f7fc\" align=\"center\" style=\"padding: 2px; font-weight: bold;\">日历功能</td>\r\n                                </tr>\r\n                            </tbody>\r\n                        </table>\r\n                        </td>\r\n                        <td width=\"100\" style=\"padding: 5px 0px 5px 10px;\">&nbsp;</td>\r\n                    </tr>\r\n                </tbody>\r\n            </table>\r\n            </td>\r\n        </tr>\r\n        <tr>\r\n            <td width=\"100\" valign=\"center\" bgcolor=\"#ffffff\" align=\"left\">输入方式</td>\r\n            <td width=\"450\" bgcolor=\"#ffffff\">键盘</td>\r\n        </tr>\r\n        <tr>\r\n            <td width=\"100\" valign=\"center\" bgcolor=\"#ffffff\" align=\"left\">通话记录</td>\r\n            <td width=\"450\" bgcolor=\"#ffffff\">未接来电+已接来电+已拨电话记录</td>\r\n        </tr>\r\n        <tr>\r\n            <td width=\"100\" valign=\"center\" bgcolor=\"#ffffff\" align=\"left\">通讯录</td>\r\n            <td width=\"450\" bgcolor=\"#ffffff\">S60标准化名片式通讯录</td>\r\n        </tr>\r\n        <tr>\r\n            <td bgcolor=\"#f1f7fc\" colspan=\"2\">\r\n            <p><b>网络功能</b></p>\r\n            </td>\r\n        </tr>\r\n        <tr>\r\n            <td width=\"550\" valign=\"center\" bgcolor=\"#ffffff\" align=\"left\" style=\"padding: 8px 0px;\" colspan=\"2\">\r\n            <table border=\"0\" align=\"left\" cellspacing=\"1\" cellpadding=\"0\">\r\n                <tbody>\r\n                    <tr>\r\n                        <td width=\"100\" style=\"padding: 5px 0px 5px 10px;\">\r\n                        <table width=\"100%\" border=\"0\" bgcolor=\"#c5d7ed\" cellspacing=\"1\" cellpadding=\"0\">\r\n                            <tbody>\r\n                                <tr>\r\n                                    <td width=\"100%\" bgcolor=\"#f1f7fc\" align=\"center\" style=\"padding: 2px; font-weight: bold;\">电子邮件</td>\r\n                                </tr>\r\n                            </tbody>\r\n                        </table>\r\n                        </td>\r\n                        <td width=\"100\" style=\"padding: 5px 0px 5px 10px;\">\r\n                        <table width=\"100%\" border=\"0\" bgcolor=\"#c5d7ed\" cellspacing=\"1\" cellpadding=\"0\">\r\n                            <tbody>\r\n                                <tr>\r\n                                    <td width=\"100%\" bgcolor=\"#f1f7fc\" align=\"center\" style=\"padding: 2px; font-weight: bold;\">WWW浏览器</td>\r\n                                </tr>\r\n                            </tbody>\r\n                        </table>\r\n                        </td>\r\n                        <td width=\"100\" style=\"padding: 5px 0px 5px 10px;\">\r\n                        <table width=\"100%\" border=\"0\" bgcolor=\"#c5d7ed\" cellspacing=\"1\" cellpadding=\"0\">\r\n                            <tbody>\r\n                                <tr>\r\n                                    <td width=\"100%\" bgcolor=\"#f1f7fc\" align=\"center\" style=\"padding: 2px; font-weight: bold;\">WAP浏览器</td>\r\n                                </tr>\r\n                            </tbody>\r\n                        </table>\r\n                        </td>\r\n                        <td width=\"100\" style=\"padding: 5px 0px 5px 10px;\">&nbsp;</td>\r\n                    </tr>\r\n                </tbody>\r\n            </table>\r\n            </td>\r\n        </tr>\r\n        <tr>\r\n            <td bgcolor=\"#f1f7fc\" colspan=\"2\">\r\n            <p><b>商务功能</b></p>\r\n            </td>\r\n        </tr>\r\n        <tr>\r\n            <td width=\"550\" valign=\"center\" bgcolor=\"#ffffff\" align=\"left\" style=\"padding: 8px 0px;\" colspan=\"2\">\r\n            <table border=\"0\" align=\"left\" cellspacing=\"1\" cellpadding=\"0\">\r\n                <tbody>\r\n                    <tr>\r\n                        <td width=\"100\" style=\"padding: 5px 0px 5px 10px;\">\r\n                        <table width=\"100%\" border=\"0\" bgcolor=\"#c5d7ed\" cellspacing=\"1\" cellpadding=\"0\">\r\n                            <tbody>\r\n                                <tr>\r\n                                    <td width=\"100%\" bgcolor=\"#f1f7fc\" align=\"center\" style=\"padding: 2px; font-weight: bold;\">飞行模式</td>\r\n                                </tr>\r\n                            </tbody>\r\n                        </table>\r\n                        </td>\r\n                        <td width=\"100\" style=\"padding: 5px 0px 5px 10px;\">\r\n                        <table width=\"100%\" border=\"0\" bgcolor=\"#c5d7ed\" cellspacing=\"1\" cellpadding=\"0\">\r\n                            <tbody>\r\n                                <tr>\r\n                                    <td width=\"100%\" bgcolor=\"#f1f7fc\" align=\"center\" style=\"padding: 2px; font-weight: bold;\">语音拨号</td>\r\n                                </tr>\r\n                            </tbody>\r\n                        </table>\r\n                        </td>\r\n                        <td width=\"100\" style=\"padding: 5px 0px 5px 10px;\">\r\n                        <table width=\"100%\" border=\"0\" bgcolor=\"#c5d7ed\" cellspacing=\"1\" cellpadding=\"0\">\r\n                            <tbody>\r\n                                <tr>\r\n                                    <td width=\"100%\" bgcolor=\"#f1f7fc\" align=\"center\" style=\"padding: 2px; font-weight: bold;\">备忘录</td>\r\n                                </tr>\r\n                            </tbody>\r\n                        </table>\r\n                        </td>\r\n                        <td width=\"100\" style=\"padding: 5px 0px 5px 10px;\">\r\n                        <table width=\"100%\" border=\"0\" bgcolor=\"#c5d7ed\" cellspacing=\"1\" cellpadding=\"0\">\r\n                            <tbody>\r\n                                <tr>\r\n                                    <td width=\"100%\" bgcolor=\"#f1f7fc\" align=\"center\" style=\"padding: 2px; font-weight: bold;\">日程表</td>\r\n                                </tr>\r\n                            </tbody>\r\n                        </table>\r\n                        </td>\r\n                        <td width=\"100\" style=\"padding: 5px 0px 5px 10px;\">\r\n                        <table width=\"100%\" border=\"0\" bgcolor=\"#c5d7ed\" cellspacing=\"1\" cellpadding=\"0\">\r\n                            <tbody>\r\n                                <tr>\r\n                                    <td width=\"100%\" bgcolor=\"#f1f7fc\" align=\"center\" style=\"padding: 2px; font-weight: bold;\">世界时间</td>\r\n                                </tr>\r\n                            </tbody>\r\n                        </table>\r\n                        </td>\r\n                    </tr>\r\n                    <tr>\r\n                        <td width=\"100\" style=\"padding: 5px 0px 5px 10px;\">&nbsp;</td>\r\n                    </tr>\r\n                </tbody>\r\n            </table>\r\n            </td>\r\n        </tr>\r\n        <tr>\r\n            <td bgcolor=\"#f1f7fc\" colspan=\"2\">\r\n            <p><b>其他功能</b></p>\r\n            </td>\r\n        </tr>\r\n        <tr>\r\n            <td width=\"550\" valign=\"center\" bgcolor=\"#ffffff\" align=\"left\" style=\"padding: 8px 0px;\" colspan=\"2\">\r\n            <table border=\"0\" align=\"left\" cellspacing=\"1\" cellpadding=\"0\">\r\n                <tbody>\r\n                    <tr>\r\n                        <td width=\"100\" style=\"padding: 5px 0px 5px 10px;\">\r\n                        <table width=\"100%\" border=\"0\" bgcolor=\"#c5d7ed\" cellspacing=\"1\" cellpadding=\"0\">\r\n                            <tbody>\r\n                                <tr>\r\n                                    <td width=\"100%\" bgcolor=\"#f1f7fc\" align=\"center\" style=\"padding: 2px; font-weight: bold;\">GPS功能</td>\r\n                                </tr>\r\n                            </tbody>\r\n                        </table>\r\n                        </td>\r\n                        <td width=\"100\" style=\"padding: 5px 0px 5px 10px;\">\r\n                        <table width=\"100%\" border=\"0\" bgcolor=\"#c5d7ed\" cellspacing=\"1\" cellpadding=\"0\">\r\n                            <tbody>\r\n                                <tr>\r\n                                    <td width=\"100%\" bgcolor=\"#f1f7fc\" align=\"center\" style=\"padding: 2px; font-weight: bold;\">电子词典</td>\r\n                                </tr>\r\n                            </tbody>\r\n                        </table>\r\n                        </td>\r\n                        <td width=\"100\" style=\"padding: 5px 0px 5px 10px;\">\r\n                        <table width=\"100%\" border=\"0\" bgcolor=\"#c5d7ed\" cellspacing=\"1\" cellpadding=\"0\">\r\n                            <tbody>\r\n                                <tr>\r\n                                    <td width=\"100%\" bgcolor=\"#f1f7fc\" align=\"center\" style=\"padding: 2px; font-weight: bold;\">待机图片</td>\r\n                                </tr>\r\n                            </tbody>\r\n                        </table>\r\n                        </td>\r\n                        <td width=\"100\" style=\"padding: 5px 0px 5px 10px;\">\r\n                        <table width=\"100%\" border=\"0\" bgcolor=\"#c5d7ed\" cellspacing=\"1\" cellpadding=\"0\">\r\n                            <tbody>\r\n                                <tr>\r\n                                    <td width=\"100%\" bgcolor=\"#f1f7fc\" align=\"center\" style=\"padding: 2px; font-weight: bold;\">计算器</td>\r\n                                </tr>\r\n                            </tbody>\r\n                        </table>\r\n                        </td>\r\n                        <td width=\"100\" style=\"padding: 5px 0px 5px 10px;\">\r\n                        <table width=\"100%\" border=\"0\" bgcolor=\"#c5d7ed\" cellspacing=\"1\" cellpadding=\"0\">\r\n                            <tbody>\r\n                                <tr>\r\n                                    <td width=\"100%\" bgcolor=\"#f1f7fc\" align=\"center\" style=\"padding: 2px; font-weight: bold;\">来电铃声识别</td>\r\n                                </tr>\r\n                            </tbody>\r\n                        </table>\r\n                        </td>\r\n                    </tr>\r\n                    <tr>\r\n                        <td width=\"100\" style=\"padding: 5px 0px 5px 10px;\">\r\n                        <table width=\"100%\" border=\"0\" bgcolor=\"#c5d7ed\" cellspacing=\"1\" cellpadding=\"0\">\r\n                            <tbody>\r\n                                <tr>\r\n                                    <td width=\"100%\" bgcolor=\"#f1f7fc\" align=\"center\" style=\"padding: 2px; font-weight: bold;\">来电图片识别</td>\r\n                                </tr>\r\n                            </tbody>\r\n                        </table>\r\n                        </td>\r\n                        <td width=\"100\" style=\"padding: 5px 0px 5px 10px;\">\r\n                        <table width=\"100%\" border=\"0\" bgcolor=\"#c5d7ed\" cellspacing=\"1\" cellpadding=\"0\">\r\n                            <tbody>\r\n                                <tr>\r\n                                    <td width=\"100%\" bgcolor=\"#f1f7fc\" align=\"center\" style=\"padding: 2px; font-weight: bold;\">来电防火墙</td>\r\n                                </tr>\r\n                            </tbody>\r\n                        </table>\r\n                        </td>\r\n                        <td width=\"100\" style=\"padding: 5px 0px 5px 10px;\">\r\n                        <table width=\"100%\" border=\"0\" bgcolor=\"#c5d7ed\" cellspacing=\"1\" cellpadding=\"0\">\r\n                            <tbody>\r\n                                <tr>\r\n                                    <td width=\"100%\" bgcolor=\"#f1f7fc\" align=\"center\" style=\"padding: 2px; font-weight: bold;\">动画屏保</td>\r\n                                </tr>\r\n                            </tbody>\r\n                        </table>\r\n                        </td>\r\n                        <td width=\"100\" style=\"padding: 5px 0px 5px 10px;\">\r\n                        <table width=\"100%\" border=\"0\" bgcolor=\"#c5d7ed\" cellspacing=\"1\" cellpadding=\"0\">\r\n                            <tbody>\r\n                                <tr>\r\n                                    <td width=\"100%\" bgcolor=\"#f1f7fc\" align=\"center\" style=\"padding: 2px; font-weight: bold;\">图形菜单</td>\r\n                                </tr>\r\n                            </tbody>\r\n                        </table>\r\n                        </td>\r\n                        <td width=\"100\" style=\"padding: 5px 0px 5px 10px;\">\r\n                        <table width=\"100%\" border=\"0\" bgcolor=\"#c5d7ed\" cellspacing=\"1\" cellpadding=\"0\">\r\n                            <tbody>\r\n                                <tr>\r\n                                    <td width=\"100%\" bgcolor=\"#f1f7fc\" align=\"center\" style=\"padding: 2px; font-weight: bold;\">秒表</td>\r\n                                </tr>\r\n                            </tbody>\r\n                        </table>\r\n                        </td>\r\n                    </tr>\r\n                    <tr>\r\n                        <td width=\"100\" style=\"padding: 5px 0px 5px 10px;\">\r\n                        <table width=\"100%\" border=\"0\" bgcolor=\"#c5d7ed\" cellspacing=\"1\" cellpadding=\"0\">\r\n                            <tbody>\r\n                                <tr>\r\n                                    <td width=\"100%\" bgcolor=\"#f1f7fc\" align=\"center\" style=\"padding: 2px; font-weight: bold;\">单位换算</td>\r\n                                </tr>\r\n                            </tbody>\r\n                        </table>\r\n                        </td>\r\n                        <td width=\"100\" style=\"padding: 5px 0px 5px 10px;\">\r\n                        <table width=\"100%\" border=\"0\" cellspacing=\"1\" cellpadding=\"0\">\r\n                            <tbody>\r\n                                <tr>\r\n                                    <td width=\"100%\" align=\"center\" style=\"padding: 2px; float: none;\">&nbsp;</td>\r\n                                </tr>\r\n                            </tbody>\r\n                        </table>\r\n                        </td>\r\n                    </tr>\r\n                </tbody>\r\n            </table>\r\n            </td>\r\n        </tr>\r\n    </tbody>\r\n</table>\r\n</div>\r\n<p>&nbsp;</p>', 'images/201405/thumb_img/32_thumb_G_1399962881763.jpg', 'images/201405/goods_img/32_G_1399962881751.jpg', 'images/201405/source_img/32_G_1399962881213.jpg', '1', '', '1', '1', '0', '30', '1242110760', '100', '0', '0', '0', '1', '1', '0', '1399962881', '9', '', '-1', '-1', '0', '0');
INSERT INTO `ecs_goods` ( `goods_id`, `cat_id`, `goods_sn`, `goods_name`, `goods_name_style`, `click_count`, `brand_id`, `provider_name`, `goods_number`, `goods_weight`, `market_price`, `shop_price`, `promote_price`, `promote_start_date`, `promote_end_date`, `warn_number`, `keywords`, `goods_brief`, `goods_desc`, `goods_thumb`, `goods_img`, `original_img`, `is_real`, `extension_code`, `is_on_sale`, `is_alone_sale`, `is_shipping`, `integral`, `add_time`, `sort_order`, `is_delete`, `is_best`, `is_new`, `is_hot`, `is_promote`, `bonus_type_id`, `last_update`, `goods_type`, `seller_note`, `give_integral`, `rank_integral`, `suppliers_id`, `is_check` ) VALUES  ('33', '6', 'ECS000033', 'ECSHOP模板中心68ecshop.com测试商品', '+', '1', '3', '', '65535', '0.000', '0.00', '0.00', '0.00', '0', '0', '1', '', '', '', 'images/201405/thumb_img/33_thumb_G_1399963191124.jpg', 'images/201405/goods_img/33_G_1399963191445.jpg', 'images/201405/source_img/33_G_1399963191792.jpg', '1', '', '1', '1', '0', '0', '1380247871', '100', '0', '0', '1', '0', '0', '0', '1399963191', '0', '', '-1', '-1', '0', '0');
INSERT INTO `ecs_goods` ( `goods_id`, `cat_id`, `goods_sn`, `goods_name`, `goods_name_style`, `click_count`, `brand_id`, `provider_name`, `goods_number`, `goods_weight`, `market_price`, `shop_price`, `promote_price`, `promote_start_date`, `promote_end_date`, `warn_number`, `keywords`, `goods_brief`, `goods_desc`, `goods_thumb`, `goods_img`, `original_img`, `is_real`, `extension_code`, `is_on_sale`, `is_alone_sale`, `is_shipping`, `integral`, `add_time`, `sort_order`, `is_delete`, `is_best`, `is_new`, `is_hot`, `is_promote`, `bonus_type_id`, `last_update`, `goods_type`, `seller_note`, `give_integral`, `rank_integral`, `suppliers_id`, `is_check` ) VALUES  ('34', '6', 'ECS000034', 'ECSHOP模板中心68ecshop.com测试商品', '+', '13', '3', '', '65535', '0.000', '0.00', '0.00', '0.00', '0', '0', '1', '', '', '', 'images/201405/thumb_img/34_thumb_G_1399963265879.jpg', 'images/201405/goods_img/34_G_1399963265673.jpg', 'images/201405/source_img/34_G_1399963265118.jpg', '1', '', '1', '1', '0', '0', '1380247896', '100', '0', '1', '0', '0', '0', '0', '1399963265', '5', '', '-1', '-1', '0', '0');
INSERT INTO `ecs_goods` ( `goods_id`, `cat_id`, `goods_sn`, `goods_name`, `goods_name_style`, `click_count`, `brand_id`, `provider_name`, `goods_number`, `goods_weight`, `market_price`, `shop_price`, `promote_price`, `promote_start_date`, `promote_end_date`, `warn_number`, `keywords`, `goods_brief`, `goods_desc`, `goods_thumb`, `goods_img`, `original_img`, `is_real`, `extension_code`, `is_on_sale`, `is_alone_sale`, `is_shipping`, `integral`, `add_time`, `sort_order`, `is_delete`, `is_best`, `is_new`, `is_hot`, `is_promote`, `bonus_type_id`, `last_update`, `goods_type`, `seller_note`, `give_integral`, `rank_integral`, `suppliers_id`, `is_check` ) VALUES  ('35', '4', 'ECS000035', '床头柜', '+', '0', '7', '', '14455', '0.000', '430.80', '359.00', '0.00', '0', '0', '1', '', '', '', '', '', '', '1', '', '0', '1', '0', '3', '1400026782', '100', '0', '0', '0', '0', '0', '0', '1400555317', '0', '', '-1', '-1', '0', '');
INSERT INTO `ecs_goods` ( `goods_id`, `cat_id`, `goods_sn`, `goods_name`, `goods_name_style`, `click_count`, `brand_id`, `provider_name`, `goods_number`, `goods_weight`, `market_price`, `shop_price`, `promote_price`, `promote_start_date`, `promote_end_date`, `warn_number`, `keywords`, `goods_brief`, `goods_desc`, `goods_thumb`, `goods_img`, `original_img`, `is_real`, `extension_code`, `is_on_sale`, `is_alone_sale`, `is_shipping`, `integral`, `add_time`, `sort_order`, `is_delete`, `is_best`, `is_new`, `is_hot`, `is_promote`, `bonus_type_id`, `last_update`, `goods_type`, `seller_note`, `give_integral`, `rank_integral`, `suppliers_id`, `is_check` ) VALUES  ('36', '2', 'ECS000036', '测试数据4', '#333333+', '2', '11', '', '2147', '350.000', '5400.00', '4500.00', '0.00', '0', '0', '1', '', '', '', 'images/201405/thumb_img/36_thumb_G_1400555278905.jpg', 'images/201405/goods_img/36_G_1400555278923.jpg', 'images/201405/source_img/36_G_1400555278853.jpg', '1', '', '1', '1', '0', '45', '1400555278', '100', '1', '1', '0', '0', '0', '0', '1400575508', '8', '', '-1', '-1', '0', '');
INSERT INTO `ecs_goods` ( `goods_id`, `cat_id`, `goods_sn`, `goods_name`, `goods_name_style`, `click_count`, `brand_id`, `provider_name`, `goods_number`, `goods_weight`, `market_price`, `shop_price`, `promote_price`, `promote_start_date`, `promote_end_date`, `warn_number`, `keywords`, `goods_brief`, `goods_desc`, `goods_thumb`, `goods_img`, `original_img`, `is_real`, `extension_code`, `is_on_sale`, `is_alone_sale`, `is_shipping`, `integral`, `add_time`, `sort_order`, `is_delete`, `is_best`, `is_new`, `is_hot`, `is_promote`, `bonus_type_id`, `last_update`, `goods_type`, `seller_note`, `give_integral`, `rank_integral`, `suppliers_id`, `is_check` ) VALUES  ('37', '2', 'ECS000037', '测试数据5', '+', '2', '9', '', '1', '0.000', '4798.80', '3999.00', '0.00', '0', '0', '1', '', '', '', 'images/201405/thumb_img/37_thumb_G_1400575095604.jpg', 'images/201405/goods_img/37_G_1400575095471.jpg', 'images/201405/source_img/37_G_1400575095495.jpg', '1', '', '1', '1', '0', '39', '1400575094', '100', '1', '0', '0', '0', '0', '0', '1400575160', '0', '', '-1', '-1', '0', '');
DROP TABLE IF EXISTS `ecs_goods_activity`;
CREATE TABLE `ecs_goods_activity` (
  `act_id` mediumint(8) unsigned NOT NULL auto_increment,
  `act_name` varchar(255) NOT NULL,
  `act_desc` text NOT NULL,
  `act_type` tinyint(3) unsigned NOT NULL,
  `goods_id` mediumint(8) unsigned NOT NULL,
  `product_id` mediumint(8) unsigned NOT NULL default '0',
  `goods_name` varchar(255) NOT NULL,
  `start_time` int(10) unsigned NOT NULL,
  `end_time` int(10) unsigned NOT NULL,
  `is_finished` tinyint(3) unsigned NOT NULL,
  `ext_info` text NOT NULL,
  PRIMARY KEY  (`act_id`),
  KEY `act_name` (`act_name`,`act_type`,`goods_id`)
) ENGINE=MyISAM DEFAULT CHARSET=utf8;
INSERT INTO `ecs_goods_activity` ( `act_id`, `act_name`, `act_desc`, `act_type`, `goods_id`, `product_id`, `goods_name`, `start_time`, `end_time`, `is_finished`, `ext_info` ) VALUES  ('1', '夺宝奇兵之诺基亚N96', '新一轮的夺宝开始了\n本期是 诺基亚n96', '0', '23', '0', '诺基亚N96', '1242107580', '1242193980', '0', 'a:4:{s:11:\"start_price\";s:4:\"1.00\";s:9:\"end_price\";s:6:\"800.00\";s:9:\"max_price\";i:0;s:11:\"cost_points\";s:1:\"1\";}');
INSERT INTO `ecs_goods_activity` ( `act_id`, `act_name`, `act_desc`, `act_type`, `goods_id`, `product_id`, `goods_name`, `start_time`, `end_time`, `is_finished`, `ext_info` ) VALUES  ('2', '夺宝奇兵之夏新N7', '本期的夺宝奖品是 夏新N7', '0', '17', '6', '夏新N7', '1242107820', '1470981420', '0', 'a:4:{s:11:\"start_price\";s:4:\"1.00\";s:9:\"end_price\";s:6:\"800.00\";s:9:\"max_price\";i:0;s:11:\"cost_points\";s:1:\"1\";}');
INSERT INTO `ecs_goods_activity` ( `act_id`, `act_name`, `act_desc`, `act_type`, `goods_id`, `product_id`, `goods_name`, `start_time`, `end_time`, `is_finished`, `ext_info` ) VALUES  ('3', 'P806', '本期团购活动——联想新品P806\n团购买的多优惠多', '1', '24', '0', 'P806', '1241971200', '1242403200', '3', 'a:4:{s:12:\"price_ladder\";a:3:{i:0;a:2:{s:6:\"amount\";i:10;s:5:\"price\";d:1850;}i:1;a:2:{s:6:\"amount\";i:15;s:5:\"price\";d:1800;}i:2;a:2:{s:6:\"amount\";i:20;s:5:\"price\";d:1780;}}s:15:\"restrict_amount\";i:0;s:13:\"gift_integral\";i:0;s:7:\"deposit\";d:1000;}');
INSERT INTO `ecs_goods_activity` ( `act_id`, `act_name`, `act_desc`, `act_type`, `goods_id`, `product_id`, `goods_name`, `start_time`, `end_time`, `is_finished`, `ext_info` ) VALUES  ('4', '拍卖活动——索爱C702c', '', '2', '10', '0', '索爱C702c', '1242144000', '1242403200', '0', 'a:5:{s:7:\"deposit\";d:0;s:11:\"start_price\";d:0;s:9:\"end_price\";i:0;s:9:\"amplitude\";d:20;s:6:\"no_top\";i:1;}');
INSERT INTO `ecs_goods_activity` ( `act_id`, `act_name`, `act_desc`, `act_type`, `goods_id`, `product_id`, `goods_name`, `start_time`, `end_time`, `is_finished`, `ext_info` ) VALUES  ('5', '摩托罗拉E8 大礼包', '礼包大优惠', '4', '31', '0', '摩托罗拉E8 ', '1242110400', '1252046400', '0', 'a:1:{s:13:\"package_price\";s:4:\"1430\";}');
INSERT INTO `ecs_goods_activity` ( `act_id`, `act_name`, `act_desc`, `act_type`, `goods_id`, `product_id`, `goods_name`, `start_time`, `end_time`, `is_finished`, `ext_info` ) VALUES  ('6', '诺基亚N85大礼包', '诺基亚N85超值大礼包', '4', '32', '0', '诺基亚N85', '1242110760', '1248936360', '0', 'a:1:{s:13:\"package_price\";s:4:\"3150\";}');
INSERT INTO `ecs_goods_activity` ( `act_id`, `act_name`, `act_desc`, `act_type`, `goods_id`, `product_id`, `goods_name`, `start_time`, `end_time`, `is_finished`, `ext_info` ) VALUES  ('7', '拍卖活动——索爱C702c(第2期)', '拍卖活动————索爱C702c （第2期）', '2', '10', '0', '索爱C702c', '1241712000', '1274803200', '0', 'a:5:{s:7:\"deposit\";d:50;s:11:\"start_price\";d:0;s:9:\"end_price\";i:0;s:9:\"amplitude\";d:50;s:6:\"no_top\";i:1;}');
INSERT INTO `ecs_goods_activity` ( `act_id`, `act_name`, `act_desc`, `act_type`, `goods_id`, `product_id`, `goods_name`, `start_time`, `end_time`, `is_finished`, `ext_info` ) VALUES  ('8', 'ECSHOP模板中心68ecshop.com测试商品', '团购第2期', '1', '24', '0', 'ECSHOP模板中心68ecshop.com测试商品', '1242316800', '1494518400', '0', 'a:4:{s:12:\"price_ladder\";a:2:{i:0;a:2:{s:6:\"amount\";i:5;s:5:\"price\";d:1910;}i:1;a:2:{s:6:\"amount\";i:10;s:5:\"price\";d:1860;}}s:15:\"restrict_amount\";i:0;s:13:\"gift_integral\";i:0;s:7:\"deposit\";d:1000;}');
INSERT INTO `ecs_goods_activity` ( `act_id`, `act_name`, `act_desc`, `act_type`, `goods_id`, `product_id`, `goods_name`, `start_time`, `end_time`, `is_finished`, `ext_info` ) VALUES  ('9', '拍卖测试1', '拍卖测试1拍卖测试1拍卖测试1\r\n拍卖测试1拍卖测试1拍卖测试1\r\n拍卖测试1拍卖测试1拍卖测试1拍卖测试1拍卖测试1', '2', '1', '14', 'KD876', '1378137600', '1444924800', '0', 'a:5:{s:7:\"deposit\";d:0;s:11:\"start_price\";d:10;s:9:\"end_price\";d:1000;s:9:\"amplitude\";d:50;s:6:\"no_top\";i:0;}');
INSERT INTO `ecs_goods_activity` ( `act_id`, `act_name`, `act_desc`, `act_type`, `goods_id`, `product_id`, `goods_name`, `start_time`, `end_time`, `is_finished`, `ext_info` ) VALUES  ('10', 'ECSHOP模板中心68ecshop.com测试商品', '', '1', '4', '0', 'ECSHOP模板中心68ecshop.com测试商品', '1400688000', '1621872000', '0', 'a:4:{s:12:\"price_ladder\";a:1:{i:0;a:2:{s:6:\"amount\";i:5;s:5:\"price\";d:4800;}}s:15:\"restrict_amount\";i:20;s:13:\"gift_integral\";i:0;s:7:\"deposit\";d:1000;}');
DROP TABLE IF EXISTS `ecs_goods_article`;
CREATE TABLE `ecs_goods_article` (
  `goods_id` mediumint(8) unsigned NOT NULL default '0',
  `article_id` mediumint(8) unsigned NOT NULL default '0',
  `admin_id` tinyint(3) unsigned NOT NULL default '0',
  PRIMARY KEY  (`goods_id`,`article_id`,`admin_id`)
) ENGINE=MyISAM DEFAULT CHARSET=utf8;
INSERT INTO `ecs_goods_article` ( `goods_id`, `article_id`, `admin_id` ) VALUES  ('1', '27', '1');
INSERT INTO `ecs_goods_article` ( `goods_id`, `article_id`, `admin_id` ) VALUES  ('8', '28', '0');
INSERT INTO `ecs_goods_article` ( `goods_id`, `article_id`, `admin_id` ) VALUES  ('9', '8', '1');
INSERT INTO `ecs_goods_article` ( `goods_id`, `article_id`, `admin_id` ) VALUES  ('13', '29', '0');
INSERT INTO `ecs_goods_article` ( `goods_id`, `article_id`, `admin_id` ) VALUES  ('14', '29', '0');
INSERT INTO `ecs_goods_article` ( `goods_id`, `article_id`, `admin_id` ) VALUES  ('14', '31', '0');
INSERT INTO `ecs_goods_article` ( `goods_id`, `article_id`, `admin_id` ) VALUES  ('23', '8', '1');
INSERT INTO `ecs_goods_article` ( `goods_id`, `article_id`, `admin_id` ) VALUES  ('23', '30', '0');
INSERT INTO `ecs_goods_article` ( `goods_id`, `article_id`, `admin_id` ) VALUES  ('23', '31', '0');
INSERT INTO `ecs_goods_article` ( `goods_id`, `article_id`, `admin_id` ) VALUES  ('32', '8', '1');
INSERT INTO `ecs_goods_article` ( `goods_id`, `article_id`, `admin_id` ) VALUES  ('32', '30', '0');
DROP TABLE IF EXISTS `ecs_goods_attr`;
CREATE TABLE `ecs_goods_attr` (
  `goods_attr_id` int(10) unsigned NOT NULL auto_increment,
  `goods_id` mediumint(8) unsigned NOT NULL default '0',
  `attr_id` smallint(5) unsigned NOT NULL default '0',
  `attr_value` text NOT NULL,
  `attr_price` varchar(255) NOT NULL default '',
  PRIMARY KEY  (`goods_attr_id`),
  KEY `goods_id` (`goods_id`),
  KEY `attr_id` (`attr_id`)
) ENGINE=MyISAM DEFAULT CHARSET=utf8;
INSERT INTO `ecs_goods_attr` ( `goods_attr_id`, `goods_id`, `attr_id`, `attr_value`, `attr_price` ) VALUES  ('238', '1', '173', 'GSM,850,900,1800,1900', '0');
INSERT INTO `ecs_goods_attr` ( `goods_attr_id`, `goods_id`, `attr_id`, `attr_value`, `attr_price` ) VALUES  ('237', '1', '185', '灰色', '');
INSERT INTO `ecs_goods_attr` ( `goods_attr_id`, `goods_id`, `attr_id`, `attr_value`, `attr_price` ) VALUES  ('236', '1', '191', '支持', '0');
INSERT INTO `ecs_goods_attr` ( `goods_attr_id`, `goods_id`, `attr_id`, `attr_value`, `attr_price` ) VALUES  ('235', '1', '190', '支持', '0');
INSERT INTO `ecs_goods_attr` ( `goods_attr_id`, `goods_id`, `attr_id`, `attr_value`, `attr_price` ) VALUES  ('234', '1', '189', '2.4英寸', '0');
INSERT INTO `ecs_goods_attr` ( `goods_attr_id`, `goods_id`, `attr_id`, `attr_value`, `attr_price` ) VALUES  ('233', '1', '172', '2008年04月', '0');
INSERT INTO `ecs_goods_attr` ( `goods_attr_id`, `goods_id`, `attr_id`, `attr_value`, `attr_price` ) VALUES  ('228', '9', '178', '滑盖', '0');
INSERT INTO `ecs_goods_attr` ( `goods_attr_id`, `goods_id`, `attr_id`, `attr_value`, `attr_price` ) VALUES  ('227', '9', '185', '白色', '0');
INSERT INTO `ecs_goods_attr` ( `goods_attr_id`, `goods_id`, `attr_id`, `attr_value`, `attr_price` ) VALUES  ('226', '9', '185', '黑色', '10');
INSERT INTO `ecs_goods_attr` ( `goods_attr_id`, `goods_id`, `attr_id`, `attr_value`, `attr_price` ) VALUES  ('232', '8', '178', '直板', '0');
INSERT INTO `ecs_goods_attr` ( `goods_attr_id`, `goods_id`, `attr_id`, `attr_value`, `attr_price` ) VALUES  ('231', '8', '185', '黑色', '');
INSERT INTO `ecs_goods_attr` ( `goods_attr_id`, `goods_id`, `attr_id`, `attr_value`, `attr_price` ) VALUES  ('230', '8', '190', '支持', '0');
INSERT INTO `ecs_goods_attr` ( `goods_attr_id`, `goods_id`, `attr_id`, `attr_value`, `attr_price` ) VALUES  ('229', '8', '189', '1.75英寸', '0');
INSERT INTO `ecs_goods_attr` ( `goods_attr_id`, `goods_id`, `attr_id`, `attr_value`, `attr_price` ) VALUES  ('217', '13', '185', '黑色', '');
INSERT INTO `ecs_goods_attr` ( `goods_attr_id`, `goods_id`, `attr_id`, `attr_value`, `attr_price` ) VALUES  ('216', '13', '189', '2.0英寸', '0');
INSERT INTO `ecs_goods_attr` ( `goods_attr_id`, `goods_id`, `attr_id`, `attr_value`, `attr_price` ) VALUES  ('215', '13', '172', '2008年07月', '0');
INSERT INTO `ecs_goods_attr` ( `goods_attr_id`, `goods_id`, `attr_id`, `attr_value`, `attr_price` ) VALUES  ('225', '10', '178', '直板', '0');
INSERT INTO `ecs_goods_attr` ( `goods_attr_id`, `goods_id`, `attr_id`, `attr_value`, `attr_price` ) VALUES  ('221', '13', '178', '直板', '0');
INSERT INTO `ecs_goods_attr` ( `goods_attr_id`, `goods_id`, `attr_id`, `attr_value`, `attr_price` ) VALUES  ('222', '10', '172', '2008年05月', '0');
INSERT INTO `ecs_goods_attr` ( `goods_attr_id`, `goods_id`, `attr_id`, `attr_value`, `attr_price` ) VALUES  ('223', '10', '189', '2.2英寸', '0');
INSERT INTO `ecs_goods_attr` ( `goods_attr_id`, `goods_id`, `attr_id`, `attr_value`, `attr_price` ) VALUES  ('224', '10', '173', 'GSM,850,900,1800,1900', '0');
INSERT INTO `ecs_goods_attr` ( `goods_attr_id`, `goods_id`, `attr_id`, `attr_value`, `attr_price` ) VALUES  ('220', '13', '175', '300小时', '0');
INSERT INTO `ecs_goods_attr` ( `goods_attr_id`, `goods_id`, `attr_id`, `attr_value`, `attr_price` ) VALUES  ('219', '13', '174', '4小时', '0');
INSERT INTO `ecs_goods_attr` ( `goods_attr_id`, `goods_id`, `attr_id`, `attr_value`, `attr_price` ) VALUES  ('212', '14', '172', '2008年10月', '0');
INSERT INTO `ecs_goods_attr` ( `goods_attr_id`, `goods_id`, `attr_id`, `attr_value`, `attr_price` ) VALUES  ('213', '14', '185', '黑色', '0');
INSERT INTO `ecs_goods_attr` ( `goods_attr_id`, `goods_id`, `attr_id`, `attr_value`, `attr_price` ) VALUES  ('214', '14', '178', '直板', '0');
INSERT INTO `ecs_goods_attr` ( `goods_attr_id`, `goods_id`, `attr_id`, `attr_value`, `attr_price` ) VALUES  ('218', '13', '173', 'GSM,850,900,1800,1900', '0');
INSERT INTO `ecs_goods_attr` ( `goods_attr_id`, `goods_id`, `attr_id`, `attr_value`, `attr_price` ) VALUES  ('200', '17', '189', '2.8英寸', '0');
INSERT INTO `ecs_goods_attr` ( `goods_attr_id`, `goods_id`, `attr_id`, `attr_value`, `attr_price` ) VALUES  ('201', '17', '185', '黑色', '');
INSERT INTO `ecs_goods_attr` ( `goods_attr_id`, `goods_id`, `attr_id`, `attr_value`, `attr_price` ) VALUES  ('202', '17', '173', 'CDMA', '0');
INSERT INTO `ecs_goods_attr` ( `goods_attr_id`, `goods_id`, `attr_id`, `attr_value`, `attr_price` ) VALUES  ('203', '17', '174', '8小时', '0');
INSERT INTO `ecs_goods_attr` ( `goods_attr_id`, `goods_id`, `attr_id`, `attr_value`, `attr_price` ) VALUES  ('204', '17', '175', '300小时', '0');
INSERT INTO `ecs_goods_attr` ( `goods_attr_id`, `goods_id`, `attr_id`, `attr_value`, `attr_price` ) VALUES  ('205', '17', '178', '直板', '0');
INSERT INTO `ecs_goods_attr` ( `goods_attr_id`, `goods_id`, `attr_id`, `attr_value`, `attr_price` ) VALUES  ('195', '20', '173', 'GSM,900,1800,1900,2100', '0');
INSERT INTO `ecs_goods_attr` ( `goods_attr_id`, `goods_id`, `attr_id`, `attr_value`, `attr_price` ) VALUES  ('193', '20', '172', '2008年07月', '0');
INSERT INTO `ecs_goods_attr` ( `goods_attr_id`, `goods_id`, `attr_id`, `attr_value`, `attr_price` ) VALUES  ('194', '20', '185', '黑色', '');
INSERT INTO `ecs_goods_attr` ( `goods_attr_id`, `goods_id`, `attr_id`, `attr_value`, `attr_price` ) VALUES  ('187', '21', '180', 'T-Flash', '0');
INSERT INTO `ecs_goods_attr` ( `goods_attr_id`, `goods_id`, `attr_id`, `attr_value`, `attr_price` ) VALUES  ('189', '21', '210', '线控耳机', '50');
INSERT INTO `ecs_goods_attr` ( `goods_attr_id`, `goods_id`, `attr_id`, `attr_value`, `attr_price` ) VALUES  ('188', '21', '185', '黑色', '');
INSERT INTO `ecs_goods_attr` ( `goods_attr_id`, `goods_id`, `attr_id`, `attr_value`, `attr_price` ) VALUES  ('186', '22', '178', '直板', '0');
INSERT INTO `ecs_goods_attr` ( `goods_attr_id`, `goods_id`, `attr_id`, `attr_value`, `attr_price` ) VALUES  ('182', '22', '185', '黑色', '');
INSERT INTO `ecs_goods_attr` ( `goods_attr_id`, `goods_id`, `attr_id`, `attr_value`, `attr_price` ) VALUES  ('183', '22', '173', 'GSM,850,900,1800,1900', '0');
INSERT INTO `ecs_goods_attr` ( `goods_attr_id`, `goods_id`, `attr_id`, `attr_value`, `attr_price` ) VALUES  ('184', '22', '174', '6.5小时', '0');
INSERT INTO `ecs_goods_attr` ( `goods_attr_id`, `goods_id`, `attr_id`, `attr_value`, `attr_price` ) VALUES  ('185', '22', '175', '450小时', '0');
INSERT INTO `ecs_goods_attr` ( `goods_attr_id`, `goods_id`, `attr_id`, `attr_value`, `attr_price` ) VALUES  ('181', '22', '181', '288MB', '0');
INSERT INTO `ecs_goods_attr` ( `goods_attr_id`, `goods_id`, `attr_id`, `attr_value`, `attr_price` ) VALUES  ('180', '22', '180', 'microSD', '0');
INSERT INTO `ecs_goods_attr` ( `goods_attr_id`, `goods_id`, `attr_id`, `attr_value`, `attr_price` ) VALUES  ('179', '22', '172', '2008年12月', '0');
INSERT INTO `ecs_goods_attr` ( `goods_attr_id`, `goods_id`, `attr_id`, `attr_value`, `attr_price` ) VALUES  ('192', '21', '175', '100小时', '0');
INSERT INTO `ecs_goods_attr` ( `goods_attr_id`, `goods_id`, `attr_id`, `attr_value`, `attr_price` ) VALUES  ('191', '21', '174', '2.5小时', '0');
INSERT INTO `ecs_goods_attr` ( `goods_attr_id`, `goods_id`, `attr_id`, `attr_value`, `attr_price` ) VALUES  ('178', '23', '178', '滑盖', '0');
INSERT INTO `ecs_goods_attr` ( `goods_attr_id`, `goods_id`, `attr_id`, `attr_value`, `attr_price` ) VALUES  ('190', '21', '210', '数据线', '20');
INSERT INTO `ecs_goods_attr` ( `goods_attr_id`, `goods_id`, `attr_id`, `attr_value`, `attr_price` ) VALUES  ('176', '23', '174', '2.5小时', '0');
INSERT INTO `ecs_goods_attr` ( `goods_attr_id`, `goods_id`, `attr_id`, `attr_value`, `attr_price` ) VALUES  ('177', '23', '175', '200小时', '0');
INSERT INTO `ecs_goods_attr` ( `goods_attr_id`, `goods_id`, `attr_id`, `attr_value`, `attr_price` ) VALUES  ('173', '23', '188', '320×240 像素', '0');
INSERT INTO `ecs_goods_attr` ( `goods_attr_id`, `goods_id`, `attr_id`, `attr_value`, `attr_price` ) VALUES  ('174', '23', '189', '2.8英寸', '0');
INSERT INTO `ecs_goods_attr` ( `goods_attr_id`, `goods_id`, `attr_id`, `attr_value`, `attr_price` ) VALUES  ('175', '23', '185', '黑色', '');
INSERT INTO `ecs_goods_attr` ( `goods_attr_id`, `goods_id`, `attr_id`, `attr_value`, `attr_price` ) VALUES  ('172', '23', '182', 'Symbian OS 9.3操作系统', '0');
INSERT INTO `ecs_goods_attr` ( `goods_attr_id`, `goods_id`, `attr_id`, `attr_value`, `attr_price` ) VALUES  ('171', '23', '181', '256MB', '0');
INSERT INTO `ecs_goods_attr` ( `goods_attr_id`, `goods_id`, `attr_id`, `attr_value`, `attr_price` ) VALUES  ('170', '23', '172', '2008年09月', '0');
INSERT INTO `ecs_goods_attr` ( `goods_attr_id`, `goods_id`, `attr_id`, `attr_value`, `attr_price` ) VALUES  ('169', '24', '179', 'SMS', '0');
INSERT INTO `ecs_goods_attr` ( `goods_attr_id`, `goods_id`, `attr_id`, `attr_value`, `attr_price` ) VALUES  ('166', '24', '190', '支持', '0');
INSERT INTO `ecs_goods_attr` ( `goods_attr_id`, `goods_id`, `attr_id`, `attr_value`, `attr_price` ) VALUES  ('167', '24', '185', '灰色', '');
INSERT INTO `ecs_goods_attr` ( `goods_attr_id`, `goods_id`, `attr_id`, `attr_value`, `attr_price` ) VALUES  ('168', '24', '210', '数据线', '20');
INSERT INTO `ecs_goods_attr` ( `goods_attr_id`, `goods_id`, `attr_id`, `attr_value`, `attr_price` ) VALUES  ('165', '24', '183', '支持', '0');
INSERT INTO `ecs_goods_attr` ( `goods_attr_id`, `goods_id`, `attr_id`, `attr_value`, `attr_price` ) VALUES  ('164', '24', '172', '2008年06月', '0');
INSERT INTO `ecs_goods_attr` ( `goods_attr_id`, `goods_id`, `attr_id`, `attr_value`, `attr_price` ) VALUES  ('152', '32', '172', '2008年10月', '0');
INSERT INTO `ecs_goods_attr` ( `goods_attr_id`, `goods_id`, `attr_id`, `attr_value`, `attr_price` ) VALUES  ('153', '32', '180', 'MicroSD', '0');
INSERT INTO `ecs_goods_attr` ( `goods_attr_id`, `goods_id`, `attr_id`, `attr_value`, `attr_price` ) VALUES  ('154', '32', '181', '78MB', '0');
INSERT INTO `ecs_goods_attr` ( `goods_attr_id`, `goods_id`, `attr_id`, `attr_value`, `attr_price` ) VALUES  ('155', '32', '182', 'Symbian OS v9.3', '0');
INSERT INTO `ecs_goods_attr` ( `goods_attr_id`, `goods_id`, `attr_id`, `attr_value`, `attr_price` ) VALUES  ('156', '32', '189', '2.6英寸', '0');
INSERT INTO `ecs_goods_attr` ( `goods_attr_id`, `goods_id`, `attr_id`, `attr_value`, `attr_price` ) VALUES  ('157', '32', '210', '线控耳机', '50');
INSERT INTO `ecs_goods_attr` ( `goods_attr_id`, `goods_id`, `attr_id`, `attr_value`, `attr_price` ) VALUES  ('158', '32', '210', '蓝牙耳机', '100');
INSERT INTO `ecs_goods_attr` ( `goods_attr_id`, `goods_id`, `attr_id`, `attr_value`, `attr_price` ) VALUES  ('159', '32', '210', '数据线', '12');
INSERT INTO `ecs_goods_attr` ( `goods_attr_id`, `goods_id`, `attr_id`, `attr_value`, `attr_price` ) VALUES  ('160', '32', '173', 'GSM,850,900,1800,1900', '0');
INSERT INTO `ecs_goods_attr` ( `goods_attr_id`, `goods_id`, `attr_id`, `attr_value`, `attr_price` ) VALUES  ('161', '32', '174', '6.9 小时', '0');
INSERT INTO `ecs_goods_attr` ( `goods_attr_id`, `goods_id`, `attr_id`, `attr_value`, `attr_price` ) VALUES  ('162', '32', '175', '363 小时', '0');
INSERT INTO `ecs_goods_attr` ( `goods_attr_id`, `goods_id`, `attr_id`, `attr_value`, `attr_price` ) VALUES  ('163', '32', '185', '黑色', '');
INSERT INTO `ecs_goods_attr` ( `goods_attr_id`, `goods_id`, `attr_id`, `attr_value`, `attr_price` ) VALUES  ('239', '10', '185', '黑色', '');
INSERT INTO `ecs_goods_attr` ( `goods_attr_id`, `goods_id`, `attr_id`, `attr_value`, `attr_price` ) VALUES  ('240', '10', '185', '白色', '');
INSERT INTO `ecs_goods_attr` ( `goods_attr_id`, `goods_id`, `attr_id`, `attr_value`, `attr_price` ) VALUES  ('241', '36', '168', '彩妆', '0');
INSERT INTO `ecs_goods_attr` ( `goods_attr_id`, `goods_id`, `attr_id`, `attr_value`, `attr_price` ) VALUES  ('242', '36', '170', '油性', '0');
INSERT INTO `ecs_goods_attr` ( `goods_attr_id`, `goods_id`, `attr_id`, `attr_value`, `attr_price` ) VALUES  ('243', '36', '171', '女性', '0');
DROP TABLE IF EXISTS `ecs_goods_cat`;
CREATE TABLE `ecs_goods_cat` (
  `goods_id` mediumint(8) unsigned NOT NULL default '0',
  `cat_id` smallint(5) unsigned NOT NULL default '0',
  PRIMARY KEY  (`goods_id`,`cat_id`)
) ENGINE=MyISAM DEFAULT CHARSET=utf8;
INSERT INTO `ecs_goods_cat` ( `goods_id`, `cat_id` ) VALUES  ('8', '2');
INSERT INTO `ecs_goods_cat` ( `goods_id`, `cat_id` ) VALUES  ('8', '5');
INSERT INTO `ecs_goods_cat` ( `goods_id`, `cat_id` ) VALUES  ('16', '3');
INSERT INTO `ecs_goods_cat` ( `goods_id`, `cat_id` ) VALUES  ('16', '5');
DROP TABLE IF EXISTS `ecs_goods_gallery`;
CREATE TABLE `ecs_goods_gallery` (
  `img_id` mediumint(8) unsigned NOT NULL auto_increment,
  `goods_id` mediumint(8) unsigned NOT NULL default '0',
  `img_url` varchar(255) NOT NULL default '',
  `img_desc` varchar(255) NOT NULL default '',
  `thumb_url` varchar(255) NOT NULL default '',
  `img_original` varchar(255) NOT NULL default '',
  PRIMARY KEY  (`img_id`),
  KEY `goods_id` (`goods_id`)
) ENGINE=MyISAM DEFAULT CHARSET=utf8;
INSERT INTO `ecs_goods_gallery` ( `img_id`, `goods_id`, `img_url`, `img_desc`, `thumb_url`, `img_original` ) VALUES  ('79', '1', 'images/201309/goods_img/1_P_1380247825038.jpg', '', 'images/201309/thumb_img/1_thumb_P_1380247825759.jpg', 'images/201309/source_img/1_P_1380247825713.jpg');
INSERT INTO `ecs_goods_gallery` ( `img_id`, `goods_id`, `img_url`, `img_desc`, `thumb_url`, `img_original` ) VALUES  ('78', '1', 'images/201309/goods_img/1_P_1380247825439.jpg', '', 'images/201309/thumb_img/1_thumb_P_1380247825289.jpg', 'images/201309/source_img/1_P_1380247825351.jpg');
INSERT INTO `ecs_goods_gallery` ( `img_id`, `goods_id`, `img_url`, `img_desc`, `thumb_url`, `img_original` ) VALUES  ('77', '1', 'images/201309/goods_img/1_P_1380247825335.jpg', '', 'images/201309/thumb_img/1_thumb_P_1380247825882.jpg', 'images/201309/source_img/1_P_1380247825167.jpg');
INSERT INTO `ecs_goods_gallery` ( `img_id`, `goods_id`, `img_url`, `img_desc`, `thumb_url`, `img_original` ) VALUES  ('76', '1', 'images/201309/goods_img/1_P_1380247824923.jpg', '', 'images/201309/thumb_img/1_thumb_P_1380247824561.jpg', 'images/201309/source_img/1_P_1380247824275.jpg');
INSERT INTO `ecs_goods_gallery` ( `img_id`, `goods_id`, `img_url`, `img_desc`, `thumb_url`, `img_original` ) VALUES  ('75', '3', 'images/201309/goods_img/3_P_1380247731891.jpg', '', 'images/201309/thumb_img/3_thumb_P_1380247731875.jpg', 'images/201309/source_img/3_P_1380247731531.jpg');
INSERT INTO `ecs_goods_gallery` ( `img_id`, `goods_id`, `img_url`, `img_desc`, `thumb_url`, `img_original` ) VALUES  ('74', '4', 'images/201309/goods_img/4_P_1380247699750.jpg', '', 'images/201309/thumb_img/4_thumb_P_1380247699998.jpg', 'images/201309/source_img/4_P_1380247699014.jpg');
INSERT INTO `ecs_goods_gallery` ( `img_id`, `goods_id`, `img_url`, `img_desc`, `thumb_url`, `img_original` ) VALUES  ('73', '5', 'images/201309/goods_img/5_P_1380247684529.jpg', '', 'images/201309/thumb_img/5_thumb_P_1380247684958.jpg', 'images/201309/source_img/5_P_1380247684089.jpg');
INSERT INTO `ecs_goods_gallery` ( `img_id`, `goods_id`, `img_url`, `img_desc`, `thumb_url`, `img_original` ) VALUES  ('121', '3', 'images/201310/goods_img/3_P_1381910813701.jpg', '', 'images/201310/thumb_img/3_thumb_P_1381910813794.jpg', 'images/201310/source_img/3_P_1381910813267.jpg');
INSERT INTO `ecs_goods_gallery` ( `img_id`, `goods_id`, `img_url`, `img_desc`, `thumb_url`, `img_original` ) VALUES  ('137', '8', 'images/201405/goods_img/8_P_1399951905325.jpg', '', 'images/201405/thumb_img/8_thumb_P_1399951905593.jpg', 'images/201405/source_img/8_P_1399951905092.jpg');
INSERT INTO `ecs_goods_gallery` ( `img_id`, `goods_id`, `img_url`, `img_desc`, `thumb_url`, `img_original` ) VALUES  ('52', '9', 'images/201309/goods_img/9_P_1380246928317.jpg', '', 'images/201309/thumb_img/9_thumb_P_1380246928371.jpg', 'images/201309/source_img/9_P_1380246928795.jpg');
INSERT INTO `ecs_goods_gallery` ( `img_id`, `goods_id`, `img_url`, `img_desc`, `thumb_url`, `img_original` ) VALUES  ('58', '12', 'images/201309/goods_img/12_P_1380246995824.jpg', '', 'images/201309/thumb_img/12_thumb_P_1380246995331.jpg', 'images/201309/source_img/12_P_1380246995920.jpg');
INSERT INTO `ecs_goods_gallery` ( `img_id`, `goods_id`, `img_url`, `img_desc`, `thumb_url`, `img_original` ) VALUES  ('59', '12', 'images/201309/goods_img/12_P_1380246995074.jpg', '', 'images/201309/thumb_img/12_thumb_P_1380246995263.jpg', 'images/201309/source_img/12_P_1380246995901.jpg');
INSERT INTO `ecs_goods_gallery` ( `img_id`, `goods_id`, `img_url`, `img_desc`, `thumb_url`, `img_original` ) VALUES  ('60', '12', 'images/201309/goods_img/12_P_1380246995853.jpg', '', 'images/201309/thumb_img/12_thumb_P_1380246995635.jpg', 'images/201309/source_img/12_P_1380246995623.jpg');
INSERT INTO `ecs_goods_gallery` ( `img_id`, `goods_id`, `img_url`, `img_desc`, `thumb_url`, `img_original` ) VALUES  ('128', '34', 'images/201311/goods_img/34_P_1384830918121.jpg', '', 'images/201311/thumb_img/34_thumb_P_1384830918287.jpg', 'images/201311/source_img/34_P_1384830918852.jpg');
INSERT INTO `ecs_goods_gallery` ( `img_id`, `goods_id`, `img_url`, `img_desc`, `thumb_url`, `img_original` ) VALUES  ('117', '13', 'images/201310/goods_img/13_P_1381910613975.jpg', '', 'images/201310/thumb_img/13_thumb_P_1381910613839.jpg', 'images/201310/source_img/13_P_1381910613645.jpg');
INSERT INTO `ecs_goods_gallery` ( `img_id`, `goods_id`, `img_url`, `img_desc`, `thumb_url`, `img_original` ) VALUES  ('62', '14', 'images/201309/goods_img/14_P_1380247065323.jpg', '', 'images/201309/thumb_img/14_thumb_P_1380247065197.jpg', 'images/201309/source_img/14_P_1380247065671.jpg');
INSERT INTO `ecs_goods_gallery` ( `img_id`, `goods_id`, `img_url`, `img_desc`, `thumb_url`, `img_original` ) VALUES  ('106', '34', 'images/201310/goods_img/34_P_1381910010452.jpg', '', 'images/201310/thumb_img/34_thumb_P_1381910010206.jpg', 'images/201310/source_img/34_P_1381910010891.jpg');
INSERT INTO `ecs_goods_gallery` ( `img_id`, `goods_id`, `img_url`, `img_desc`, `thumb_url`, `img_original` ) VALUES  ('63', '16', 'images/201309/goods_img/16_P_1380247081836.jpg', '', 'images/201309/thumb_img/16_thumb_P_1380247081919.jpg', 'images/201309/source_img/16_P_1380247081183.jpg');
INSERT INTO `ecs_goods_gallery` ( `img_id`, `goods_id`, `img_url`, `img_desc`, `thumb_url`, `img_original` ) VALUES  ('104', '5', 'images/201310/goods_img/5_P_1381393904410.jpg', '', 'images/201310/thumb_img/5_thumb_P_1381393904136.jpg', 'images/201310/source_img/5_P_1381393904235.jpg');
INSERT INTO `ecs_goods_gallery` ( `img_id`, `goods_id`, `img_url`, `img_desc`, `thumb_url`, `img_original` ) VALUES  ('72', '6', 'images/201309/goods_img/6_P_1380247671053.jpg', '', 'images/201309/thumb_img/6_thumb_P_1380247671540.jpg', 'images/201309/source_img/6_P_1380247671468.jpg');
INSERT INTO `ecs_goods_gallery` ( `img_id`, `goods_id`, `img_url`, `img_desc`, `thumb_url`, `img_original` ) VALUES  ('69', '22', 'images/201309/goods_img/22_P_1380247562399.jpg', '', 'images/201309/thumb_img/22_thumb_P_1380247562925.jpg', 'images/201309/source_img/22_P_1380247562644.jpg');
INSERT INTO `ecs_goods_gallery` ( `img_id`, `goods_id`, `img_url`, `img_desc`, `thumb_url`, `img_original` ) VALUES  ('115', '23', 'images/201310/goods_img/23_P_1381910540171.jpg', '', 'images/201310/thumb_img/23_thumb_P_1381910540679.jpg', 'images/201310/source_img/23_P_1381910540270.jpg');
INSERT INTO `ecs_goods_gallery` ( `img_id`, `goods_id`, `img_url`, `img_desc`, `thumb_url`, `img_original` ) VALUES  ('49', '24', 'images/201309/goods_img/24_P_1380102750548.jpg', '', 'images/201309/thumb_img/24_thumb_P_1380102750469.jpg', 'images/201309/source_img/24_P_1380102750372.jpg');
INSERT INTO `ecs_goods_gallery` ( `img_id`, `goods_id`, `img_url`, `img_desc`, `thumb_url`, `img_original` ) VALUES  ('31', '25', 'images/200905/goods_img/25_P_1241972709888.jpg', '', 'images/200905/thumb_img/25_thumb_P_1241972709070.jpg', 'images/200905/source_img/25_P_1241972709222.jpg');
INSERT INTO `ecs_goods_gallery` ( `img_id`, `goods_id`, `img_url`, `img_desc`, `thumb_url`, `img_original` ) VALUES  ('32', '26', 'images/200905/goods_img/26_P_1241972789025.jpg', '', 'images/200905/thumb_img/26_thumb_P_1241972789061.jpg', 'images/200905/source_img/26_P_1241972789731.jpg');
INSERT INTO `ecs_goods_gallery` ( `img_id`, `goods_id`, `img_url`, `img_desc`, `thumb_url`, `img_original` ) VALUES  ('33', '27', 'images/200905/goods_img/27_P_1241972894128.jpg', '', 'images/200905/thumb_img/27_thumb_P_1241972894915.jpg', 'images/200905/source_img/27_P_1241972894886.jpg');
INSERT INTO `ecs_goods_gallery` ( `img_id`, `goods_id`, `img_url`, `img_desc`, `thumb_url`, `img_original` ) VALUES  ('34', '28', 'images/200905/goods_img/28_P_1241972976099.jpg', '', 'images/200905/thumb_img/28_thumb_P_1241972976277.jpg', 'images/200905/source_img/28_P_1241972976150.jpg');
INSERT INTO `ecs_goods_gallery` ( `img_id`, `goods_id`, `img_url`, `img_desc`, `thumb_url`, `img_original` ) VALUES  ('35', '29', 'images/200905/goods_img/29_P_1241973022876.jpg', '', 'images/200905/thumb_img/29_thumb_P_1241973022886.jpg', 'images/200905/source_img/29_P_1241973022880.jpg');
INSERT INTO `ecs_goods_gallery` ( `img_id`, `goods_id`, `img_url`, `img_desc`, `thumb_url`, `img_original` ) VALUES  ('36', '30', 'images/200905/goods_img/30_P_1241973114554.jpg', '', 'images/200905/thumb_img/30_thumb_P_1241973114166.jpg', 'images/200905/source_img/30_P_1241973114795.jpg');
INSERT INTO `ecs_goods_gallery` ( `img_id`, `goods_id`, `img_url`, `img_desc`, `thumb_url`, `img_original` ) VALUES  ('102', '20', 'images/201310/goods_img/20_P_1381393814070.jpg', '', 'images/201310/thumb_img/20_thumb_P_1381393814664.jpg', 'images/201310/source_img/20_P_1381393814438.jpg');
INSERT INTO `ecs_goods_gallery` ( `img_id`, `goods_id`, `img_url`, `img_desc`, `thumb_url`, `img_original` ) VALUES  ('114', '31', 'images/201310/goods_img/31_P_1381910499983.jpg', '', 'images/201310/thumb_img/31_thumb_P_1381910499980.jpg', 'images/201310/source_img/31_P_1381910499599.jpg');
INSERT INTO `ecs_goods_gallery` ( `img_id`, `goods_id`, `img_url`, `img_desc`, `thumb_url`, `img_original` ) VALUES  ('157', '10', 'images/201405/goods_img/10_P_1399965348131.jpg', '', 'images/201405/thumb_img/10_thumb_P_1399965348904.jpg', 'images/201405/source_img/10_P_1399965348201.jpg');
INSERT INTO `ecs_goods_gallery` ( `img_id`, `goods_id`, `img_url`, `img_desc`, `thumb_url`, `img_original` ) VALUES  ('50', '24', 'images/201309/goods_img/24_P_1380102750467.jpg', '', 'images/201309/thumb_img/24_thumb_P_1380102750749.jpg', 'images/201309/source_img/24_P_1380102750636.jpg');
INSERT INTO `ecs_goods_gallery` ( `img_id`, `goods_id`, `img_url`, `img_desc`, `thumb_url`, `img_original` ) VALUES  ('51', '24', 'images/201309/goods_img/24_P_1380102750147.jpg', '', 'images/201309/thumb_img/24_thumb_P_1380102750483.jpg', 'images/201309/source_img/24_P_1380102750922.jpg');
INSERT INTO `ecs_goods_gallery` ( `img_id`, `goods_id`, `img_url`, `img_desc`, `thumb_url`, `img_original` ) VALUES  ('53', '9', 'images/201309/goods_img/9_P_1380246928851.jpg', '', 'images/201309/thumb_img/9_thumb_P_1380246928503.jpg', 'images/201309/source_img/9_P_1380246928112.jpg');
INSERT INTO `ecs_goods_gallery` ( `img_id`, `goods_id`, `img_url`, `img_desc`, `thumb_url`, `img_original` ) VALUES  ('54', '9', 'images/201309/goods_img/9_P_1380246928475.jpg', '', 'images/201309/thumb_img/9_thumb_P_1380246928656.jpg', 'images/201309/source_img/9_P_1380246928748.jpg');
INSERT INTO `ecs_goods_gallery` ( `img_id`, `goods_id`, `img_url`, `img_desc`, `thumb_url`, `img_original` ) VALUES  ('55', '9', 'images/201309/goods_img/9_P_1380246928932.jpg', '', 'images/201309/thumb_img/9_thumb_P_1380246928583.jpg', 'images/201309/source_img/9_P_1380246928308.jpg');
INSERT INTO `ecs_goods_gallery` ( `img_id`, `goods_id`, `img_url`, `img_desc`, `thumb_url`, `img_original` ) VALUES  ('156', '10', 'images/201405/goods_img/10_P_1399965324251.jpg', '', 'images/201405/thumb_img/10_thumb_P_1399965324264.jpg', 'images/201405/source_img/10_P_1399965324097.jpg');
INSERT INTO `ecs_goods_gallery` ( `img_id`, `goods_id`, `img_url`, `img_desc`, `thumb_url`, `img_original` ) VALUES  ('85', '3', 'images/201309/goods_img/3_P_1380266861355.jpg', '', 'images/201309/thumb_img/3_thumb_P_1380266861048.jpg', 'images/201309/source_img/3_P_1380266861816.jpg');
INSERT INTO `ecs_goods_gallery` ( `img_id`, `goods_id`, `img_url`, `img_desc`, `thumb_url`, `img_original` ) VALUES  ('86', '5', 'images/201309/goods_img/5_P_1380266892151.jpg', '', 'images/201309/thumb_img/5_thumb_P_1380266892360.jpg', 'images/201309/source_img/5_P_1380266892913.jpg');
INSERT INTO `ecs_goods_gallery` ( `img_id`, `goods_id`, `img_url`, `img_desc`, `thumb_url`, `img_original` ) VALUES  ('87', '6', 'images/201309/goods_img/6_P_1380266990558.jpg', '', 'images/201309/thumb_img/6_thumb_P_1380266990952.jpg', 'images/201309/source_img/6_P_1380266990950.jpg');
INSERT INTO `ecs_goods_gallery` ( `img_id`, `goods_id`, `img_url`, `img_desc`, `thumb_url`, `img_original` ) VALUES  ('119', '7', 'images/201310/goods_img/7_P_1381910797998.jpg', '', 'images/201310/thumb_img/7_thumb_P_1381910797285.jpg', 'images/201310/source_img/7_P_1381910797245.jpg');
INSERT INTO `ecs_goods_gallery` ( `img_id`, `goods_id`, `img_url`, `img_desc`, `thumb_url`, `img_original` ) VALUES  ('120', '5', 'images/201310/goods_img/5_P_1381910804696.jpg', '', 'images/201310/thumb_img/5_thumb_P_1381910804878.jpg', 'images/201310/source_img/5_P_1381910804669.jpg');
INSERT INTO `ecs_goods_gallery` ( `img_id`, `goods_id`, `img_url`, `img_desc`, `thumb_url`, `img_original` ) VALUES  ('118', '33', 'images/201310/goods_img/33_P_1381910668699.jpg', '', 'images/201310/thumb_img/33_thumb_P_1381910668766.jpg', 'images/201310/source_img/33_P_1381910668886.jpg');
INSERT INTO `ecs_goods_gallery` ( `img_id`, `goods_id`, `img_url`, `img_desc`, `thumb_url`, `img_original` ) VALUES  ('125', '32', 'images/201311/goods_img/32_P_1384830849232.jpg', '', 'images/201311/thumb_img/32_thumb_P_1384830849080.jpg', 'images/201311/source_img/32_P_1384830848385.jpg');
INSERT INTO `ecs_goods_gallery` ( `img_id`, `goods_id`, `img_url`, `img_desc`, `thumb_url`, `img_original` ) VALUES  ('126', '24', 'images/201311/goods_img/24_P_1384830863670.jpg', '', 'images/201311/thumb_img/24_thumb_P_1384830863973.jpg', 'images/201311/source_img/24_P_1384830863067.jpg');
INSERT INTO `ecs_goods_gallery` ( `img_id`, `goods_id`, `img_url`, `img_desc`, `thumb_url`, `img_original` ) VALUES  ('135', '31', 'images/201311/goods_img/31_P_1384831088469.jpg', '', 'images/201311/thumb_img/31_thumb_P_1384831088849.jpg', 'images/201311/source_img/31_P_1384831088321.jpg');
INSERT INTO `ecs_goods_gallery` ( `img_id`, `goods_id`, `img_url`, `img_desc`, `thumb_url`, `img_original` ) VALUES  ('98', '12', 'images/201310/goods_img/12_P_1381393621259.jpg', '', 'images/201310/thumb_img/12_thumb_P_1381393621755.jpg', 'images/201310/source_img/12_P_1381393621474.jpg');
INSERT INTO `ecs_goods_gallery` ( `img_id`, `goods_id`, `img_url`, `img_desc`, `thumb_url`, `img_original` ) VALUES  ('100', '14', 'images/201310/goods_img/14_P_1381393691414.jpg', '', 'images/201310/thumb_img/14_thumb_P_1381393691345.jpg', 'images/201310/source_img/14_P_1381393691510.jpg');
INSERT INTO `ecs_goods_gallery` ( `img_id`, `goods_id`, `img_url`, `img_desc`, `thumb_url`, `img_original` ) VALUES  ('116', '17', 'images/201310/goods_img/17_P_1381910560376.jpg', '', 'images/201310/thumb_img/17_thumb_P_1381910560277.jpg', 'images/201310/source_img/17_P_1381910560736.jpg');
INSERT INTO `ecs_goods_gallery` ( `img_id`, `goods_id`, `img_url`, `img_desc`, `thumb_url`, `img_original` ) VALUES  ('105', '4', 'images/201310/goods_img/4_P_1381393928471.jpg', '', 'images/201310/thumb_img/4_thumb_P_1381393928612.jpg', 'images/201310/source_img/4_P_1381393928654.jpg');
INSERT INTO `ecs_goods_gallery` ( `img_id`, `goods_id`, `img_url`, `img_desc`, `thumb_url`, `img_original` ) VALUES  ('127', '23', 'images/201311/goods_img/23_P_1384830881141.jpg', '', 'images/201311/thumb_img/23_thumb_P_1384830881370.jpg', 'images/201311/source_img/23_P_1384830881170.jpg');
INSERT INTO `ecs_goods_gallery` ( `img_id`, `goods_id`, `img_url`, `img_desc`, `thumb_url`, `img_original` ) VALUES  ('134', '22', 'images/201311/goods_img/22_P_1384831042813.jpg', '', 'images/201311/thumb_img/22_thumb_P_1384831042984.jpg', 'images/201311/source_img/22_P_1384831042060.jpg');
INSERT INTO `ecs_goods_gallery` ( `img_id`, `goods_id`, `img_url`, `img_desc`, `thumb_url`, `img_original` ) VALUES  ('155', '10', 'images/201405/goods_img/10_P_1399965311174.jpg', '', 'images/201405/thumb_img/10_thumb_P_1399965311374.jpg', 'images/201405/source_img/10_P_1399965311132.jpg');
INSERT INTO `ecs_goods_gallery` ( `img_id`, `goods_id`, `img_url`, `img_desc`, `thumb_url`, `img_original` ) VALUES  ('112', '12', 'images/201310/goods_img/12_P_1381910386137.jpg', '', 'images/201310/thumb_img/12_thumb_P_1381910386532.jpg', 'images/201310/source_img/12_P_1381910386873.jpg');
INSERT INTO `ecs_goods_gallery` ( `img_id`, `goods_id`, `img_url`, `img_desc`, `thumb_url`, `img_original` ) VALUES  ('129', '21', 'images/201311/goods_img/21_P_1384830955819.jpg', '', 'images/201311/thumb_img/21_thumb_P_1384830955179.jpg', 'images/201311/source_img/21_P_1384830955566.jpg');
INSERT INTO `ecs_goods_gallery` ( `img_id`, `goods_id`, `img_url`, `img_desc`, `thumb_url`, `img_original` ) VALUES  ('122', '3', 'images/201310/goods_img/3_P_1381912829882.jpg', '', 'images/201310/thumb_img/3_thumb_P_1381912829123.jpg', 'images/201310/source_img/3_P_1381912829360.jpg');
INSERT INTO `ecs_goods_gallery` ( `img_id`, `goods_id`, `img_url`, `img_desc`, `thumb_url`, `img_original` ) VALUES  ('123', '7', 'images/201310/goods_img/7_P_1381912849571.jpg', '', 'images/201310/thumb_img/7_thumb_P_1381912849312.jpg', 'images/201310/source_img/7_P_1381912849131.jpg');
INSERT INTO `ecs_goods_gallery` ( `img_id`, `goods_id`, `img_url`, `img_desc`, `thumb_url`, `img_original` ) VALUES  ('124', '1', 'images/201311/goods_img/1_P_1384830832343.jpg', '', 'images/201311/thumb_img/1_thumb_P_1384830832843.jpg', 'images/201311/source_img/1_P_1384830832027.jpg');
INSERT INTO `ecs_goods_gallery` ( `img_id`, `goods_id`, `img_url`, `img_desc`, `thumb_url`, `img_original` ) VALUES  ('130', '9', 'images/201311/goods_img/9_P_1384830965624.jpg', '', 'images/201311/thumb_img/9_thumb_P_1384830965404.jpg', 'images/201311/source_img/9_P_1384830965999.jpg');
INSERT INTO `ecs_goods_gallery` ( `img_id`, `goods_id`, `img_url`, `img_desc`, `thumb_url`, `img_original` ) VALUES  ('136', '8', 'images/201405/goods_img/8_P_1399951868709.jpg', '', 'images/201405/thumb_img/8_thumb_P_1399951868005.jpg', 'images/201405/source_img/8_P_1399951868194.jpg');
INSERT INTO `ecs_goods_gallery` ( `img_id`, `goods_id`, `img_url`, `img_desc`, `thumb_url`, `img_original` ) VALUES  ('132', '33', 'images/201311/goods_img/33_P_1384830996511.jpg', '', 'images/201311/thumb_img/33_thumb_P_1384830996787.jpg', 'images/201311/source_img/33_P_1384830996798.jpg');
INSERT INTO `ecs_goods_gallery` ( `img_id`, `goods_id`, `img_url`, `img_desc`, `thumb_url`, `img_original` ) VALUES  ('133', '3', 'images/201311/goods_img/3_P_1384831004027.jpg', '', 'images/201311/thumb_img/3_thumb_P_1384831004685.jpg', 'images/201311/source_img/3_P_1384831004451.jpg');
INSERT INTO `ecs_goods_gallery` ( `img_id`, `goods_id`, `img_url`, `img_desc`, `thumb_url`, `img_original` ) VALUES  ('138', '24', 'images/201405/goods_img/24_P_1399962854236.jpg', '', 'images/201405/thumb_img/24_thumb_P_1399962854559.jpg', 'images/201405/source_img/24_P_1399962854484.jpg');
INSERT INTO `ecs_goods_gallery` ( `img_id`, `goods_id`, `img_url`, `img_desc`, `thumb_url`, `img_original` ) VALUES  ('139', '32', 'images/201405/goods_img/32_P_1399962881864.jpg', '', 'images/201405/thumb_img/32_thumb_P_1399962881015.jpg', 'images/201405/source_img/32_P_1399962881140.jpg');
INSERT INTO `ecs_goods_gallery` ( `img_id`, `goods_id`, `img_url`, `img_desc`, `thumb_url`, `img_original` ) VALUES  ('140', '12', 'images/201405/goods_img/12_P_1399962907467.jpg', '', 'images/201405/thumb_img/12_thumb_P_1399962907231.jpg', 'images/201405/source_img/12_P_1399962907643.jpg');
INSERT INTO `ecs_goods_gallery` ( `img_id`, `goods_id`, `img_url`, `img_desc`, `thumb_url`, `img_original` ) VALUES  ('141', '23', 'images/201405/goods_img/23_P_1399962927512.jpg', '', 'images/201405/thumb_img/23_thumb_P_1399962927267.jpg', 'images/201405/source_img/23_P_1399962927698.jpg');
INSERT INTO `ecs_goods_gallery` ( `img_id`, `goods_id`, `img_url`, `img_desc`, `thumb_url`, `img_original` ) VALUES  ('142', '1', 'images/201405/goods_img/1_P_1399962983182.jpg', '', 'images/201405/thumb_img/1_thumb_P_1399962983374.jpg', 'images/201405/source_img/1_P_1399962983251.jpg');
INSERT INTO `ecs_goods_gallery` ( `img_id`, `goods_id`, `img_url`, `img_desc`, `thumb_url`, `img_original` ) VALUES  ('143', '13', 'images/201405/goods_img/13_P_1399963013368.jpg', '', 'images/201405/thumb_img/13_thumb_P_1399963013386.jpg', 'images/201405/source_img/13_P_1399963013187.jpg');
INSERT INTO `ecs_goods_gallery` ( `img_id`, `goods_id`, `img_url`, `img_desc`, `thumb_url`, `img_original` ) VALUES  ('144', '31', 'images/201405/goods_img/31_P_1399963036436.jpg', '', 'images/201405/thumb_img/31_thumb_P_1399963036932.jpg', 'images/201405/source_img/31_P_1399963036909.jpg');
INSERT INTO `ecs_goods_gallery` ( `img_id`, `goods_id`, `img_url`, `img_desc`, `thumb_url`, `img_original` ) VALUES  ('145', '9', 'images/201405/goods_img/9_P_1399963060404.jpg', '', 'images/201405/thumb_img/9_thumb_P_1399963060476.jpg', 'images/201405/source_img/9_P_1399963060664.jpg');
INSERT INTO `ecs_goods_gallery` ( `img_id`, `goods_id`, `img_url`, `img_desc`, `thumb_url`, `img_original` ) VALUES  ('146', '21', 'images/201405/goods_img/21_P_1399963079262.jpg', '', 'images/201405/thumb_img/21_thumb_P_1399963079268.jpg', 'images/201405/source_img/21_P_1399963079265.jpg');
INSERT INTO `ecs_goods_gallery` ( `img_id`, `goods_id`, `img_url`, `img_desc`, `thumb_url`, `img_original` ) VALUES  ('147', '22', 'images/201405/goods_img/22_P_1399963097627.jpg', '', 'images/201405/thumb_img/22_thumb_P_1399963097939.jpg', 'images/201405/source_img/22_P_1399963097050.jpg');
INSERT INTO `ecs_goods_gallery` ( `img_id`, `goods_id`, `img_url`, `img_desc`, `thumb_url`, `img_original` ) VALUES  ('148', '7', 'images/201405/goods_img/7_P_1399963118227.jpg', '', 'images/201405/thumb_img/7_thumb_P_1399963118821.jpg', 'images/201405/source_img/7_P_1399963118992.jpg');
INSERT INTO `ecs_goods_gallery` ( `img_id`, `goods_id`, `img_url`, `img_desc`, `thumb_url`, `img_original` ) VALUES  ('149', '3', 'images/201405/goods_img/3_P_1399963174539.jpg', '', 'images/201405/thumb_img/3_thumb_P_1399963174912.jpg', 'images/201405/source_img/3_P_1399963174882.jpg');
INSERT INTO `ecs_goods_gallery` ( `img_id`, `goods_id`, `img_url`, `img_desc`, `thumb_url`, `img_original` ) VALUES  ('150', '33', 'images/201405/goods_img/33_P_1399963191998.jpg', '', 'images/201405/thumb_img/33_thumb_P_1399963191761.jpg', 'images/201405/source_img/33_P_1399963191149.jpg');
INSERT INTO `ecs_goods_gallery` ( `img_id`, `goods_id`, `img_url`, `img_desc`, `thumb_url`, `img_original` ) VALUES  ('151', '10', 'images/201405/goods_img/10_P_1399963234840.jpg', '', 'images/201405/thumb_img/10_thumb_P_1399963234224.jpg', 'images/201405/source_img/10_P_1399963234663.jpg');
INSERT INTO `ecs_goods_gallery` ( `img_id`, `goods_id`, `img_url`, `img_desc`, `thumb_url`, `img_original` ) VALUES  ('152', '34', 'images/201405/goods_img/34_P_1399963265482.jpg', '', 'images/201405/thumb_img/34_thumb_P_1399963265206.jpg', 'images/201405/source_img/34_P_1399963265212.jpg');
INSERT INTO `ecs_goods_gallery` ( `img_id`, `goods_id`, `img_url`, `img_desc`, `thumb_url`, `img_original` ) VALUES  ('153', '5', 'images/201405/goods_img/5_P_1399963282786.jpg', '', 'images/201405/thumb_img/5_thumb_P_1399963282504.jpg', 'images/201405/source_img/5_P_1399963282870.jpg');
INSERT INTO `ecs_goods_gallery` ( `img_id`, `goods_id`, `img_url`, `img_desc`, `thumb_url`, `img_original` ) VALUES  ('154', '14', 'images/201405/goods_img/14_P_1399963309358.jpg', '', 'images/201405/thumb_img/14_thumb_P_1399963309160.jpg', 'images/201405/source_img/14_P_1399963309215.jpg');
INSERT INTO `ecs_goods_gallery` ( `img_id`, `goods_id`, `img_url`, `img_desc`, `thumb_url`, `img_original` ) VALUES  ('158', '10', 'images/201405/goods_img/10_P_1399965360875.jpg', '', 'images/201405/thumb_img/10_thumb_P_1399965360950.jpg', 'images/201405/source_img/10_P_1399965360950.jpg');
INSERT INTO `ecs_goods_gallery` ( `img_id`, `goods_id`, `img_url`, `img_desc`, `thumb_url`, `img_original` ) VALUES  ('159', '10', 'images/201405/goods_img/10_P_1399965372343.jpg', '', 'images/201405/thumb_img/10_thumb_P_1399965372645.jpg', 'images/201405/source_img/10_P_1399965372284.jpg');
INSERT INTO `ecs_goods_gallery` ( `img_id`, `goods_id`, `img_url`, `img_desc`, `thumb_url`, `img_original` ) VALUES  ('160', '10', 'images/201405/goods_img/10_P_1399965391622.jpg', '', 'images/201405/thumb_img/10_thumb_P_1399965391864.jpg', 'images/201405/source_img/10_P_1399965391439.jpg');
INSERT INTO `ecs_goods_gallery` ( `img_id`, `goods_id`, `img_url`, `img_desc`, `thumb_url`, `img_original` ) VALUES  ('161', '36', 'images/201405/goods_img/36_P_1400555278649.jpg', '', 'images/201405/thumb_img/36_thumb_P_1400555278469.jpg', 'images/201405/source_img/36_P_1400555278390.jpg');
INSERT INTO `ecs_goods_gallery` ( `img_id`, `goods_id`, `img_url`, `img_desc`, `thumb_url`, `img_original` ) VALUES  ('162', '37', 'images/201405/goods_img/37_P_1400575095756.jpg', '', 'images/201405/thumb_img/37_thumb_P_1400575095304.jpg', 'images/201405/source_img/37_P_1400575095874.jpg');
INSERT INTO `ecs_goods_gallery` ( `img_id`, `goods_id`, `img_url`, `img_desc`, `thumb_url`, `img_original` ) VALUES  ('164', '10', 'images/201406/goods_img/10_P_1402111476004.jpg', '', 'images/201406/thumb_img/10_thumb_P_1402111476411.jpg', 'images/201406/source_img/10_P_1402111476117.jpg');
DROP TABLE IF EXISTS `ecs_goods_type`;
CREATE TABLE `ecs_goods_type` (
  `cat_id` smallint(5) unsigned NOT NULL auto_increment,
  `cat_name` varchar(60) NOT NULL default '',
  `enabled` tinyint(1) unsigned NOT NULL default '1',
  `attr_group` varchar(255) NOT NULL,
  PRIMARY KEY  (`cat_id`)
) ENGINE=MyISAM DEFAULT CHARSET=utf8;
INSERT INTO `ecs_goods_type` ( `cat_id`, `cat_name`, `enabled`, `attr_group` ) VALUES  ('1', '书', '1', '');
INSERT INTO `ecs_goods_type` ( `cat_id`, `cat_name`, `enabled`, `attr_group` ) VALUES  ('2', '音乐', '1', '');
INSERT INTO `ecs_goods_type` ( `cat_id`, `cat_name`, `enabled`, `attr_group` ) VALUES  ('3', '电影', '1', '');
INSERT INTO `ecs_goods_type` ( `cat_id`, `cat_name`, `enabled`, `attr_group` ) VALUES  ('4', '手机', '1', '');
INSERT INTO `ecs_goods_type` ( `cat_id`, `cat_name`, `enabled`, `attr_group` ) VALUES  ('5', '笔记本电脑', '1', '');
INSERT INTO `ecs_goods_type` ( `cat_id`, `cat_name`, `enabled`, `attr_group` ) VALUES  ('6', '数码相机', '1', '');
INSERT INTO `ecs_goods_type` ( `cat_id`, `cat_name`, `enabled`, `attr_group` ) VALUES  ('7', '数码摄像机', '1', '');
INSERT INTO `ecs_goods_type` ( `cat_id`, `cat_name`, `enabled`, `attr_group` ) VALUES  ('8', '化妆品', '1', '');
INSERT INTO `ecs_goods_type` ( `cat_id`, `cat_name`, `enabled`, `attr_group` ) VALUES  ('9', '精品手机', '1', '');
DROP TABLE IF EXISTS `ecs_group_goods`;
CREATE TABLE `ecs_group_goods` (
  `parent_id` mediumint(8) unsigned NOT NULL default '0',
  `goods_id` mediumint(8) unsigned NOT NULL default '0',
  `goods_price` decimal(10,2) unsigned NOT NULL default '0.00',
  `admin_id` tinyint(3) unsigned NOT NULL default '0',
  PRIMARY KEY  (`parent_id`,`goods_id`,`admin_id`)
) ENGINE=MyISAM DEFAULT CHARSET=utf8;
INSERT INTO `ecs_group_goods` ( `parent_id`, `goods_id`, `goods_price`, `admin_id` ) VALUES  ('9', '12', '983.00', '1');
INSERT INTO `ecs_group_goods` ( `parent_id`, `goods_id`, `goods_price`, `admin_id` ) VALUES  ('9', '10', '1328.00', '1');
INSERT INTO `ecs_group_goods` ( `parent_id`, `goods_id`, `goods_price`, `admin_id` ) VALUES  ('9', '8', '399.00', '1');
INSERT INTO `ecs_group_goods` ( `parent_id`, `goods_id`, `goods_price`, `admin_id` ) VALUES  ('14', '5', '20.00', '1');
INSERT INTO `ecs_group_goods` ( `parent_id`, `goods_id`, `goods_price`, `admin_id` ) VALUES  ('14', '6', '42.00', '1');
INSERT INTO `ecs_group_goods` ( `parent_id`, `goods_id`, `goods_price`, `admin_id` ) VALUES  ('14', '7', '100.00', '1');
INSERT INTO `ecs_group_goods` ( `parent_id`, `goods_id`, `goods_price`, `admin_id` ) VALUES  ('1', '4', '58.00', '1');
INSERT INTO `ecs_group_goods` ( `parent_id`, `goods_id`, `goods_price`, `admin_id` ) VALUES  ('1', '6', '42.00', '1');
INSERT INTO `ecs_group_goods` ( `parent_id`, `goods_id`, `goods_price`, `admin_id` ) VALUES  ('1', '7', '100.00', '1');
INSERT INTO `ecs_group_goods` ( `parent_id`, `goods_id`, `goods_price`, `admin_id` ) VALUES  ('9', '13', '1311.00', '1');
INSERT INTO `ecs_group_goods` ( `parent_id`, `goods_id`, `goods_price`, `admin_id` ) VALUES  ('9', '17', '2300.00', '1');
INSERT INTO `ecs_group_goods` ( `parent_id`, `goods_id`, `goods_price`, `admin_id` ) VALUES  ('9', '31', '1337.00', '1');
INSERT INTO `ecs_group_goods` ( `parent_id`, `goods_id`, `goods_price`, `admin_id` ) VALUES  ('9', '24', '2000.00', '1');
DROP TABLE IF EXISTS `ecs_keywords`;
CREATE TABLE `ecs_keywords` (
  `date` date NOT NULL default '0000-00-00',
  `searchengine` varchar(20) NOT NULL default '',
  `keyword` varchar(90) NOT NULL default '',
  `count` mediumint(8) unsigned NOT NULL default '0',
  PRIMARY KEY  (`date`,`searchengine`,`keyword`)
) ENGINE=MyISAM DEFAULT CHARSET=utf8;
INSERT INTO `ecs_keywords` ( `date`, `searchengine`, `keyword`, `count` ) VALUES  ('2009-04-21', 'ecshop', '诺基亚', '1');
INSERT INTO `ecs_keywords` ( `date`, `searchengine`, `keyword`, `count` ) VALUES  ('2009-04-27', 'ecshop', '智能手机', '1');
INSERT INTO `ecs_keywords` ( `date`, `searchengine`, `keyword`, `count` ) VALUES  ('2009-05-04', 'ecshop', '斤', '1');
INSERT INTO `ecs_keywords` ( `date`, `searchengine`, `keyword`, `count` ) VALUES  ('2009-05-10', 'ecshop', '诺基亚', '1');
INSERT INTO `ecs_keywords` ( `date`, `searchengine`, `keyword`, `count` ) VALUES  ('2009-05-11', 'ecshop', '智能手机', '1');
INSERT INTO `ecs_keywords` ( `date`, `searchengine`, `keyword`, `count` ) VALUES  ('2009-05-11', 'ecshop', '诺基亚', '1');
INSERT INTO `ecs_keywords` ( `date`, `searchengine`, `keyword`, `count` ) VALUES  ('2009-05-12', 'ecshop', '三星', '1');
INSERT INTO `ecs_keywords` ( `date`, `searchengine`, `keyword`, `count` ) VALUES  ('2009-05-12', 'ecshop', '智能手机', '1');
INSERT INTO `ecs_keywords` ( `date`, `searchengine`, `keyword`, `count` ) VALUES  ('2009-05-12', 'ecshop', 'p806', '1');
INSERT INTO `ecs_keywords` ( `date`, `searchengine`, `keyword`, `count` ) VALUES  ('2009-05-12', 'ecshop', '诺基亚', '1');
INSERT INTO `ecs_keywords` ( `date`, `searchengine`, `keyword`, `count` ) VALUES  ('2009-05-12', 'ecshop', '夏新', '1');
INSERT INTO `ecs_keywords` ( `date`, `searchengine`, `keyword`, `count` ) VALUES  ('2009-05-18', 'ecshop', '52', '2');
INSERT INTO `ecs_keywords` ( `date`, `searchengine`, `keyword`, `count` ) VALUES  ('2009-05-22', 'ecshop', 'p', '1');
INSERT INTO `ecs_keywords` ( `date`, `searchengine`, `keyword`, `count` ) VALUES  ('2013-09-25', 'ecshop', '手机', '1');
INSERT INTO `ecs_keywords` ( `date`, `searchengine`, `keyword`, `count` ) VALUES  ('2013-09-26', 'ecshop', '风衣', '1');
INSERT INTO `ecs_keywords` ( `date`, `searchengine`, `keyword`, `count` ) VALUES  ('2013-09-26', 'ecshop', '手机', '18');
INSERT INTO `ecs_keywords` ( `date`, `searchengine`, `keyword`, `count` ) VALUES  ('2013-09-26', 'ecshop', '3', '4');
INSERT INTO `ecs_keywords` ( `date`, `searchengine`, `keyword`, `count` ) VALUES  ('2013-09-27', 'ecshop', '手机', '1');
INSERT INTO `ecs_keywords` ( `date`, `searchengine`, `keyword`, `count` ) VALUES  ('2013-09-27', 'ecshop', 'ec', '2');
INSERT INTO `ecs_keywords` ( `date`, `searchengine`, `keyword`, `count` ) VALUES  ('2013-09-27', 'ecshop', '多普达', '4');
INSERT INTO `ecs_keywords` ( `date`, `searchengine`, `keyword`, `count` ) VALUES  ('2013-10-10', 'ecshop', '手机', '12');
INSERT INTO `ecs_keywords` ( `date`, `searchengine`, `keyword`, `count` ) VALUES  ('2013-10-10', 'ecshop', '68ecshop商业模板', '1');
INSERT INTO `ecs_keywords` ( `date`, `searchengine`, `keyword`, `count` ) VALUES  ('2013-10-14', 'ecshop', '手机', '30');
INSERT INTO `ecs_keywords` ( `date`, `searchengine`, `keyword`, `count` ) VALUES  ('2013-10-15', 'ecshop', '', '1');
INSERT INTO `ecs_keywords` ( `date`, `searchengine`, `keyword`, `count` ) VALUES  ('2013-10-16', 'ecshop', '68ecshop官方论坛', '1');
INSERT INTO `ecs_keywords` ( `date`, `searchengine`, `keyword`, `count` ) VALUES  ('2013-10-16', 'ecshop', '68ecshop', '7');
INSERT INTO `ecs_keywords` ( `date`, `searchengine`, `keyword`, `count` ) VALUES  ('2013-10-16', 'ecshop', '68ecshop模板中心', '1');
INSERT INTO `ecs_keywords` ( `date`, `searchengine`, `keyword`, `count` ) VALUES  ('2013-10-16', 'ecshop', '68ecshop模板', '1');
INSERT INTO `ecs_keywords` ( `date`, `searchengine`, `keyword`, `count` ) VALUES  ('2013-10-16', 'ecshop', '请输入你要查找的商品', '1');
INSERT INTO `ecs_keywords` ( `date`, `searchengine`, `keyword`, `count` ) VALUES  ('2013-10-16', 'ecshop', '手机', '6');
INSERT INTO `ecs_keywords` ( `date`, `searchengine`, `keyword`, `count` ) VALUES  ('2013-11-18', 'ecshop', '请输入你要查找的商品', '10');
INSERT INTO `ecs_keywords` ( `date`, `searchengine`, `keyword`, `count` ) VALUES  ('2013-11-18', 'ecshop', 'vjia', '1');
INSERT INTO `ecs_keywords` ( `date`, `searchengine`, `keyword`, `count` ) VALUES  ('2013-11-18', 'ecshop', '手机', '54');
INSERT INTO `ecs_keywords` ( `date`, `searchengine`, `keyword`, `count` ) VALUES  ('2013-11-19', 'ecshop', 'ec', '7');
INSERT INTO `ecs_keywords` ( `date`, `searchengine`, `keyword`, `count` ) VALUES  ('2013-11-19', 'ecshop', '手机', '53');
INSERT INTO `ecs_keywords` ( `date`, `searchengine`, `keyword`, `count` ) VALUES  ('2014-05-07', 'ecshop', '请输入你要查找的商品', '1');
INSERT INTO `ecs_keywords` ( `date`, `searchengine`, `keyword`, `count` ) VALUES  ('2014-05-07', 'ecshop', 'asdfasdfasdfffffffffffffffffffffffffffffffffffffffffffffffffffffffffffffffffffffffffffffff', '1');
INSERT INTO `ecs_keywords` ( `date`, `searchengine`, `keyword`, `count` ) VALUES  ('2014-05-07', 'ecshop', 'ww', '3');
INSERT INTO `ecs_keywords` ( `date`, `searchengine`, `keyword`, `count` ) VALUES  ('2014-05-09', 'ecshop', 'ec', '7');
INSERT INTO `ecs_keywords` ( `date`, `searchengine`, `keyword`, `count` ) VALUES  ('2014-05-13', 'ecshop', '68ecshop', '1');
INSERT INTO `ecs_keywords` ( `date`, `searchengine`, `keyword`, `count` ) VALUES  ('2014-05-20', 'ecshop', '请输入你要查找的商品', '1');
INSERT INTO `ecs_keywords` ( `date`, `searchengine`, `keyword`, `count` ) VALUES  ('2014-05-20', 'ecshop', '68ecshop', '2');
INSERT INTO `ecs_keywords` ( `date`, `searchengine`, `keyword`, `count` ) VALUES  ('2014-05-21', 'ecshop', '68ecshop', '1');
DROP TABLE IF EXISTS `ecs_link_goods`;
CREATE TABLE `ecs_link_goods` (
  `goods_id` mediumint(8) unsigned NOT NULL default '0',
  `link_goods_id` mediumint(8) unsigned NOT NULL default '0',
  `is_double` tinyint(1) unsigned NOT NULL default '0',
  `admin_id` tinyint(3) unsigned NOT NULL default '0',
  PRIMARY KEY  (`goods_id`,`link_goods_id`,`admin_id`)
) ENGINE=MyISAM DEFAULT CHARSET=utf8;
INSERT INTO `ecs_link_goods` ( `goods_id`, `link_goods_id`, `is_double`, `admin_id` ) VALUES  ('12', '9', '0', '1');
INSERT INTO `ecs_link_goods` ( `goods_id`, `link_goods_id`, `is_double`, `admin_id` ) VALUES  ('12', '10', '0', '1');
INSERT INTO `ecs_link_goods` ( `goods_id`, `link_goods_id`, `is_double`, `admin_id` ) VALUES  ('9', '17', '0', '1');
INSERT INTO `ecs_link_goods` ( `goods_id`, `link_goods_id`, `is_double`, `admin_id` ) VALUES  ('13', '9', '0', '1');
INSERT INTO `ecs_link_goods` ( `goods_id`, `link_goods_id`, `is_double`, `admin_id` ) VALUES  ('14', '9', '0', '1');
INSERT INTO `ecs_link_goods` ( `goods_id`, `link_goods_id`, `is_double`, `admin_id` ) VALUES  ('14', '13', '0', '1');
INSERT INTO `ecs_link_goods` ( `goods_id`, `link_goods_id`, `is_double`, `admin_id` ) VALUES  ('23', '9', '0', '1');
INSERT INTO `ecs_link_goods` ( `goods_id`, `link_goods_id`, `is_double`, `admin_id` ) VALUES  ('13', '23', '1', '1');
INSERT INTO `ecs_link_goods` ( `goods_id`, `link_goods_id`, `is_double`, `admin_id` ) VALUES  ('23', '13', '1', '1');
INSERT INTO `ecs_link_goods` ( `goods_id`, `link_goods_id`, `is_double`, `admin_id` ) VALUES  ('12', '32', '1', '1');
INSERT INTO `ecs_link_goods` ( `goods_id`, `link_goods_id`, `is_double`, `admin_id` ) VALUES  ('32', '12', '1', '1');
INSERT INTO `ecs_link_goods` ( `goods_id`, `link_goods_id`, `is_double`, `admin_id` ) VALUES  ('31', '32', '1', '1');
INSERT INTO `ecs_link_goods` ( `goods_id`, `link_goods_id`, `is_double`, `admin_id` ) VALUES  ('32', '31', '1', '1');
INSERT INTO `ecs_link_goods` ( `goods_id`, `link_goods_id`, `is_double`, `admin_id` ) VALUES  ('32', '1', '0', '1');
INSERT INTO `ecs_link_goods` ( `goods_id`, `link_goods_id`, `is_double`, `admin_id` ) VALUES  ('17', '32', '1', '1');
INSERT INTO `ecs_link_goods` ( `goods_id`, `link_goods_id`, `is_double`, `admin_id` ) VALUES  ('32', '17', '1', '1');
INSERT INTO `ecs_link_goods` ( `goods_id`, `link_goods_id`, `is_double`, `admin_id` ) VALUES  ('9', '8', '0', '1');
INSERT INTO `ecs_link_goods` ( `goods_id`, `link_goods_id`, `is_double`, `admin_id` ) VALUES  ('32', '9', '0', '1');
INSERT INTO `ecs_link_goods` ( `goods_id`, `link_goods_id`, `is_double`, `admin_id` ) VALUES  ('6', '32', '1', '1');
INSERT INTO `ecs_link_goods` ( `goods_id`, `link_goods_id`, `is_double`, `admin_id` ) VALUES  ('32', '6', '1', '1');
INSERT INTO `ecs_link_goods` ( `goods_id`, `link_goods_id`, `is_double`, `admin_id` ) VALUES  ('3', '32', '1', '1');
INSERT INTO `ecs_link_goods` ( `goods_id`, `link_goods_id`, `is_double`, `admin_id` ) VALUES  ('32', '3', '1', '1');
INSERT INTO `ecs_link_goods` ( `goods_id`, `link_goods_id`, `is_double`, `admin_id` ) VALUES  ('22', '32', '1', '1');
INSERT INTO `ecs_link_goods` ( `goods_id`, `link_goods_id`, `is_double`, `admin_id` ) VALUES  ('32', '22', '1', '1');
INSERT INTO `ecs_link_goods` ( `goods_id`, `link_goods_id`, `is_double`, `admin_id` ) VALUES  ('32', '27', '0', '1');
INSERT INTO `ecs_link_goods` ( `goods_id`, `link_goods_id`, `is_double`, `admin_id` ) VALUES  ('32', '29', '0', '1');
INSERT INTO `ecs_link_goods` ( `goods_id`, `link_goods_id`, `is_double`, `admin_id` ) VALUES  ('4', '9', '0', '1');
INSERT INTO `ecs_link_goods` ( `goods_id`, `link_goods_id`, `is_double`, `admin_id` ) VALUES  ('9', '22', '0', '1');
INSERT INTO `ecs_link_goods` ( `goods_id`, `link_goods_id`, `is_double`, `admin_id` ) VALUES  ('3', '9', '0', '1');
INSERT INTO `ecs_link_goods` ( `goods_id`, `link_goods_id`, `is_double`, `admin_id` ) VALUES  ('9', '24', '0', '1');
INSERT INTO `ecs_link_goods` ( `goods_id`, `link_goods_id`, `is_double`, `admin_id` ) VALUES  ('7', '9', '0', '1');
INSERT INTO `ecs_link_goods` ( `goods_id`, `link_goods_id`, `is_double`, `admin_id` ) VALUES  ('9', '21', '0', '1');
INSERT INTO `ecs_link_goods` ( `goods_id`, `link_goods_id`, `is_double`, `admin_id` ) VALUES  ('9', '13', '0', '1');
INSERT INTO `ecs_link_goods` ( `goods_id`, `link_goods_id`, `is_double`, `admin_id` ) VALUES  ('9', '10', '0', '1');
INSERT INTO `ecs_link_goods` ( `goods_id`, `link_goods_id`, `is_double`, `admin_id` ) VALUES  ('8', '21', '1', '1');
INSERT INTO `ecs_link_goods` ( `goods_id`, `link_goods_id`, `is_double`, `admin_id` ) VALUES  ('21', '8', '1', '1');
INSERT INTO `ecs_link_goods` ( `goods_id`, `link_goods_id`, `is_double`, `admin_id` ) VALUES  ('9', '12', '0', '1');
INSERT INTO `ecs_link_goods` ( `goods_id`, `link_goods_id`, `is_double`, `admin_id` ) VALUES  ('21', '9', '0', '1');
INSERT INTO `ecs_link_goods` ( `goods_id`, `link_goods_id`, `is_double`, `admin_id` ) VALUES  ('9', '20', '0', '1');
INSERT INTO `ecs_link_goods` ( `goods_id`, `link_goods_id`, `is_double`, `admin_id` ) VALUES  ('21', '10', '0', '1');
INSERT INTO `ecs_link_goods` ( `goods_id`, `link_goods_id`, `is_double`, `admin_id` ) VALUES  ('12', '21', '1', '1');
INSERT INTO `ecs_link_goods` ( `goods_id`, `link_goods_id`, `is_double`, `admin_id` ) VALUES  ('21', '12', '1', '1');
INSERT INTO `ecs_link_goods` ( `goods_id`, `link_goods_id`, `is_double`, `admin_id` ) VALUES  ('13', '21', '1', '1');
INSERT INTO `ecs_link_goods` ( `goods_id`, `link_goods_id`, `is_double`, `admin_id` ) VALUES  ('21', '13', '1', '1');
INSERT INTO `ecs_link_goods` ( `goods_id`, `link_goods_id`, `is_double`, `admin_id` ) VALUES  ('17', '21', '1', '1');
INSERT INTO `ecs_link_goods` ( `goods_id`, `link_goods_id`, `is_double`, `admin_id` ) VALUES  ('21', '17', '1', '1');
INSERT INTO `ecs_link_goods` ( `goods_id`, `link_goods_id`, `is_double`, `admin_id` ) VALUES  ('20', '21', '1', '1');
INSERT INTO `ecs_link_goods` ( `goods_id`, `link_goods_id`, `is_double`, `admin_id` ) VALUES  ('21', '20', '1', '1');
INSERT INTO `ecs_link_goods` ( `goods_id`, `link_goods_id`, `is_double`, `admin_id` ) VALUES  ('22', '21', '1', '1');
INSERT INTO `ecs_link_goods` ( `goods_id`, `link_goods_id`, `is_double`, `admin_id` ) VALUES  ('21', '22', '1', '1');
INSERT INTO `ecs_link_goods` ( `goods_id`, `link_goods_id`, `is_double`, `admin_id` ) VALUES  ('24', '21', '1', '1');
INSERT INTO `ecs_link_goods` ( `goods_id`, `link_goods_id`, `is_double`, `admin_id` ) VALUES  ('21', '24', '1', '1');
INSERT INTO `ecs_link_goods` ( `goods_id`, `link_goods_id`, `is_double`, `admin_id` ) VALUES  ('31', '21', '1', '1');
INSERT INTO `ecs_link_goods` ( `goods_id`, `link_goods_id`, `is_double`, `admin_id` ) VALUES  ('21', '31', '1', '1');
INSERT INTO `ecs_link_goods` ( `goods_id`, `link_goods_id`, `is_double`, `admin_id` ) VALUES  ('32', '21', '1', '1');
INSERT INTO `ecs_link_goods` ( `goods_id`, `link_goods_id`, `is_double`, `admin_id` ) VALUES  ('21', '32', '1', '1');
INSERT INTO `ecs_link_goods` ( `goods_id`, `link_goods_id`, `is_double`, `admin_id` ) VALUES  ('4', '3', '1', '1');
INSERT INTO `ecs_link_goods` ( `goods_id`, `link_goods_id`, `is_double`, `admin_id` ) VALUES  ('3', '4', '1', '1');
INSERT INTO `ecs_link_goods` ( `goods_id`, `link_goods_id`, `is_double`, `admin_id` ) VALUES  ('7', '3', '1', '1');
INSERT INTO `ecs_link_goods` ( `goods_id`, `link_goods_id`, `is_double`, `admin_id` ) VALUES  ('3', '7', '1', '1');
INSERT INTO `ecs_link_goods` ( `goods_id`, `link_goods_id`, `is_double`, `admin_id` ) VALUES  ('5', '3', '1', '1');
INSERT INTO `ecs_link_goods` ( `goods_id`, `link_goods_id`, `is_double`, `admin_id` ) VALUES  ('3', '5', '1', '1');
INSERT INTO `ecs_link_goods` ( `goods_id`, `link_goods_id`, `is_double`, `admin_id` ) VALUES  ('6', '3', '1', '1');
INSERT INTO `ecs_link_goods` ( `goods_id`, `link_goods_id`, `is_double`, `admin_id` ) VALUES  ('3', '6', '1', '1');
INSERT INTO `ecs_link_goods` ( `goods_id`, `link_goods_id`, `is_double`, `admin_id` ) VALUES  ('12', '3', '1', '1');
INSERT INTO `ecs_link_goods` ( `goods_id`, `link_goods_id`, `is_double`, `admin_id` ) VALUES  ('3', '12', '1', '1');
INSERT INTO `ecs_link_goods` ( `goods_id`, `link_goods_id`, `is_double`, `admin_id` ) VALUES  ('16', '3', '1', '1');
INSERT INTO `ecs_link_goods` ( `goods_id`, `link_goods_id`, `is_double`, `admin_id` ) VALUES  ('3', '16', '1', '1');
INSERT INTO `ecs_link_goods` ( `goods_id`, `link_goods_id`, `is_double`, `admin_id` ) VALUES  ('22', '3', '1', '1');
INSERT INTO `ecs_link_goods` ( `goods_id`, `link_goods_id`, `is_double`, `admin_id` ) VALUES  ('3', '22', '1', '1');
INSERT INTO `ecs_link_goods` ( `goods_id`, `link_goods_id`, `is_double`, `admin_id` ) VALUES  ('14', '1', '1', '1');
INSERT INTO `ecs_link_goods` ( `goods_id`, `link_goods_id`, `is_double`, `admin_id` ) VALUES  ('1', '14', '1', '1');
INSERT INTO `ecs_link_goods` ( `goods_id`, `link_goods_id`, `is_double`, `admin_id` ) VALUES  ('8', '1', '1', '1');
INSERT INTO `ecs_link_goods` ( `goods_id`, `link_goods_id`, `is_double`, `admin_id` ) VALUES  ('1', '8', '1', '1');
INSERT INTO `ecs_link_goods` ( `goods_id`, `link_goods_id`, `is_double`, `admin_id` ) VALUES  ('31', '1', '1', '1');
INSERT INTO `ecs_link_goods` ( `goods_id`, `link_goods_id`, `is_double`, `admin_id` ) VALUES  ('1', '31', '1', '1');
INSERT INTO `ecs_link_goods` ( `goods_id`, `link_goods_id`, `is_double`, `admin_id` ) VALUES  ('34', '4', '0', '1');
INSERT INTO `ecs_link_goods` ( `goods_id`, `link_goods_id`, `is_double`, `admin_id` ) VALUES  ('34', '3', '0', '1');
INSERT INTO `ecs_link_goods` ( `goods_id`, `link_goods_id`, `is_double`, `admin_id` ) VALUES  ('34', '5', '0', '1');
INSERT INTO `ecs_link_goods` ( `goods_id`, `link_goods_id`, `is_double`, `admin_id` ) VALUES  ('34', '6', '0', '1');
INSERT INTO `ecs_link_goods` ( `goods_id`, `link_goods_id`, `is_double`, `admin_id` ) VALUES  ('33', '34', '1', '1');
INSERT INTO `ecs_link_goods` ( `goods_id`, `link_goods_id`, `is_double`, `admin_id` ) VALUES  ('34', '33', '1', '1');
INSERT INTO `ecs_link_goods` ( `goods_id`, `link_goods_id`, `is_double`, `admin_id` ) VALUES  ('7', '34', '1', '1');
INSERT INTO `ecs_link_goods` ( `goods_id`, `link_goods_id`, `is_double`, `admin_id` ) VALUES  ('34', '7', '1', '1');
INSERT INTO `ecs_link_goods` ( `goods_id`, `link_goods_id`, `is_double`, `admin_id` ) VALUES  ('13', '10', '1', '1');
INSERT INTO `ecs_link_goods` ( `goods_id`, `link_goods_id`, `is_double`, `admin_id` ) VALUES  ('10', '12', '1', '1');
INSERT INTO `ecs_link_goods` ( `goods_id`, `link_goods_id`, `is_double`, `admin_id` ) VALUES  ('10', '9', '0', '1');
INSERT INTO `ecs_link_goods` ( `goods_id`, `link_goods_id`, `is_double`, `admin_id` ) VALUES  ('10', '8', '1', '1');
INSERT INTO `ecs_link_goods` ( `goods_id`, `link_goods_id`, `is_double`, `admin_id` ) VALUES  ('8', '10', '1', '1');
INSERT INTO `ecs_link_goods` ( `goods_id`, `link_goods_id`, `is_double`, `admin_id` ) VALUES  ('10', '13', '1', '1');
INSERT INTO `ecs_link_goods` ( `goods_id`, `link_goods_id`, `is_double`, `admin_id` ) VALUES  ('17', '10', '1', '1');
INSERT INTO `ecs_link_goods` ( `goods_id`, `link_goods_id`, `is_double`, `admin_id` ) VALUES  ('10', '17', '1', '1');
INSERT INTO `ecs_link_goods` ( `goods_id`, `link_goods_id`, `is_double`, `admin_id` ) VALUES  ('20', '10', '1', '1');
INSERT INTO `ecs_link_goods` ( `goods_id`, `link_goods_id`, `is_double`, `admin_id` ) VALUES  ('10', '20', '1', '1');
INSERT INTO `ecs_link_goods` ( `goods_id`, `link_goods_id`, `is_double`, `admin_id` ) VALUES  ('9', '31', '0', '1');
INSERT INTO `ecs_link_goods` ( `goods_id`, `link_goods_id`, `is_double`, `admin_id` ) VALUES  ('9', '32', '0', '1');
INSERT INTO `ecs_link_goods` ( `goods_id`, `link_goods_id`, `is_double`, `admin_id` ) VALUES  ('10', '1', '0', '1');
INSERT INTO `ecs_link_goods` ( `goods_id`, `link_goods_id`, `is_double`, `admin_id` ) VALUES  ('10', '14', '0', '1');
INSERT INTO `ecs_link_goods` ( `goods_id`, `link_goods_id`, `is_double`, `admin_id` ) VALUES  ('10', '35', '0', '1');
DROP TABLE IF EXISTS `ecs_mail_templates`;
CREATE TABLE `ecs_mail_templates` (
  `template_id` tinyint(1) unsigned NOT NULL auto_increment,
  `template_code` varchar(30) NOT NULL default '',
  `is_html` tinyint(1) unsigned NOT NULL default '0',
  `template_subject` varchar(200) NOT NULL default '',
  `template_content` text NOT NULL,
  `last_modify` int(10) unsigned NOT NULL default '0',
  `last_send` int(10) unsigned NOT NULL default '0',
  `type` varchar(10) NOT NULL,
  PRIMARY KEY  (`template_id`),
  UNIQUE KEY `template_code` (`template_code`),
  KEY `type` (`type`)
) ENGINE=MyISAM DEFAULT CHARSET=utf8;
INSERT INTO `ecs_mail_templates` ( `template_id`, `template_code`, `is_html`, `template_subject`, `template_content`, `last_modify`, `last_send`, `type` ) VALUES  ('1', 'send_password', '1', '密码找回', '{$user_name}您好！<br>\n<br>\n您已经进行了密码重置的操作，请点击以下链接(或者复制到您的浏览器):<br>\n<br>\n<a href=\"{$reset_email}\" target=\"_blank\">{$reset_email}</a><br>\n<br>\n以确认您的新密码重置操作！<br>\n<br>\n{$shop_name}<br>\n{$send_date}', '1194824789', '0', 'template');
INSERT INTO `ecs_mail_templates` ( `template_id`, `template_code`, `is_html`, `template_subject`, `template_content`, `last_modify`, `last_send`, `type` ) VALUES  ('2', 'order_confirm', '0', '订单确认通知', '亲爱的{$order.consignee}，你好！ \n\n我们已经收到您于 {$order.formated_add_time} 提交的订单，该订单编号为：{$order.order_sn} 请记住这个编号以便日后的查询。\n\n{$shop_name}\n{$sent_date}\n\n\n', '1158226370', '0', 'template');
INSERT INTO `ecs_mail_templates` ( `template_id`, `template_code`, `is_html`, `template_subject`, `template_content`, `last_modify`, `last_send`, `type` ) VALUES  ('3', 'deliver_notice', '1', '发货通知', '亲爱的{$order.consignee}。你好！</br></br>\n\n您的订单{$order.order_sn}已于{$send_time}按照您预定的配送方式给您发货了。</br>\n</br>\n{if $order.invoice_no}发货单号是{$order.invoice_no}。</br>{/if}\n</br>\n在您收到货物之后请点击下面的链接确认您已经收到货物：</br>\n<a href=\"{$confirm_url}\" target=\"_blank\">{$confirm_url}</a></br></br>\n如果您还没有收到货物可以点击以下链接给我们留言：</br></br>\n<a href=\"{$send_msg_url}\" target=\"_blank\">{$send_msg_url}</a></br>\n<br>\n再次感谢您对我们的支持。欢迎您的再次光临。 <br>\n<br>\n{$shop_name} </br>\n{$send_date}', '1194823291', '0', 'template');
INSERT INTO `ecs_mail_templates` ( `template_id`, `template_code`, `is_html`, `template_subject`, `template_content`, `last_modify`, `last_send`, `type` ) VALUES  ('4', 'order_cancel', '0', '订单取消', '亲爱的{$order.consignee}，你好！ \n\n您的编号为：{$order.order_sn}的订单已取消。\n\n{$shop_name}\n{$send_date}', '1156491130', '0', 'template');
INSERT INTO `ecs_mail_templates` ( `template_id`, `template_code`, `is_html`, `template_subject`, `template_content`, `last_modify`, `last_send`, `type` ) VALUES  ('5', 'order_invalid', '0', '订单无效', '亲爱的{$order.consignee}，你好！\n\n您的编号为：{$order.order_sn}的订单无效。\n\n{$shop_name}\n{$send_date}', '1156491164', '0', 'template');
INSERT INTO `ecs_mail_templates` ( `template_id`, `template_code`, `is_html`, `template_subject`, `template_content`, `last_modify`, `last_send`, `type` ) VALUES  ('6', 'send_bonus', '0', '发红包', '亲爱的{$user_name}您好！\n\n恭喜您获得了{$count}个红包，金额{if $count > 1}分别{/if}为{$money}\n\n{$shop_name}\n{$send_date}\n', '1156491184', '0', 'template');
INSERT INTO `ecs_mail_templates` ( `template_id`, `template_code`, `is_html`, `template_subject`, `template_content`, `last_modify`, `last_send`, `type` ) VALUES  ('7', 'group_buy', '1', '团购商品', '亲爱的{$consignee}，您好！<br>\n<br>\n您于{$order_time}在本店参加团购商品活动，所购买的商品名称为：{$goods_name}，数量：{$goods_number}，订单号为：{$order_sn}，订单金额为：{$order_amount}<br>\n<br>\n此团购商品现在已到结束日期，并达到最低价格，您现在可以对该订单付款。<br>\n<br>\n请点击下面的链接：<br>\n<a href=\"{$shop_url}\" target=\"_blank\">{$shop_url}</a><br>\n<br>\n请尽快登录到用户中心，查看您的订单详情信息。 <br>\n<br>\n{$shop_name} <br>\n<br>\n{$send_date}', '1194824668', '0', 'template');
INSERT INTO `ecs_mail_templates` ( `template_id`, `template_code`, `is_html`, `template_subject`, `template_content`, `last_modify`, `last_send`, `type` ) VALUES  ('8', 'register_validate', '1', '邮件验证', '{$user_name}您好！<br><br>\r\n\r\n这封邮件是 {$shop_name} 发送的。你收到这封邮件是为了验证你注册邮件地址是否有效。如果您已经通过验证了，请忽略这封邮件。<br>\r\n请点击以下链接(或者复制到您的浏览器)来验证你的邮件地址:<br>\r\n<a href=\"{$validate_email}\" target=\"_blank\">{$validate_email}</a><br><br>\r\n\r\n{$shop_name}<br>\r\n{$send_date}', '1162201031', '0', 'template');
INSERT INTO `ecs_mail_templates` ( `template_id`, `template_code`, `is_html`, `template_subject`, `template_content`, `last_modify`, `last_send`, `type` ) VALUES  ('9', 'virtual_card', '0', '虚拟卡片', '亲爱的{$order.consignee}\r\n你好！您的订单{$order.order_sn}中{$goods.goods_name} 商品的详细信息如下:\r\n{foreach from=$virtual_card item=card}\r\n{if $card.card_sn}卡号：{$card.card_sn}{/if}{if $card.card_password}卡片密码：{$card.card_password}{/if}{if $card.end_date}截至日期：{$card.end_date}{/if}\r\n{/foreach}\r\n再次感谢您对我们的支持。欢迎您的再次光临。\r\n\r\n{$shop_name} \r\n{$send_date}', '1162201031', '0', 'template');
INSERT INTO `ecs_mail_templates` ( `template_id`, `template_code`, `is_html`, `template_subject`, `template_content`, `last_modify`, `last_send`, `type` ) VALUES  ('10', 'attention_list', '0', '关注商品', '亲爱的{$user_name}您好~\n\n您关注的商品 : {$goods_name} 最近已经更新,请您查看最新的商品信息\n\n{$goods_url}\r\n\r\n{$shop_name} \r\n{$send_date}', '1183851073', '0', 'template');
INSERT INTO `ecs_mail_templates` ( `template_id`, `template_code`, `is_html`, `template_subject`, `template_content`, `last_modify`, `last_send`, `type` ) VALUES  ('11', 'remind_of_new_order', '0', '新订单通知', '亲爱的店长，您好：\n   快来看看吧，又有新订单了。\n    订单号:{$order.order_sn} \n 订单金额:{$order.order_amount}，\n 用户购买商品:{foreach from=$goods_list item=goods_data}{$goods_data.goods_name}(货号:{$goods_data.goods_sn})    {/foreach} \n\n 收货人:{$order.consignee}， \n 收货人地址:{$order.address}，\n 收货人电话:{$order.tel} {$order.mobile}, \n 配送方式:{$order.shipping_name}(费用:{$order.shipping_fee}), \n 付款方式:{$order.pay_name}(费用:{$order.pay_fee})。\n\n               系统提醒\n               {$send_date}', '1196239170', '0', 'template');
INSERT INTO `ecs_mail_templates` ( `template_id`, `template_code`, `is_html`, `template_subject`, `template_content`, `last_modify`, `last_send`, `type` ) VALUES  ('12', 'goods_booking', '1', '缺货回复', '亲爱的{$user_name}。你好！</br></br>{$dispose_note}</br></br>您提交的缺货商品链接为</br></br><a href=\"{$goods_link}\" target=\"_blank\">{$goods_name}</a></br><br>{$shop_name} </br>{$send_date}', '0', '0', 'template');
INSERT INTO `ecs_mail_templates` ( `template_id`, `template_code`, `is_html`, `template_subject`, `template_content`, `last_modify`, `last_send`, `type` ) VALUES  ('13', 'user_message', '1', '留言回复', '亲爱的{$user_name}。你好！</br></br>对您的留言：</br>{$message_content}</br></br>店主作了如下回复：</br>{$message_note}</br></br>您可以随时回到店中和店主继续沟通。</br>{$shop_name}</br>{$send_date}', '0', '0', 'template');
INSERT INTO `ecs_mail_templates` ( `template_id`, `template_code`, `is_html`, `template_subject`, `template_content`, `last_modify`, `last_send`, `type` ) VALUES  ('14', 'recomment', '1', '用户评论回复', '亲爱的{$user_name}。你好！</br></br>对您的评论：</br>“{$comment}”</br></br>店主作了如下回复：</br>“{$recomment}”</br></br>您可以随时回到店中和店主继续沟通。</br>{$shop_name}</br>{$send_date}', '0', '0', 'template');
DROP TABLE IF EXISTS `ecs_member_price`;
CREATE TABLE `ecs_member_price` (
  `price_id` mediumint(8) unsigned NOT NULL auto_increment,
  `goods_id` mediumint(8) unsigned NOT NULL default '0',
  `user_rank` tinyint(3) NOT NULL default '0',
  `user_price` decimal(10,2) NOT NULL default '0.00',
  PRIMARY KEY  (`price_id`),
  KEY `goods_id` (`goods_id`,`user_rank`)
) ENGINE=MyISAM DEFAULT CHARSET=utf8;
INSERT INTO `ecs_member_price` ( `price_id`, `goods_id`, `user_rank`, `user_price` ) VALUES  ('1', '23', '3', '3200.00');
INSERT INTO `ecs_member_price` ( `price_id`, `goods_id`, `user_rank`, `user_price` ) VALUES  ('2', '23', '2', '3300.00');
INSERT INTO `ecs_member_price` ( `price_id`, `goods_id`, `user_rank`, `user_price` ) VALUES  ('3', '13', '3', '1100.00');
INSERT INTO `ecs_member_price` ( `price_id`, `goods_id`, `user_rank`, `user_price` ) VALUES  ('4', '13', '2', '1200.00');
DROP TABLE IF EXISTS `ecs_nav`;
CREATE TABLE `ecs_nav` (
  `id` mediumint(8) NOT NULL auto_increment,
  `ctype` varchar(10) default NULL,
  `cid` smallint(5) unsigned default NULL,
  `name` varchar(255) NOT NULL,
  `ifshow` tinyint(1) NOT NULL,
  `vieworder` tinyint(1) NOT NULL,
  `opennew` tinyint(1) NOT NULL,
  `url` varchar(255) NOT NULL,
  `type` varchar(10) NOT NULL,
  PRIMARY KEY  (`id`),
  KEY `type` (`type`),
  KEY `ifshow` (`ifshow`)
) ENGINE=MyISAM DEFAULT CHARSET=utf8;
INSERT INTO `ecs_nav` ( `id`, `ctype`, `cid`, `name`, `ifshow`, `vieworder`, `opennew`, `url`, `type` ) VALUES  ('2', '', '0', '选购中心', '1', '2', '0', 'pick_out.php', 'top');
INSERT INTO `ecs_nav` ( `id`, `ctype`, `cid`, `name`, `ifshow`, `vieworder`, `opennew`, `url`, `type` ) VALUES  ('3', '', '0', '查看购物车', '1', '0', '0', 'flow.php', 'top');
INSERT INTO `ecs_nav` ( `id`, `ctype`, `cid`, `name`, `ifshow`, `vieworder`, `opennew`, `url`, `type` ) VALUES  ('28', '', '0', '模板中心', '1', '101', '1', 'http://www.68ecshop.com/category-32-b0.html', 'middle');
INSERT INTO `ecs_nav` ( `id`, `ctype`, `cid`, `name`, `ifshow`, `vieworder`, `opennew`, `url`, `type` ) VALUES  ('6', '', '0', '标签云', '1', '5', '6', 'tag_cloud.php', 'top');
INSERT INTO `ecs_nav` ( `id`, `ctype`, `cid`, `name`, `ifshow`, `vieworder`, `opennew`, `url`, `type` ) VALUES  ('7', '', '0', '免责条款', '1', '1', '0', 'article.php?id=1', 'bottom');
INSERT INTO `ecs_nav` ( `id`, `ctype`, `cid`, `name`, `ifshow`, `vieworder`, `opennew`, `url`, `type` ) VALUES  ('8', '', '0', '隐私保护', '1', '2', '0', 'article.php?id=2', 'bottom');
INSERT INTO `ecs_nav` ( `id`, `ctype`, `cid`, `name`, `ifshow`, `vieworder`, `opennew`, `url`, `type` ) VALUES  ('9', '', '0', '咨询热点', '1', '3', '0', 'article.php?id=3', 'bottom');
INSERT INTO `ecs_nav` ( `id`, `ctype`, `cid`, `name`, `ifshow`, `vieworder`, `opennew`, `url`, `type` ) VALUES  ('10', '', '0', '联系我们', '1', '4', '0', 'article.php?id=4', 'bottom');
INSERT INTO `ecs_nav` ( `id`, `ctype`, `cid`, `name`, `ifshow`, `vieworder`, `opennew`, `url`, `type` ) VALUES  ('11', '', '0', '公司简介', '1', '5', '0', 'article.php?id=5', 'bottom');
INSERT INTO `ecs_nav` ( `id`, `ctype`, `cid`, `name`, `ifshow`, `vieworder`, `opennew`, `url`, `type` ) VALUES  ('12', '', '0', '批发方案', '1', '6', '0', 'wholesale.php', 'bottom');
INSERT INTO `ecs_nav` ( `id`, `ctype`, `cid`, `name`, `ifshow`, `vieworder`, `opennew`, `url`, `type` ) VALUES  ('14', '', '0', '配送方式', '1', '7', '0', 'myship.php', 'bottom');
INSERT INTO `ecs_nav` ( `id`, `ctype`, `cid`, `name`, `ifshow`, `vieworder`, `opennew`, `url`, `type` ) VALUES  ('18', 'c', '4', '衣帽间', '1', '14', '0', 'category.php?id=5', 'middle');
INSERT INTO `ecs_nav` ( `id`, `ctype`, `cid`, `name`, `ifshow`, `vieworder`, `opennew`, `url`, `type` ) VALUES  ('20', '', '0', '官方论坛', '1', '100', '1', 'http://bbs.68ecshop.com/', 'middle');
INSERT INTO `ecs_nav` ( `id`, `ctype`, `cid`, `name`, `ifshow`, `vieworder`, `opennew`, `url`, `type` ) VALUES  ('30', 'c', '1', '卧房', '1', '28', '0', 'category.php?id=1', 'middle');
INSERT INTO `ecs_nav` ( `id`, `ctype`, `cid`, `name`, `ifshow`, `vieworder`, `opennew`, `url`, `type` ) VALUES  ('23', '', '0', '报价单', '1', '6', '0', 'quotation.php', 'top');
INSERT INTO `ecs_nav` ( `id`, `ctype`, `cid`, `name`, `ifshow`, `vieworder`, `opennew`, `url`, `type` ) VALUES  ('26', 'c', '3', '整体衣柜', '1', '13', '0', 'category.php?id=3', 'middle');
INSERT INTO `ecs_nav` ( `id`, `ctype`, `cid`, `name`, `ifshow`, `vieworder`, `opennew`, `url`, `type` ) VALUES  ('27', 'c', '6', '书房', '1', '15', '0', 'category.php?id=6', 'middle');
DROP TABLE IF EXISTS `ecs_order_action`;
CREATE TABLE `ecs_order_action` (
  `action_id` mediumint(8) unsigned NOT NULL auto_increment,
  `order_id` mediumint(8) unsigned NOT NULL default '0',
  `action_user` varchar(30) NOT NULL default '',
  `order_status` tinyint(1) unsigned NOT NULL default '0',
  `shipping_status` tinyint(1) unsigned NOT NULL default '0',
  `pay_status` tinyint(1) unsigned NOT NULL default '0',
  `action_place` tinyint(1) unsigned NOT NULL default '0',
  `action_note` varchar(255) NOT NULL default '',
  `log_time` int(11) unsigned NOT NULL default '0',
  PRIMARY KEY  (`action_id`),
  KEY `order_id` (`order_id`)
) ENGINE=MyISAM DEFAULT CHARSET=utf8;
INSERT INTO `ecs_order_action` ( `action_id`, `order_id`, `action_user`, `order_status`, `shipping_status`, `pay_status`, `action_place`, `action_note`, `log_time` ) VALUES  ('1', '2', 'admin', '1', '0', '2', '0', '[售后] 1132', '1242142350');
INSERT INTO `ecs_order_action` ( `action_id`, `order_id`, `action_user`, `order_status`, `shipping_status`, `pay_status`, `action_place`, `action_note`, `log_time` ) VALUES  ('2', '2', 'admin', '1', '1', '2', '0', '已经发货，注意接收', '1242142389');
INSERT INTO `ecs_order_action` ( `action_id`, `order_id`, `action_user`, `order_status`, `shipping_status`, `pay_status`, `action_place`, `action_note`, `log_time` ) VALUES  ('3', '1', 'admin', '1', '1', '2', '0', '已经发货，注意接收', '1242142432');
INSERT INTO `ecs_order_action` ( `action_id`, `order_id`, `action_user`, `order_status`, `shipping_status`, `pay_status`, `action_place`, `action_note`, `log_time` ) VALUES  ('4', '2', '买家', '1', '2', '2', '0', '', '1242142449');
INSERT INTO `ecs_order_action` ( `action_id`, `order_id`, `action_user`, `order_status`, `shipping_status`, `pay_status`, `action_place`, `action_note`, `log_time` ) VALUES  ('5', '1', '买家', '1', '2', '2', '0', '', '1242142451');
INSERT INTO `ecs_order_action` ( `action_id`, `order_id`, `action_user`, `order_status`, `shipping_status`, `pay_status`, `action_place`, `action_note`, `log_time` ) VALUES  ('6', '3', 'admin', '1', '1', '2', '0', '已经发货了，注意接收', '1242142589');
INSERT INTO `ecs_order_action` ( `action_id`, `order_id`, `action_user`, `order_status`, `shipping_status`, `pay_status`, `action_place`, `action_note`, `log_time` ) VALUES  ('7', '3', '买家', '1', '2', '2', '0', '', '1242142634');
INSERT INTO `ecs_order_action` ( `action_id`, `order_id`, `action_user`, `order_status`, `shipping_status`, `pay_status`, `action_place`, `action_note`, `log_time` ) VALUES  ('8', '5', 'admin', '1', '3', '2', '0', '', '1242142869');
INSERT INTO `ecs_order_action` ( `action_id`, `order_id`, `action_user`, `order_status`, `shipping_status`, `pay_status`, `action_place`, `action_note`, `log_time` ) VALUES  ('9', '6', 'admin', '3', '0', '0', '0', '暂时缺货', '1242143337');
INSERT INTO `ecs_order_action` ( `action_id`, `order_id`, `action_user`, `order_status`, `shipping_status`, `pay_status`, `action_place`, `action_note`, `log_time` ) VALUES  ('10', '7', 'admin', '1', '0', '0', '0', '', '1242143454');
INSERT INTO `ecs_order_action` ( `action_id`, `order_id`, `action_user`, `order_status`, `shipping_status`, `pay_status`, `action_place`, `action_note`, `log_time` ) VALUES  ('11', '1', 'admin', '1', '2', '2', '0', '[售后] 售后', '1242143773');
INSERT INTO `ecs_order_action` ( `action_id`, `order_id`, `action_user`, `order_status`, `shipping_status`, `pay_status`, `action_place`, `action_note`, `log_time` ) VALUES  ('12', '2', 'admin', '4', '0', '0', '0', '质量问题', '1242144185');
INSERT INTO `ecs_order_action` ( `action_id`, `order_id`, `action_user`, `order_status`, `shipping_status`, `pay_status`, `action_place`, `action_note`, `log_time` ) VALUES  ('13', '12', 'buyer', '2', '0', '0', '0', '用户取消', '1242576313');
INSERT INTO `ecs_order_action` ( `action_id`, `order_id`, `action_user`, `order_status`, `shipping_status`, `pay_status`, `action_place`, `action_note`, `log_time` ) VALUES  ('14', '13', 'admin', '1', '1', '0', '0', '11', '1242576445');
INSERT INTO `ecs_order_action` ( `action_id`, `order_id`, `action_user`, `order_status`, `shipping_status`, `pay_status`, `action_place`, `action_note`, `log_time` ) VALUES  ('15', '14', 'admin', '1', '3', '2', '0', '', '1242976715');
INSERT INTO `ecs_order_action` ( `action_id`, `order_id`, `action_user`, `order_status`, `shipping_status`, `pay_status`, `action_place`, `action_note`, `log_time` ) VALUES  ('16', '14', 'admin', '1', '1', '2', '0', '已经发货，请接收', '1242976740');
INSERT INTO `ecs_order_action` ( `action_id`, `order_id`, `action_user`, `order_status`, `shipping_status`, `pay_status`, `action_place`, `action_note`, `log_time` ) VALUES  ('17', '15', 'admin', '1', '0', '0', '0', '', '1245044587');
INSERT INTO `ecs_order_action` ( `action_id`, `order_id`, `action_user`, `order_status`, `shipping_status`, `pay_status`, `action_place`, `action_note`, `log_time` ) VALUES  ('18', '15', 'admin', '1', '0', '2', '0', '已经付款', '1245044644');
INSERT INTO `ecs_order_action` ( `action_id`, `order_id`, `action_user`, `order_status`, `shipping_status`, `pay_status`, `action_place`, `action_note`, `log_time` ) VALUES  ('19', '15', 'admin', '1', '4', '2', '0', '', '1245044964');
INSERT INTO `ecs_order_action` ( `action_id`, `order_id`, `action_user`, `order_status`, `shipping_status`, `pay_status`, `action_place`, `action_note`, `log_time` ) VALUES  ('20', '15', 'admin', '1', '4', '2', '0', '北京供货商', '1245045061');
INSERT INTO `ecs_order_action` ( `action_id`, `order_id`, `action_user`, `order_status`, `shipping_status`, `pay_status`, `action_place`, `action_note`, `log_time` ) VALUES  ('21', '3', 'admin', '4', '0', '0', '0', '不喜欢这个颜色', '1245045334');
INSERT INTO `ecs_order_action` ( `action_id`, `order_id`, `action_user`, `order_status`, `shipping_status`, `pay_status`, `action_place`, `action_note`, `log_time` ) VALUES  ('22', '15', 'admin', '1', '1', '2', '0', '', '1245045443');
INSERT INTO `ecs_order_action` ( `action_id`, `order_id`, `action_user`, `order_status`, `shipping_status`, `pay_status`, `action_place`, `action_note`, `log_time` ) VALUES  ('23', '15', 'admin', '4', '0', '0', '0', '退货', '1245045515');
INSERT INTO `ecs_order_action` ( `action_id`, `order_id`, `action_user`, `order_status`, `shipping_status`, `pay_status`, `action_place`, `action_note`, `log_time` ) VALUES  ('24', '16', 'admin', '1', '4', '2', '0', '上海供货', '1245045723');
INSERT INTO `ecs_order_action` ( `action_id`, `order_id`, `action_user`, `order_status`, `shipping_status`, `pay_status`, `action_place`, `action_note`, `log_time` ) VALUES  ('25', '17', 'admin', '1', '1', '2', '0', '', '1245048189');
INSERT INTO `ecs_order_action` ( `action_id`, `order_id`, `action_user`, `order_status`, `shipping_status`, `pay_status`, `action_place`, `action_note`, `log_time` ) VALUES  ('26', '17', 'admin', '4', '0', '0', '0', '退货', '1245048212');
INSERT INTO `ecs_order_action` ( `action_id`, `order_id`, `action_user`, `order_status`, `shipping_status`, `pay_status`, `action_place`, `action_note`, `log_time` ) VALUES  ('27', '19', 'admin', '1', '1', '2', '0', '', '1245384050');
INSERT INTO `ecs_order_action` ( `action_id`, `order_id`, `action_user`, `order_status`, `shipping_status`, `pay_status`, `action_place`, `action_note`, `log_time` ) VALUES  ('28', '20', 'admin', '1', '0', '0', '0', '', '1380175577');
INSERT INTO `ecs_order_action` ( `action_id`, `order_id`, `action_user`, `order_status`, `shipping_status`, `pay_status`, `action_place`, `action_note`, `log_time` ) VALUES  ('29', '9', 'admin', '1', '0', '0', '0', '', '1380175577');
INSERT INTO `ecs_order_action` ( `action_id`, `order_id`, `action_user`, `order_status`, `shipping_status`, `pay_status`, `action_place`, `action_note`, `log_time` ) VALUES  ('30', '8', 'admin', '1', '0', '0', '0', '', '1380175577');
INSERT INTO `ecs_order_action` ( `action_id`, `order_id`, `action_user`, `order_status`, `shipping_status`, `pay_status`, `action_place`, `action_note`, `log_time` ) VALUES  ('31', '20', 'admin', '1', '0', '2', '0', '1', '1380175596');
INSERT INTO `ecs_order_action` ( `action_id`, `order_id`, `action_user`, `order_status`, `shipping_status`, `pay_status`, `action_place`, `action_note`, `log_time` ) VALUES  ('32', '20', 'admin', '5', '5', '2', '0', '1', '1380175602');
INSERT INTO `ecs_order_action` ( `action_id`, `order_id`, `action_user`, `order_status`, `shipping_status`, `pay_status`, `action_place`, `action_note`, `log_time` ) VALUES  ('33', '20', 'admin', '1', '1', '2', '1', '1', '1380175617');
INSERT INTO `ecs_order_action` ( `action_id`, `order_id`, `action_user`, `order_status`, `shipping_status`, `pay_status`, `action_place`, `action_note`, `log_time` ) VALUES  ('34', '18', 'admin', '1', '0', '0', '0', '1', '1380175664');
INSERT INTO `ecs_order_action` ( `action_id`, `order_id`, `action_user`, `order_status`, `shipping_status`, `pay_status`, `action_place`, `action_note`, `log_time` ) VALUES  ('35', '18', 'admin', '1', '0', '2', '0', '1', '1380175669');
INSERT INTO `ecs_order_action` ( `action_id`, `order_id`, `action_user`, `order_status`, `shipping_status`, `pay_status`, `action_place`, `action_note`, `log_time` ) VALUES  ('36', '18', 'admin', '1', '3', '2', '0', '1', '1380175673');
INSERT INTO `ecs_order_action` ( `action_id`, `order_id`, `action_user`, `order_status`, `shipping_status`, `pay_status`, `action_place`, `action_note`, `log_time` ) VALUES  ('37', '4', 'admin', '5', '5', '2', '0', '1', '1380175704');
INSERT INTO `ecs_order_action` ( `action_id`, `order_id`, `action_user`, `order_status`, `shipping_status`, `pay_status`, `action_place`, `action_note`, `log_time` ) VALUES  ('38', '4', 'admin', '1', '1', '2', '1', '1', '1380175720');
INSERT INTO `ecs_order_action` ( `action_id`, `order_id`, `action_user`, `order_status`, `shipping_status`, `pay_status`, `action_place`, `action_note`, `log_time` ) VALUES  ('39', '5', 'admin', '5', '5', '2', '0', '1', '1380175749');
INSERT INTO `ecs_order_action` ( `action_id`, `order_id`, `action_user`, `order_status`, `shipping_status`, `pay_status`, `action_place`, `action_note`, `log_time` ) VALUES  ('40', '5', 'admin', '1', '1', '2', '1', '1', '1380175762');
INSERT INTO `ecs_order_action` ( `action_id`, `order_id`, `action_user`, `order_status`, `shipping_status`, `pay_status`, `action_place`, `action_note`, `log_time` ) VALUES  ('41', '11', 'admin', '1', '0', '2', '0', '1', '1380175819');
INSERT INTO `ecs_order_action` ( `action_id`, `order_id`, `action_user`, `order_status`, `shipping_status`, `pay_status`, `action_place`, `action_note`, `log_time` ) VALUES  ('42', '11', 'admin', '5', '5', '2', '0', '1', '1380175826');
INSERT INTO `ecs_order_action` ( `action_id`, `order_id`, `action_user`, `order_status`, `shipping_status`, `pay_status`, `action_place`, `action_note`, `log_time` ) VALUES  ('43', '11', 'admin', '1', '1', '2', '1', '1', '1380175838');
INSERT INTO `ecs_order_action` ( `action_id`, `order_id`, `action_user`, `order_status`, `shipping_status`, `pay_status`, `action_place`, `action_note`, `log_time` ) VALUES  ('44', '20', 'admin', '5', '0', '2', '0', '11', '1381731538');
INSERT INTO `ecs_order_action` ( `action_id`, `order_id`, `action_user`, `order_status`, `shipping_status`, `pay_status`, `action_place`, `action_note`, `log_time` ) VALUES  ('45', '20', 'admin', '1', '3', '2', '0', '11', '1381731603');
INSERT INTO `ecs_order_action` ( `action_id`, `order_id`, `action_user`, `order_status`, `shipping_status`, `pay_status`, `action_place`, `action_note`, `log_time` ) VALUES  ('46', '20', 'admin', '5', '5', '2', '0', '11', '1381731612');
INSERT INTO `ecs_order_action` ( `action_id`, `order_id`, `action_user`, `order_status`, `shipping_status`, `pay_status`, `action_place`, `action_note`, `log_time` ) VALUES  ('47', '20', 'admin', '1', '1', '2', '1', '11', '1381731628');
INSERT INTO `ecs_order_action` ( `action_id`, `order_id`, `action_user`, `order_status`, `shipping_status`, `pay_status`, `action_place`, `action_note`, `log_time` ) VALUES  ('48', '25', 'admin', '1', '0', '0', '0', '11', '1381733991');
INSERT INTO `ecs_order_action` ( `action_id`, `order_id`, `action_user`, `order_status`, `shipping_status`, `pay_status`, `action_place`, `action_note`, `log_time` ) VALUES  ('49', '25', 'admin', '1', '0', '2', '0', '11', '1381733995');
INSERT INTO `ecs_order_action` ( `action_id`, `order_id`, `action_user`, `order_status`, `shipping_status`, `pay_status`, `action_place`, `action_note`, `log_time` ) VALUES  ('50', '25', 'admin', '1', '3', '2', '0', '11', '1381733999');
INSERT INTO `ecs_order_action` ( `action_id`, `order_id`, `action_user`, `order_status`, `shipping_status`, `pay_status`, `action_place`, `action_note`, `log_time` ) VALUES  ('51', '25', 'admin', '5', '5', '2', '0', '11', '1381734004');
INSERT INTO `ecs_order_action` ( `action_id`, `order_id`, `action_user`, `order_status`, `shipping_status`, `pay_status`, `action_place`, `action_note`, `log_time` ) VALUES  ('52', '25', 'admin', '1', '1', '2', '1', '11', '1381734020');
INSERT INTO `ecs_order_action` ( `action_id`, `order_id`, `action_user`, `order_status`, `shipping_status`, `pay_status`, `action_place`, `action_note`, `log_time` ) VALUES  ('53', '20', 'admin', '4', '0', '0', '0', '11', '1381734071');
INSERT INTO `ecs_order_action` ( `action_id`, `order_id`, `action_user`, `order_status`, `shipping_status`, `pay_status`, `action_place`, `action_note`, `log_time` ) VALUES  ('54', '31', 'admin', '1', '0', '0', '0', 'asdf', '1399639212');
INSERT INTO `ecs_order_action` ( `action_id`, `order_id`, `action_user`, `order_status`, `shipping_status`, `pay_status`, `action_place`, `action_note`, `log_time` ) VALUES  ('55', '31', 'admin', '1', '0', '2', '0', 'asdf', '1399639214');
INSERT INTO `ecs_order_action` ( `action_id`, `order_id`, `action_user`, `order_status`, `shipping_status`, `pay_status`, `action_place`, `action_note`, `log_time` ) VALUES  ('56', '31', 'admin', '1', '3', '2', '0', 'asdf', '1399639217');
INSERT INTO `ecs_order_action` ( `action_id`, `order_id`, `action_user`, `order_status`, `shipping_status`, `pay_status`, `action_place`, `action_note`, `log_time` ) VALUES  ('57', '31', 'admin', '5', '5', '2', '0', 'asdf', '1399639221');
INSERT INTO `ecs_order_action` ( `action_id`, `order_id`, `action_user`, `order_status`, `shipping_status`, `pay_status`, `action_place`, `action_note`, `log_time` ) VALUES  ('58', '31', 'admin', '1', '1', '2', '1', 'asdf', '1399639229');
INSERT INTO `ecs_order_action` ( `action_id`, `order_id`, `action_user`, `order_status`, `shipping_status`, `pay_status`, `action_place`, `action_note`, `log_time` ) VALUES  ('59', '31', 'admin', '5', '2', '2', '0', 'adsf', '1399639237');
INSERT INTO `ecs_order_action` ( `action_id`, `order_id`, `action_user`, `order_status`, `shipping_status`, `pay_status`, `action_place`, `action_note`, `log_time` ) VALUES  ('60', '35', 'admin', '1', '0', '0', '0', 'erwrw', '1400577437');
INSERT INTO `ecs_order_action` ( `action_id`, `order_id`, `action_user`, `order_status`, `shipping_status`, `pay_status`, `action_place`, `action_note`, `log_time` ) VALUES  ('61', '35', 'admin', '1', '0', '2', '0', 'werwer', '1400577442');
INSERT INTO `ecs_order_action` ( `action_id`, `order_id`, `action_user`, `order_status`, `shipping_status`, `pay_status`, `action_place`, `action_note`, `log_time` ) VALUES  ('62', '35', 'admin', '1', '3', '2', '0', 'rwerwer', '1400577449');
INSERT INTO `ecs_order_action` ( `action_id`, `order_id`, `action_user`, `order_status`, `shipping_status`, `pay_status`, `action_place`, `action_note`, `log_time` ) VALUES  ('63', '35', 'admin', '5', '5', '2', '0', 'werwer', '1400577457');
INSERT INTO `ecs_order_action` ( `action_id`, `order_id`, `action_user`, `order_status`, `shipping_status`, `pay_status`, `action_place`, `action_note`, `log_time` ) VALUES  ('64', '35', 'admin', '1', '1', '2', '1', 'wrwer', '1400577467');
INSERT INTO `ecs_order_action` ( `action_id`, `order_id`, `action_user`, `order_status`, `shipping_status`, `pay_status`, `action_place`, `action_note`, `log_time` ) VALUES  ('65', '35', '买家', '5', '2', '2', '0', '', '1400577492');
INSERT INTO `ecs_order_action` ( `action_id`, `order_id`, `action_user`, `order_status`, `shipping_status`, `pay_status`, `action_place`, `action_note`, `log_time` ) VALUES  ('66', '45', 'admin', '1', '0', '0', '0', '', '1402121361');
INSERT INTO `ecs_order_action` ( `action_id`, `order_id`, `action_user`, `order_status`, `shipping_status`, `pay_status`, `action_place`, `action_note`, `log_time` ) VALUES  ('67', '44', 'admin', '1', '0', '0', '0', '', '1402121361');
INSERT INTO `ecs_order_action` ( `action_id`, `order_id`, `action_user`, `order_status`, `shipping_status`, `pay_status`, `action_place`, `action_note`, `log_time` ) VALUES  ('68', '43', 'admin', '1', '0', '0', '0', '', '1402121361');
INSERT INTO `ecs_order_action` ( `action_id`, `order_id`, `action_user`, `order_status`, `shipping_status`, `pay_status`, `action_place`, `action_note`, `log_time` ) VALUES  ('69', '42', 'admin', '1', '0', '0', '0', '', '1402121361');
INSERT INTO `ecs_order_action` ( `action_id`, `order_id`, `action_user`, `order_status`, `shipping_status`, `pay_status`, `action_place`, `action_note`, `log_time` ) VALUES  ('70', '45', 'admin', '1', '0', '2', '0', 'sds', '1402121374');
INSERT INTO `ecs_order_action` ( `action_id`, `order_id`, `action_user`, `order_status`, `shipping_status`, `pay_status`, `action_place`, `action_note`, `log_time` ) VALUES  ('71', '45', 'admin', '1', '3', '2', '0', 'sd', '1402121378');
INSERT INTO `ecs_order_action` ( `action_id`, `order_id`, `action_user`, `order_status`, `shipping_status`, `pay_status`, `action_place`, `action_note`, `log_time` ) VALUES  ('72', '45', 'admin', '5', '5', '2', '0', 'sdsd', '1402121386');
INSERT INTO `ecs_order_action` ( `action_id`, `order_id`, `action_user`, `order_status`, `shipping_status`, `pay_status`, `action_place`, `action_note`, `log_time` ) VALUES  ('73', '45', 'admin', '1', '1', '2', '1', 'dfsdf', '1402121429');
INSERT INTO `ecs_order_action` ( `action_id`, `order_id`, `action_user`, `order_status`, `shipping_status`, `pay_status`, `action_place`, `action_note`, `log_time` ) VALUES  ('74', '45', '买家', '5', '2', '2', '0', '', '1402121440');
INSERT INTO `ecs_order_action` ( `action_id`, `order_id`, `action_user`, `order_status`, `shipping_status`, `pay_status`, `action_place`, `action_note`, `log_time` ) VALUES  ('75', '44', 'admin', '1', '0', '2', '0', 'dfsd', '1402121524');
INSERT INTO `ecs_order_action` ( `action_id`, `order_id`, `action_user`, `order_status`, `shipping_status`, `pay_status`, `action_place`, `action_note`, `log_time` ) VALUES  ('76', '44', 'admin', '1', '3', '2', '0', 'dsf', '1402121527');
INSERT INTO `ecs_order_action` ( `action_id`, `order_id`, `action_user`, `order_status`, `shipping_status`, `pay_status`, `action_place`, `action_note`, `log_time` ) VALUES  ('77', '44', 'admin', '5', '5', '2', '0', 'sdf', '1402121534');
INSERT INTO `ecs_order_action` ( `action_id`, `order_id`, `action_user`, `order_status`, `shipping_status`, `pay_status`, `action_place`, `action_note`, `log_time` ) VALUES  ('78', '44', 'admin', '1', '1', '2', '1', 'sdf', '1402121542');
INSERT INTO `ecs_order_action` ( `action_id`, `order_id`, `action_user`, `order_status`, `shipping_status`, `pay_status`, `action_place`, `action_note`, `log_time` ) VALUES  ('79', '44', '买家', '5', '2', '2', '0', '', '1402121548');
INSERT INTO `ecs_order_action` ( `action_id`, `order_id`, `action_user`, `order_status`, `shipping_status`, `pay_status`, `action_place`, `action_note`, `log_time` ) VALUES  ('80', '43', 'admin', '1', '0', '2', '0', 'sdfsf', '1402121563');
INSERT INTO `ecs_order_action` ( `action_id`, `order_id`, `action_user`, `order_status`, `shipping_status`, `pay_status`, `action_place`, `action_note`, `log_time` ) VALUES  ('81', '43', 'admin', '1', '3', '2', '0', 'sf', '1402121567');
INSERT INTO `ecs_order_action` ( `action_id`, `order_id`, `action_user`, `order_status`, `shipping_status`, `pay_status`, `action_place`, `action_note`, `log_time` ) VALUES  ('82', '43', 'admin', '5', '5', '2', '0', 'sffsdf', '1402121573');
INSERT INTO `ecs_order_action` ( `action_id`, `order_id`, `action_user`, `order_status`, `shipping_status`, `pay_status`, `action_place`, `action_note`, `log_time` ) VALUES  ('83', '43', 'admin', '1', '1', '2', '1', 'sdf', '1402121580');
INSERT INTO `ecs_order_action` ( `action_id`, `order_id`, `action_user`, `order_status`, `shipping_status`, `pay_status`, `action_place`, `action_note`, `log_time` ) VALUES  ('84', '43', '买家', '5', '2', '2', '0', '', '1402121587');
INSERT INTO `ecs_order_action` ( `action_id`, `order_id`, `action_user`, `order_status`, `shipping_status`, `pay_status`, `action_place`, `action_note`, `log_time` ) VALUES  ('85', '42', 'admin', '1', '0', '2', '0', 'sdf', '1402121604');
INSERT INTO `ecs_order_action` ( `action_id`, `order_id`, `action_user`, `order_status`, `shipping_status`, `pay_status`, `action_place`, `action_note`, `log_time` ) VALUES  ('86', '42', 'admin', '1', '3', '2', '0', 'sfsdf', '1402121609');
INSERT INTO `ecs_order_action` ( `action_id`, `order_id`, `action_user`, `order_status`, `shipping_status`, `pay_status`, `action_place`, `action_note`, `log_time` ) VALUES  ('87', '42', 'admin', '5', '5', '2', '0', 'sdfs', '1402121615');
INSERT INTO `ecs_order_action` ( `action_id`, `order_id`, `action_user`, `order_status`, `shipping_status`, `pay_status`, `action_place`, `action_note`, `log_time` ) VALUES  ('88', '42', 'admin', '1', '1', '2', '1', 'sdf', '1402121623');
INSERT INTO `ecs_order_action` ( `action_id`, `order_id`, `action_user`, `order_status`, `shipping_status`, `pay_status`, `action_place`, `action_note`, `log_time` ) VALUES  ('89', '42', '买家', '5', '2', '2', '0', '', '1402121627');
DROP TABLE IF EXISTS `ecs_order_goods`;
CREATE TABLE `ecs_order_goods` (
  `rec_id` mediumint(8) unsigned NOT NULL auto_increment,
  `order_id` mediumint(8) unsigned NOT NULL default '0',
  `goods_id` mediumint(8) unsigned NOT NULL default '0',
  `goods_name` varchar(120) NOT NULL default '',
  `goods_sn` varchar(60) NOT NULL default '',
  `product_id` mediumint(8) unsigned NOT NULL default '0',
  `goods_number` smallint(5) unsigned NOT NULL default '1',
  `market_price` decimal(10,2) NOT NULL default '0.00',
  `goods_price` decimal(10,2) NOT NULL default '0.00',
  `goods_attr` text NOT NULL,
  `send_number` smallint(5) unsigned NOT NULL default '0',
  `is_real` tinyint(1) unsigned NOT NULL default '0',
  `extension_code` varchar(30) NOT NULL default '',
  `parent_id` mediumint(8) unsigned NOT NULL default '0',
  `is_gift` smallint(5) unsigned NOT NULL default '0',
  `goods_attr_id` varchar(255) NOT NULL default '',
  PRIMARY KEY  (`rec_id`),
  KEY `order_id` (`order_id`),
  KEY `goods_id` (`goods_id`)
) ENGINE=MyISAM DEFAULT CHARSET=utf8;
INSERT INTO `ecs_order_goods` ( `rec_id`, `order_id`, `goods_id`, `goods_name`, `goods_sn`, `product_id`, `goods_number`, `market_price`, `goods_price`, `goods_attr`, `send_number`, `is_real`, `extension_code`, `parent_id`, `is_gift`, `goods_attr_id` ) VALUES  ('1', '1', '8', '飞利浦9@9v', 'ECS000008', '0', '1', '478.79', '385.00', '颜色:黑 \n', '0', '1', '', '0', '0', '231');
INSERT INTO `ecs_order_goods` ( `rec_id`, `order_id`, `goods_id`, `goods_name`, `goods_sn`, `product_id`, `goods_number`, `market_price`, `goods_price`, `goods_attr`, `send_number`, `is_real`, `extension_code`, `parent_id`, `is_gift`, `goods_attr_id` ) VALUES  ('2', '2', '12', '摩托罗拉A810', 'ECS000012', '0', '1', '1179.60', '960.00', '', '0', '1', '', '0', '0', '');
INSERT INTO `ecs_order_goods` ( `rec_id`, `order_id`, `goods_id`, `goods_name`, `goods_sn`, `product_id`, `goods_number`, `market_price`, `goods_price`, `goods_attr`, `send_number`, `is_real`, `extension_code`, `parent_id`, `is_gift`, `goods_attr_id` ) VALUES  ('3', '3', '17', '夏新N7', 'ECS000017', '0', '1', '2760.00', '2300.00', '', '0', '1', '', '0', '0', '');
INSERT INTO `ecs_order_goods` ( `rec_id`, `order_id`, `goods_id`, `goods_name`, `goods_sn`, `product_id`, `goods_number`, `market_price`, `goods_price`, `goods_attr`, `send_number`, `is_real`, `extension_code`, `parent_id`, `is_gift`, `goods_attr_id` ) VALUES  ('4', '4', '22', '多普达Touch HD', 'ECS000022', '0', '1', '7198.80', '5999.00', '', '1', '1', '', '0', '0', '');
INSERT INTO `ecs_order_goods` ( `rec_id`, `order_id`, `goods_id`, `goods_name`, `goods_sn`, `product_id`, `goods_number`, `market_price`, `goods_price`, `goods_attr`, `send_number`, `is_real`, `extension_code`, `parent_id`, `is_gift`, `goods_attr_id` ) VALUES  ('5', '5', '9', '诺基亚E66', 'ECS000009', '0', '3', '2757.60', '2200.00', '', '3', '1', '', '0', '0', '');
INSERT INTO `ecs_order_goods` ( `rec_id`, `order_id`, `goods_id`, `goods_name`, `goods_sn`, `product_id`, `goods_number`, `market_price`, `goods_price`, `goods_attr`, `send_number`, `is_real`, `extension_code`, `parent_id`, `is_gift`, `goods_attr_id` ) VALUES  ('6', '5', '24', 'P806', 'ECS000024', '0', '1', '2400.00', '2000.00', '', '1', '1', '', '0', '0', '');
INSERT INTO `ecs_order_goods` ( `rec_id`, `order_id`, `goods_id`, `goods_name`, `goods_sn`, `product_id`, `goods_number`, `market_price`, `goods_price`, `goods_attr`, `send_number`, `is_real`, `extension_code`, `parent_id`, `is_gift`, `goods_attr_id` ) VALUES  ('7', '6', '5', '索爱原装M2卡读卡器', 'ECS000005', '0', '1', '24.00', '20.00', '', '0', '1', '', '0', '0', '');
INSERT INTO `ecs_order_goods` ( `rec_id`, `order_id`, `goods_id`, `goods_name`, `goods_sn`, `product_id`, `goods_number`, `market_price`, `goods_price`, `goods_attr`, `send_number`, `is_real`, `extension_code`, `parent_id`, `is_gift`, `goods_attr_id` ) VALUES  ('8', '7', '9', '诺基亚E66', 'ECS000009', '0', '1', '2757.60', '2298.00', '', '0', '1', '', '0', '0', '');
INSERT INTO `ecs_order_goods` ( `rec_id`, `order_id`, `goods_id`, `goods_name`, `goods_sn`, `product_id`, `goods_number`, `market_price`, `goods_price`, `goods_attr`, `send_number`, `is_real`, `extension_code`, `parent_id`, `is_gift`, `goods_attr_id` ) VALUES  ('9', '8', '20', '三星BC01', 'ECS000020', '0', '1', '336.00', '238.00', '', '0', '1', '', '0', '0', '');
INSERT INTO `ecs_order_goods` ( `rec_id`, `order_id`, `goods_id`, `goods_name`, `goods_sn`, `product_id`, `goods_number`, `market_price`, `goods_price`, `goods_attr`, `send_number`, `is_real`, `extension_code`, `parent_id`, `is_gift`, `goods_attr_id` ) VALUES  ('10', '8', '8', '飞利浦9@9v', 'ECS000008', '0', '1', '478.79', '385.00', '颜色:黑 \n', '0', '1', '', '0', '0', '231');
INSERT INTO `ecs_order_goods` ( `rec_id`, `order_id`, `goods_id`, `goods_name`, `goods_sn`, `product_id`, `goods_number`, `market_price`, `goods_price`, `goods_attr`, `send_number`, `is_real`, `extension_code`, `parent_id`, `is_gift`, `goods_attr_id` ) VALUES  ('11', '9', '24', 'P806', 'ECS000024', '0', '1', '2400.00', '2000.00', '', '0', '1', '', '0', '0', '');
INSERT INTO `ecs_order_goods` ( `rec_id`, `order_id`, `goods_id`, `goods_name`, `goods_sn`, `product_id`, `goods_number`, `market_price`, `goods_price`, `goods_attr`, `send_number`, `is_real`, `extension_code`, `parent_id`, `is_gift`, `goods_attr_id` ) VALUES  ('12', '10', '24', 'P806', 'ECS000024', '0', '1', '2400.00', '0.00', '', '0', '1', '', '0', '0', '');
INSERT INTO `ecs_order_goods` ( `rec_id`, `order_id`, `goods_id`, `goods_name`, `goods_sn`, `product_id`, `goods_number`, `market_price`, `goods_price`, `goods_attr`, `send_number`, `is_real`, `extension_code`, `parent_id`, `is_gift`, `goods_attr_id` ) VALUES  ('13', '11', '23', '诺基亚N96', 'ECS000023', '0', '1', '4440.00', '3800.00', '附加配件: 原装电池 [+100]', '1', '1', '', '0', '0', '');
INSERT INTO `ecs_order_goods` ( `rec_id`, `order_id`, `goods_id`, `goods_name`, `goods_sn`, `product_id`, `goods_number`, `market_price`, `goods_price`, `goods_attr`, `send_number`, `is_real`, `extension_code`, `parent_id`, `is_gift`, `goods_attr_id` ) VALUES  ('14', '12', '20', '三星BC01', 'ECS000020', '0', '1', '336.00', '238.00', '', '0', '1', '', '0', '0', '');
INSERT INTO `ecs_order_goods` ( `rec_id`, `order_id`, `goods_id`, `goods_name`, `goods_sn`, `product_id`, `goods_number`, `market_price`, `goods_price`, `goods_attr`, `send_number`, `is_real`, `extension_code`, `parent_id`, `is_gift`, `goods_attr_id` ) VALUES  ('15', '13', '12', '摩托罗拉A810', 'ECS000012', '0', '1', '1179.60', '960.00', '', '0', '1', '', '0', '0', '');
INSERT INTO `ecs_order_goods` ( `rec_id`, `order_id`, `goods_id`, `goods_name`, `goods_sn`, `product_id`, `goods_number`, `market_price`, `goods_price`, `goods_attr`, `send_number`, `is_real`, `extension_code`, `parent_id`, `is_gift`, `goods_attr_id` ) VALUES  ('16', '14', '15', '摩托罗拉A810', 'ECS000015', '0', '5', '705.60', '588.00', '', '0', '1', '', '0', '0', '');
INSERT INTO `ecs_order_goods` ( `rec_id`, `order_id`, `goods_id`, `goods_name`, `goods_sn`, `product_id`, `goods_number`, `market_price`, `goods_price`, `goods_attr`, `send_number`, `is_real`, `extension_code`, `parent_id`, `is_gift`, `goods_attr_id` ) VALUES  ('17', '14', '20', '三星BC01', 'ECS000020', '0', '1', '336.00', '238.00', '', '0', '1', '', '0', '0', '');
INSERT INTO `ecs_order_goods` ( `rec_id`, `order_id`, `goods_id`, `goods_name`, `goods_sn`, `product_id`, `goods_number`, `market_price`, `goods_price`, `goods_attr`, `send_number`, `is_real`, `extension_code`, `parent_id`, `is_gift`, `goods_attr_id` ) VALUES  ('18', '14', '22', '多普达Touch HD', 'ECS000022', '0', '1', '7198.80', '5999.00', '', '0', '1', '', '0', '0', '');
INSERT INTO `ecs_order_goods` ( `rec_id`, `order_id`, `goods_id`, `goods_name`, `goods_sn`, `product_id`, `goods_number`, `market_price`, `goods_price`, `goods_attr`, `send_number`, `is_real`, `extension_code`, `parent_id`, `is_gift`, `goods_attr_id` ) VALUES  ('19', '14', '3', '诺基亚原装5800耳机', 'ECS000002', '0', '4', '81.60', '68.00', '颜色:银色 \n', '0', '1', '', '0', '0', '');
INSERT INTO `ecs_order_goods` ( `rec_id`, `order_id`, `goods_id`, `goods_name`, `goods_sn`, `product_id`, `goods_number`, `market_price`, `goods_price`, `goods_attr`, `send_number`, `is_real`, `extension_code`, `parent_id`, `is_gift`, `goods_attr_id` ) VALUES  ('20', '14', '9', '诺基亚E66', 'ECS000009', '0', '2', '2757.60', '2298.00', '', '0', '1', '', '0', '0', '');
INSERT INTO `ecs_order_goods` ( `rec_id`, `order_id`, `goods_id`, `goods_name`, `goods_sn`, `product_id`, `goods_number`, `market_price`, `goods_price`, `goods_attr`, `send_number`, `is_real`, `extension_code`, `parent_id`, `is_gift`, `goods_attr_id` ) VALUES  ('21', '15', '13', '诺基亚5320 XpressMusic', 'ECS000013', '0', '3', '1583.20', '1210.00', '颜色:红[10] \n', '0', '1', '', '0', '0', '');
INSERT INTO `ecs_order_goods` ( `rec_id`, `order_id`, `goods_id`, `goods_name`, `goods_sn`, `product_id`, `goods_number`, `market_price`, `goods_price`, `goods_attr`, `send_number`, `is_real`, `extension_code`, `parent_id`, `is_gift`, `goods_attr_id` ) VALUES  ('22', '15', '14', '诺基亚5800XM', 'ECS000014', '0', '1', '3150.00', '2493.75', '', '0', '1', '', '0', '0', '');
INSERT INTO `ecs_order_goods` ( `rec_id`, `order_id`, `goods_id`, `goods_name`, `goods_sn`, `product_id`, `goods_number`, `market_price`, `goods_price`, `goods_attr`, `send_number`, `is_real`, `extension_code`, `parent_id`, `is_gift`, `goods_attr_id` ) VALUES  ('23', '15', '24', 'P806', 'ECS000024', '0', '4', '2400.00', '1900.00', '', '0', '1', '', '0', '0', '');
INSERT INTO `ecs_order_goods` ( `rec_id`, `order_id`, `goods_id`, `goods_name`, `goods_sn`, `product_id`, `goods_number`, `market_price`, `goods_price`, `goods_attr`, `send_number`, `is_real`, `extension_code`, `parent_id`, `is_gift`, `goods_attr_id` ) VALUES  ('24', '15', '9', '诺基亚E66', 'ECS000009', '0', '1', '2757.60', '2183.10', '', '0', '1', '', '0', '0', '');
INSERT INTO `ecs_order_goods` ( `rec_id`, `order_id`, `goods_id`, `goods_name`, `goods_sn`, `product_id`, `goods_number`, `market_price`, `goods_price`, `goods_attr`, `send_number`, `is_real`, `extension_code`, `parent_id`, `is_gift`, `goods_attr_id` ) VALUES  ('25', '15', '8', '飞利浦9@9v', 'ECS000008', '0', '3', '478.79', '379.05', '颜色:黑 \n', '0', '1', '', '0', '0', '231');
INSERT INTO `ecs_order_goods` ( `rec_id`, `order_id`, `goods_id`, `goods_name`, `goods_sn`, `product_id`, `goods_number`, `market_price`, `goods_price`, `goods_attr`, `send_number`, `is_real`, `extension_code`, `parent_id`, `is_gift`, `goods_attr_id` ) VALUES  ('26', '16', '12', '摩托罗拉A810', 'ECS000012', '0', '2', '1179.60', '933.85', '', '2', '1', '', '0', '0', '');
INSERT INTO `ecs_order_goods` ( `rec_id`, `order_id`, `goods_id`, `goods_name`, `goods_sn`, `product_id`, `goods_number`, `market_price`, `goods_price`, `goods_attr`, `send_number`, `is_real`, `extension_code`, `parent_id`, `is_gift`, `goods_attr_id` ) VALUES  ('27', '16', '1', 'KD876', 'ECS000000', '0', '1', '1665.60', '1318.60', '', '0', '1', '', '0', '0', '');
INSERT INTO `ecs_order_goods` ( `rec_id`, `order_id`, `goods_id`, `goods_name`, `goods_sn`, `product_id`, `goods_number`, `market_price`, `goods_price`, `goods_attr`, `send_number`, `is_real`, `extension_code`, `parent_id`, `is_gift`, `goods_attr_id` ) VALUES  ('28', '17', '24', 'P806', 'ECS000024', '0', '1', '2400.00', '1900.00', '', '0', '1', '', '0', '0', '');
INSERT INTO `ecs_order_goods` ( `rec_id`, `order_id`, `goods_id`, `goods_name`, `goods_sn`, `product_id`, `goods_number`, `market_price`, `goods_price`, `goods_attr`, `send_number`, `is_real`, `extension_code`, `parent_id`, `is_gift`, `goods_attr_id` ) VALUES  ('29', '18', '24', 'P806', 'ECS000024', '0', '5', '2400.00', '100.00', '', '0', '1', '', '0', '0', '');
INSERT INTO `ecs_order_goods` ( `rec_id`, `order_id`, `goods_id`, `goods_name`, `goods_sn`, `product_id`, `goods_number`, `market_price`, `goods_price`, `goods_attr`, `send_number`, `is_real`, `extension_code`, `parent_id`, `is_gift`, `goods_attr_id` ) VALUES  ('30', '19', '12', '摩托罗拉A810', 'ECS000012', '0', '2', '1179.60', '933.85', '', '2', '1', '', '0', '0', '');
INSERT INTO `ecs_order_goods` ( `rec_id`, `order_id`, `goods_id`, `goods_name`, `goods_sn`, `product_id`, `goods_number`, `market_price`, `goods_price`, `goods_attr`, `send_number`, `is_real`, `extension_code`, `parent_id`, `is_gift`, `goods_attr_id` ) VALUES  ('31', '19', '24', 'P806', 'ECS000024', '0', '2', '2400.00', '1850.00', '颜色:灰色 \n', '2', '1', '', '0', '0', '167');
INSERT INTO `ecs_order_goods` ( `rec_id`, `order_id`, `goods_id`, `goods_name`, `goods_sn`, `product_id`, `goods_number`, `market_price`, `goods_price`, `goods_attr`, `send_number`, `is_real`, `extension_code`, `parent_id`, `is_gift`, `goods_attr_id` ) VALUES  ('32', '20', '32', '诺基亚N85', 'ECS000032', '1', '1', '3612.00', '2750.00', '颜色:黑色 \n', '0', '1', '', '0', '0', '163');
INSERT INTO `ecs_order_goods` ( `rec_id`, `order_id`, `goods_id`, `goods_name`, `goods_sn`, `product_id`, `goods_number`, `market_price`, `goods_price`, `goods_attr`, `send_number`, `is_real`, `extension_code`, `parent_id`, `is_gift`, `goods_attr_id` ) VALUES  ('33', '20', '1', 'KD876', 'ECS000000', '14', '1', '1665.60', '1388.00', '颜色:灰色 \n', '0', '1', '', '0', '0', '237');
INSERT INTO `ecs_order_goods` ( `rec_id`, `order_id`, `goods_id`, `goods_name`, `goods_sn`, `product_id`, `goods_number`, `market_price`, `goods_price`, `goods_attr`, `send_number`, `is_real`, `extension_code`, `parent_id`, `is_gift`, `goods_attr_id` ) VALUES  ('34', '20', '24', 'P806', 'ECS000024', '2', '1', '2400.00', '2000.00', '颜色:灰色 \n', '0', '1', '', '0', '0', '167');
INSERT INTO `ecs_order_goods` ( `rec_id`, `order_id`, `goods_id`, `goods_name`, `goods_sn`, `product_id`, `goods_number`, `market_price`, `goods_price`, `goods_attr`, `send_number`, `is_real`, `extension_code`, `parent_id`, `is_gift`, `goods_attr_id` ) VALUES  ('35', '20', '3', '诺基亚原装5800耳机', 'ECS000002', '0', '5', '81.60', '68.00', '', '0', '1', '', '0', '0', '');
INSERT INTO `ecs_order_goods` ( `rec_id`, `order_id`, `goods_id`, `goods_name`, `goods_sn`, `product_id`, `goods_number`, `market_price`, `goods_price`, `goods_attr`, `send_number`, `is_real`, `extension_code`, `parent_id`, `is_gift`, `goods_attr_id` ) VALUES  ('36', '21', '32', '诺基亚N85', 'ECS000032', '1', '1', '3612.00', '2750.00', '颜色:黑色 \n', '0', '1', '', '0', '0', '163');
INSERT INTO `ecs_order_goods` ( `rec_id`, `order_id`, `goods_id`, `goods_name`, `goods_sn`, `product_id`, `goods_number`, `market_price`, `goods_price`, `goods_attr`, `send_number`, `is_real`, `extension_code`, `parent_id`, `is_gift`, `goods_attr_id` ) VALUES  ('37', '22', '20', '三星BC01', 'ECS000020', '5', '1', '336.00', '280.00', '颜色:黑色 \n', '0', '1', '', '0', '0', '194');
INSERT INTO `ecs_order_goods` ( `rec_id`, `order_id`, `goods_id`, `goods_name`, `goods_sn`, `product_id`, `goods_number`, `market_price`, `goods_price`, `goods_attr`, `send_number`, `is_real`, `extension_code`, `parent_id`, `is_gift`, `goods_attr_id` ) VALUES  ('38', '22', '23', '诺基亚N96', 'ECS000023', '3', '1', '4440.00', '3700.00', '颜色:黑色 \n', '0', '1', '', '0', '0', '175');
INSERT INTO `ecs_order_goods` ( `rec_id`, `order_id`, `goods_id`, `goods_name`, `goods_sn`, `product_id`, `goods_number`, `market_price`, `goods_price`, `goods_attr`, `send_number`, `is_real`, `extension_code`, `parent_id`, `is_gift`, `goods_attr_id` ) VALUES  ('39', '23', '27', 'ECSHOP模板中心68ecshop.com测试商品', 'ECS000027', '0', '1', '100.00', '95.00', '', '0', '0', 'virtual_card', '0', '0', '');
INSERT INTO `ecs_order_goods` ( `rec_id`, `order_id`, `goods_id`, `goods_name`, `goods_sn`, `product_id`, `goods_number`, `market_price`, `goods_price`, `goods_attr`, `send_number`, `is_real`, `extension_code`, `parent_id`, `is_gift`, `goods_attr_id` ) VALUES  ('40', '23', '17', 'ECSHOP模板中心68ecshop.com测试商品', 'ECS000017', '6', '1', '2760.00', '300.00', '颜色:黑色 \n', '0', '1', '', '0', '0', '201');
INSERT INTO `ecs_order_goods` ( `rec_id`, `order_id`, `goods_id`, `goods_name`, `goods_sn`, `product_id`, `goods_number`, `market_price`, `goods_price`, `goods_attr`, `send_number`, `is_real`, `extension_code`, `parent_id`, `is_gift`, `goods_attr_id` ) VALUES  ('41', '24', '17', 'ECSHOP模板中心68ecshop.com测试商品', 'ECS000017', '6', '1', '2760.00', '300.00', '颜色:黑色 \n', '0', '1', '', '0', '0', '201');
INSERT INTO `ecs_order_goods` ( `rec_id`, `order_id`, `goods_id`, `goods_name`, `goods_sn`, `product_id`, `goods_number`, `market_price`, `goods_price`, `goods_attr`, `send_number`, `is_real`, `extension_code`, `parent_id`, `is_gift`, `goods_attr_id` ) VALUES  ('42', '25', '3', 'ECSHOP模板中心68ecshop.com测试商品', 'ECS000002', '0', '1', '81.60', '68.00', '', '1', '1', '', '0', '0', '');
INSERT INTO `ecs_order_goods` ( `rec_id`, `order_id`, `goods_id`, `goods_name`, `goods_sn`, `product_id`, `goods_number`, `market_price`, `goods_price`, `goods_attr`, `send_number`, `is_real`, `extension_code`, `parent_id`, `is_gift`, `goods_attr_id` ) VALUES  ('43', '26', '32', 'ECSHOP模板中心68ecshop.com测试商品', 'ECS000032', '1', '1', '3612.00', '2750.00', '颜色:黑色 \n', '0', '1', '', '0', '0', '163');
INSERT INTO `ecs_order_goods` ( `rec_id`, `order_id`, `goods_id`, `goods_name`, `goods_sn`, `product_id`, `goods_number`, `market_price`, `goods_price`, `goods_attr`, `send_number`, `is_real`, `extension_code`, `parent_id`, `is_gift`, `goods_attr_id` ) VALUES  ('44', '27', '17', 'ECSHOP模板中心68ecshop.com测试商品', 'ECS000017', '6', '1', '2760.00', '300.00', '颜色:黑色 \n', '0', '1', '', '0', '0', '201');
INSERT INTO `ecs_order_goods` ( `rec_id`, `order_id`, `goods_id`, `goods_name`, `goods_sn`, `product_id`, `goods_number`, `market_price`, `goods_price`, `goods_attr`, `send_number`, `is_real`, `extension_code`, `parent_id`, `is_gift`, `goods_attr_id` ) VALUES  ('45', '28', '31', 'ECSHOP模板中心68ecshop.com测试商品', 'ECS000031', '0', '1', '1604.39', '1337.00', '', '0', '1', '', '0', '0', '');
INSERT INTO `ecs_order_goods` ( `rec_id`, `order_id`, `goods_id`, `goods_name`, `goods_sn`, `product_id`, `goods_number`, `market_price`, `goods_price`, `goods_attr`, `send_number`, `is_real`, `extension_code`, `parent_id`, `is_gift`, `goods_attr_id` ) VALUES  ('46', '29', '23', 'ECSHOP模板中心68ecshop.com测试商品', 'ECS000023', '3', '1', '4440.00', '3700.00', '颜色:黑色 \n', '0', '1', '', '0', '0', '175');
INSERT INTO `ecs_order_goods` ( `rec_id`, `order_id`, `goods_id`, `goods_name`, `goods_sn`, `product_id`, `goods_number`, `market_price`, `goods_price`, `goods_attr`, `send_number`, `is_real`, `extension_code`, `parent_id`, `is_gift`, `goods_attr_id` ) VALUES  ('47', '30', '23', 'ECSHOP模板中心68ecshop.com测试商品', 'ECS000023', '3', '1', '4440.00', '3700.00', '颜色:黑色 \n', '0', '1', '', '0', '0', '175');
INSERT INTO `ecs_order_goods` ( `rec_id`, `order_id`, `goods_id`, `goods_name`, `goods_sn`, `product_id`, `goods_number`, `market_price`, `goods_price`, `goods_attr`, `send_number`, `is_real`, `extension_code`, `parent_id`, `is_gift`, `goods_attr_id` ) VALUES  ('48', '31', '9', 'ECSHOP模板中心68ecshop.com测试商品', 'ECS000009', '11', '1', '2757.60', '2298.00', '颜色:白色 \n', '1', '1', '', '0', '0', '227');
INSERT INTO `ecs_order_goods` ( `rec_id`, `order_id`, `goods_id`, `goods_name`, `goods_sn`, `product_id`, `goods_number`, `market_price`, `goods_price`, `goods_attr`, `send_number`, `is_real`, `extension_code`, `parent_id`, `is_gift`, `goods_attr_id` ) VALUES  ('49', '32', '7', 'ECSHOP模板中心68ecshop.com测试商品', 'ECS000007', '0', '1', '120.00', '100.00', '', '0', '1', '', '0', '0', '');
INSERT INTO `ecs_order_goods` ( `rec_id`, `order_id`, `goods_id`, `goods_name`, `goods_sn`, `product_id`, `goods_number`, `market_price`, `goods_price`, `goods_attr`, `send_number`, `is_real`, `extension_code`, `parent_id`, `is_gift`, `goods_attr_id` ) VALUES  ('50', '32', '32', 'ECSHOP模板中心68ecshop.com测试商品', 'ECS000032', '1', '1', '3612.00', '2750.00', '颜色:黑色 \n', '0', '1', '', '0', '0', '163');
INSERT INTO `ecs_order_goods` ( `rec_id`, `order_id`, `goods_id`, `goods_name`, `goods_sn`, `product_id`, `goods_number`, `market_price`, `goods_price`, `goods_attr`, `send_number`, `is_real`, `extension_code`, `parent_id`, `is_gift`, `goods_attr_id` ) VALUES  ('51', '33', '31', 'ECSHOP模板中心68ecshop.com测试商品', 'ECS000031', '0', '1', '1604.39', '1337.00', '', '0', '1', '', '0', '0', '');
INSERT INTO `ecs_order_goods` ( `rec_id`, `order_id`, `goods_id`, `goods_name`, `goods_sn`, `product_id`, `goods_number`, `market_price`, `goods_price`, `goods_attr`, `send_number`, `is_real`, `extension_code`, `parent_id`, `is_gift`, `goods_attr_id` ) VALUES  ('52', '34', '32', 'ECSHOP模板中心68ecshop.com测试商品', 'ECS000032', '1', '1', '3612.00', '2750.00', '颜色:黑色 \n', '0', '1', '', '0', '0', '163');
INSERT INTO `ecs_order_goods` ( `rec_id`, `order_id`, `goods_id`, `goods_name`, `goods_sn`, `product_id`, `goods_number`, `market_price`, `goods_price`, `goods_attr`, `send_number`, `is_real`, `extension_code`, `parent_id`, `is_gift`, `goods_attr_id` ) VALUES  ('53', '35', '32', 'ECSHOP模板中心68ecshop.com测试商品', 'ECS000032', '1', '1', '3662.00', '2800.00', '配件:线控耳机[50] \n颜色:黑色 \n', '1', '1', '', '0', '0', '163,157');
INSERT INTO `ecs_order_goods` ( `rec_id`, `order_id`, `goods_id`, `goods_name`, `goods_sn`, `product_id`, `goods_number`, `market_price`, `goods_price`, `goods_attr`, `send_number`, `is_real`, `extension_code`, `parent_id`, `is_gift`, `goods_attr_id` ) VALUES  ('54', '36', '9', 'ECSHOP模板中心68ecshop.com测试商品', 'ECS000009', '11', '2', '2757.60', '2298.00', '颜色:白色 \n', '0', '1', '', '0', '0', '227');
INSERT INTO `ecs_order_goods` ( `rec_id`, `order_id`, `goods_id`, `goods_name`, `goods_sn`, `product_id`, `goods_number`, `market_price`, `goods_price`, `goods_attr`, `send_number`, `is_real`, `extension_code`, `parent_id`, `is_gift`, `goods_attr_id` ) VALUES  ('55', '37', '9', 'ECSHOP模板中心68ecshop.com测试商品', 'ECS000009', '11', '1', '2757.60', '2298.00', '颜色:白色 \n', '0', '1', '', '0', '0', '227');
INSERT INTO `ecs_order_goods` ( `rec_id`, `order_id`, `goods_id`, `goods_name`, `goods_sn`, `product_id`, `goods_number`, `market_price`, `goods_price`, `goods_attr`, `send_number`, `is_real`, `extension_code`, `parent_id`, `is_gift`, `goods_attr_id` ) VALUES  ('56', '38', '32', 'ECSHOP模板中心68ecshop.com测试商品', 'ECS000032', '1', '1', '3612.00', '2750.00', '颜色:黑色 \n', '0', '1', '', '0', '0', '163');
INSERT INTO `ecs_order_goods` ( `rec_id`, `order_id`, `goods_id`, `goods_name`, `goods_sn`, `product_id`, `goods_number`, `market_price`, `goods_price`, `goods_attr`, `send_number`, `is_real`, `extension_code`, `parent_id`, `is_gift`, `goods_attr_id` ) VALUES  ('57', '39', '10', 'ECSHOP模板中心68ecshop.com测试商品', 'ECS000010', '9', '1', '1593.60', '1250.00', '颜色:黑色 \n', '0', '1', '', '0', '0', '239');
INSERT INTO `ecs_order_goods` ( `rec_id`, `order_id`, `goods_id`, `goods_name`, `goods_sn`, `product_id`, `goods_number`, `market_price`, `goods_price`, `goods_attr`, `send_number`, `is_real`, `extension_code`, `parent_id`, `is_gift`, `goods_attr_id` ) VALUES  ('58', '40', '21', 'ECSHOP模板中心68ecshop.com测试商品', 'ECS000021', '4', '1', '2400.00', '2000.00', '颜色:黑色 \n', '0', '1', '', '0', '0', '188');
INSERT INTO `ecs_order_goods` ( `rec_id`, `order_id`, `goods_id`, `goods_name`, `goods_sn`, `product_id`, `goods_number`, `market_price`, `goods_price`, `goods_attr`, `send_number`, `is_real`, `extension_code`, `parent_id`, `is_gift`, `goods_attr_id` ) VALUES  ('59', '41', '10', 'ECSHOP模板中心68ecshop.com测试商品', 'ECS000010', '9', '1', '1593.60', '1250.00', '颜色:黑色 \n', '0', '1', '', '0', '0', '239');
INSERT INTO `ecs_order_goods` ( `rec_id`, `order_id`, `goods_id`, `goods_name`, `goods_sn`, `product_id`, `goods_number`, `market_price`, `goods_price`, `goods_attr`, `send_number`, `is_real`, `extension_code`, `parent_id`, `is_gift`, `goods_attr_id` ) VALUES  ('60', '42', '10', 'ECSHOP模板中心68ecshop.com测试商品', 'ECS000010', '9', '1', '1593.60', '1250.00', '颜色:黑色 \n', '1', '1', '', '0', '0', '239');
INSERT INTO `ecs_order_goods` ( `rec_id`, `order_id`, `goods_id`, `goods_name`, `goods_sn`, `product_id`, `goods_number`, `market_price`, `goods_price`, `goods_attr`, `send_number`, `is_real`, `extension_code`, `parent_id`, `is_gift`, `goods_attr_id` ) VALUES  ('61', '43', '31', 'ECSHOP模板中心68ecshop.com测试商品', 'ECS000031', '0', '1', '1604.39', '1337.00', '', '1', '1', '', '0', '0', '');
INSERT INTO `ecs_order_goods` ( `rec_id`, `order_id`, `goods_id`, `goods_name`, `goods_sn`, `product_id`, `goods_number`, `market_price`, `goods_price`, `goods_attr`, `send_number`, `is_real`, `extension_code`, `parent_id`, `is_gift`, `goods_attr_id` ) VALUES  ('62', '44', '22', 'ECSHOP模板中心68ecshop.com测试商品', 'ECS000022', '0', '1', '7198.80', '5999.00', '颜色:黑色 \n', '1', '1', '', '0', '0', '182');
INSERT INTO `ecs_order_goods` ( `rec_id`, `order_id`, `goods_id`, `goods_name`, `goods_sn`, `product_id`, `goods_number`, `market_price`, `goods_price`, `goods_attr`, `send_number`, `is_real`, `extension_code`, `parent_id`, `is_gift`, `goods_attr_id` ) VALUES  ('63', '45', '21', 'ECSHOP模板中心68ecshop.com测试商品', 'ECS000021', '4', '1', '2400.00', '2000.00', '颜色:黑色 \n', '1', '1', '', '0', '0', '188');
DROP TABLE IF EXISTS `ecs_order_info`;
CREATE TABLE `ecs_order_info` (
  `order_id` mediumint(8) unsigned NOT NULL auto_increment,
  `order_sn` varchar(20) NOT NULL default '',
  `user_id` mediumint(8) unsigned NOT NULL default '0',
  `order_status` tinyint(1) unsigned NOT NULL default '0',
  `shipping_status` tinyint(1) unsigned NOT NULL default '0',
  `pay_status` tinyint(1) unsigned NOT NULL default '0',
  `consignee` varchar(60) NOT NULL default '',
  `country` smallint(5) unsigned NOT NULL default '0',
  `province` smallint(5) unsigned NOT NULL default '0',
  `city` smallint(5) unsigned NOT NULL default '0',
  `district` smallint(5) unsigned NOT NULL default '0',
  `address` varchar(255) NOT NULL default '',
  `zipcode` varchar(60) NOT NULL default '',
  `tel` varchar(60) NOT NULL default '',
  `mobile` varchar(60) NOT NULL default '',
  `email` varchar(60) NOT NULL default '',
  `best_time` varchar(120) NOT NULL default '',
  `sign_building` varchar(120) NOT NULL default '',
  `postscript` varchar(255) NOT NULL default '',
  `shipping_id` tinyint(3) NOT NULL default '0',
  `shipping_name` varchar(120) NOT NULL default '',
  `pay_id` tinyint(3) NOT NULL default '0',
  `pay_name` varchar(120) NOT NULL default '',
  `how_oos` varchar(120) NOT NULL default '',
  `how_surplus` varchar(120) NOT NULL default '',
  `pack_name` varchar(120) NOT NULL default '',
  `card_name` varchar(120) NOT NULL default '',
  `card_message` varchar(255) NOT NULL default '',
  `inv_payee` varchar(120) NOT NULL default '',
  `inv_content` varchar(120) NOT NULL default '',
  `goods_amount` decimal(10,2) NOT NULL default '0.00',
  `shipping_fee` decimal(10,2) NOT NULL default '0.00',
  `insure_fee` decimal(10,2) NOT NULL default '0.00',
  `pay_fee` decimal(10,2) NOT NULL default '0.00',
  `pack_fee` decimal(10,2) NOT NULL default '0.00',
  `card_fee` decimal(10,2) NOT NULL default '0.00',
  `money_paid` decimal(10,2) NOT NULL default '0.00',
  `surplus` decimal(10,2) NOT NULL default '0.00',
  `integral` int(10) unsigned NOT NULL default '0',
  `integral_money` decimal(10,2) NOT NULL default '0.00',
  `bonus` decimal(10,2) NOT NULL default '0.00',
  `order_amount` decimal(10,2) NOT NULL default '0.00',
  `from_ad` smallint(5) NOT NULL default '0',
  `referer` varchar(255) NOT NULL default '',
  `add_time` int(10) unsigned NOT NULL default '0',
  `confirm_time` int(10) unsigned NOT NULL default '0',
  `pay_time` int(10) unsigned NOT NULL default '0',
  `shipping_time` int(10) unsigned NOT NULL default '0',
  `pack_id` tinyint(3) unsigned NOT NULL default '0',
  `card_id` tinyint(3) unsigned NOT NULL default '0',
  `bonus_id` mediumint(8) unsigned NOT NULL default '0',
  `invoice_no` varchar(255) NOT NULL default '',
  `extension_code` varchar(30) NOT NULL default '',
  `extension_id` mediumint(8) unsigned NOT NULL default '0',
  `to_buyer` varchar(255) NOT NULL default '',
  `pay_note` varchar(255) NOT NULL default '',
  `agency_id` smallint(5) unsigned NOT NULL,
  `inv_type` varchar(60) NOT NULL,
  `tax` decimal(10,2) NOT NULL,
  `is_separate` tinyint(1) NOT NULL default '0',
  `parent_id` mediumint(8) unsigned NOT NULL default '0',
  `discount` decimal(10,2) NOT NULL,
  PRIMARY KEY  (`order_id`),
  UNIQUE KEY `order_sn` (`order_sn`),
  KEY `user_id` (`user_id`),
  KEY `order_status` (`order_status`),
  KEY `shipping_status` (`shipping_status`),
  KEY `pay_status` (`pay_status`),
  KEY `shipping_id` (`shipping_id`),
  KEY `pay_id` (`pay_id`),
  KEY `extension_code` (`extension_code`,`extension_id`),
  KEY `agency_id` (`agency_id`)
) ENGINE=MyISAM DEFAULT CHARSET=utf8;
INSERT INTO `ecs_order_info` ( `order_id`, `order_sn`, `user_id`, `order_status`, `shipping_status`, `pay_status`, `consignee`, `country`, `province`, `city`, `district`, `address`, `zipcode`, `tel`, `mobile`, `email`, `best_time`, `sign_building`, `postscript`, `shipping_id`, `shipping_name`, `pay_id`, `pay_name`, `how_oos`, `how_surplus`, `pack_name`, `card_name`, `card_message`, `inv_payee`, `inv_content`, `goods_amount`, `shipping_fee`, `insure_fee`, `pay_fee`, `pack_fee`, `card_fee`, `money_paid`, `surplus`, `integral`, `integral_money`, `bonus`, `order_amount`, `from_ad`, `referer`, `add_time`, `confirm_time`, `pay_time`, `shipping_time`, `pack_id`, `card_id`, `bonus_id`, `invoice_no`, `extension_code`, `extension_id`, `to_buyer`, `pay_note`, `agency_id`, `inv_type`, `tax`, `is_separate`, `parent_id`, `discount` ) VALUES  ('1', '2009051298180', '1', '1', '2', '2', '刘先生', '1', '2', '52', '500', '[中国 北京 北京 海淀区] 中关村海兴大厦', '100085', '010-25851234', '13986765412', 'ecshop@ecshop.com', '中午', '法院', '', '5', '申通快递', '1', '余额支付', '等待所有商品备齐后再发', '', '', '', '', '', '', '385.00', '15.00', '0.00', '0.00', '0.00', '0.00', '0.00', '400.00', '0', '0.00', '0.00', '0.00', '0', '本站', '1242142274', '1242142274', '1242142274', '1242142432', '0', '0', '0', '122', '', '0', '', '', '0', '', '0.00', '0', '0', '0.00');
INSERT INTO `ecs_order_info` ( `order_id`, `order_sn`, `user_id`, `order_status`, `shipping_status`, `pay_status`, `consignee`, `country`, `province`, `city`, `district`, `address`, `zipcode`, `tel`, `mobile`, `email`, `best_time`, `sign_building`, `postscript`, `shipping_id`, `shipping_name`, `pay_id`, `pay_name`, `how_oos`, `how_surplus`, `pack_name`, `card_name`, `card_message`, `inv_payee`, `inv_content`, `goods_amount`, `shipping_fee`, `insure_fee`, `pay_fee`, `pack_fee`, `card_fee`, `money_paid`, `surplus`, `integral`, `integral_money`, `bonus`, `order_amount`, `from_ad`, `referer`, `add_time`, `confirm_time`, `pay_time`, `shipping_time`, `pack_id`, `card_id`, `bonus_id`, `invoice_no`, `extension_code`, `extension_id`, `to_buyer`, `pay_note`, `agency_id`, `inv_type`, `tax`, `is_separate`, `parent_id`, `discount` ) VALUES  ('2', '2009051255518', '1', '4', '0', '0', '刘先生', '1', '2', '52', '500', '[中国 北京 北京 海淀区] 中关村海兴大厦', '100085', '010-25851234', '13986765412', 'ecshop@ecshop.com', '中午', '法院', '', '3', '城际快递', '1', '余额支付', '等待所有商品备齐后再发', '', '精品包装', '祝福贺卡', '晚来的祝福', '', '', '960.00', '10.00', '0.00', '0.00', '0.00', '5.00', '0.00', '0.00', '0', '0.00', '0.00', '0.00', '0', '本站', '1242142324', '1242142324', '1242142324', '1242142389', '1', '1', '0', '111', '', '0', '', '', '0', '', '0.00', '0', '0', '0.00');
INSERT INTO `ecs_order_info` ( `order_id`, `order_sn`, `user_id`, `order_status`, `shipping_status`, `pay_status`, `consignee`, `country`, `province`, `city`, `district`, `address`, `zipcode`, `tel`, `mobile`, `email`, `best_time`, `sign_building`, `postscript`, `shipping_id`, `shipping_name`, `pay_id`, `pay_name`, `how_oos`, `how_surplus`, `pack_name`, `card_name`, `card_message`, `inv_payee`, `inv_content`, `goods_amount`, `shipping_fee`, `insure_fee`, `pay_fee`, `pack_fee`, `card_fee`, `money_paid`, `surplus`, `integral`, `integral_money`, `bonus`, `order_amount`, `from_ad`, `referer`, `add_time`, `confirm_time`, `pay_time`, `shipping_time`, `pack_id`, `card_id`, `bonus_id`, `invoice_no`, `extension_code`, `extension_id`, `to_buyer`, `pay_note`, `agency_id`, `inv_type`, `tax`, `is_separate`, `parent_id`, `discount` ) VALUES  ('3', '2009051267570', '1', '4', '0', '0', '刘先生', '1', '2', '52', '500', '[中国 北京 北京 海淀区] 中关村海兴大厦', '100085', '010-25851234', '13986765412', 'ecshop@ecshop.com', '中午', '法院', '', '3', '城际快递', '1', '余额支付', '等待所有商品备齐后再发', '', '', '', '', '', '', '2300.00', '10.00', '0.00', '0.00', '0.00', '0.00', '0.00', '0.00', '0', '0.00', '0.00', '0.00', '0', '本站', '1242142549', '1242142549', '1242142549', '1242142589', '0', '0', '0', '', '', '0', '', '', '0', '', '0.00', '0', '0', '0.00');
INSERT INTO `ecs_order_info` ( `order_id`, `order_sn`, `user_id`, `order_status`, `shipping_status`, `pay_status`, `consignee`, `country`, `province`, `city`, `district`, `address`, `zipcode`, `tel`, `mobile`, `email`, `best_time`, `sign_building`, `postscript`, `shipping_id`, `shipping_name`, `pay_id`, `pay_name`, `how_oos`, `how_surplus`, `pack_name`, `card_name`, `card_message`, `inv_payee`, `inv_content`, `goods_amount`, `shipping_fee`, `insure_fee`, `pay_fee`, `pack_fee`, `card_fee`, `money_paid`, `surplus`, `integral`, `integral_money`, `bonus`, `order_amount`, `from_ad`, `referer`, `add_time`, `confirm_time`, `pay_time`, `shipping_time`, `pack_id`, `card_id`, `bonus_id`, `invoice_no`, `extension_code`, `extension_id`, `to_buyer`, `pay_note`, `agency_id`, `inv_type`, `tax`, `is_separate`, `parent_id`, `discount` ) VALUES  ('4', '2009051230249', '1', '5', '1', '2', '刘先生', '1', '2', '52', '500', '[中国 北京 北京 海淀区] 中关村海兴大厦', '100085', '010-25851234', '13986765412', 'ecshop@ecshop.com', '中午', '法院', '', '3', '城际快递', '1', '余额支付', '等待所有商品备齐后再发', '', '', '', '', '', '', '5999.00', '10.00', '0.00', '0.00', '0.00', '0.00', '0.00', '5989.00', '0', '0.00', '20.00', '0.00', '0', '本站', '1242142681', '1242142681', '1242142681', '1380175720', '0', '0', '1', '20130926060860411', '', '0', '', '', '0', '', '0.00', '0', '0', '0.00');
INSERT INTO `ecs_order_info` ( `order_id`, `order_sn`, `user_id`, `order_status`, `shipping_status`, `pay_status`, `consignee`, `country`, `province`, `city`, `district`, `address`, `zipcode`, `tel`, `mobile`, `email`, `best_time`, `sign_building`, `postscript`, `shipping_id`, `shipping_name`, `pay_id`, `pay_name`, `how_oos`, `how_surplus`, `pack_name`, `card_name`, `card_message`, `inv_payee`, `inv_content`, `goods_amount`, `shipping_fee`, `insure_fee`, `pay_fee`, `pack_fee`, `card_fee`, `money_paid`, `surplus`, `integral`, `integral_money`, `bonus`, `order_amount`, `from_ad`, `referer`, `add_time`, `confirm_time`, `pay_time`, `shipping_time`, `pack_id`, `card_id`, `bonus_id`, `invoice_no`, `extension_code`, `extension_id`, `to_buyer`, `pay_note`, `agency_id`, `inv_type`, `tax`, `is_separate`, `parent_id`, `discount` ) VALUES  ('5', '2009051276258', '1', '5', '1', '2', '刘先生', '1', '2', '52', '500', '[中国 北京 北京 海淀区] 中关村海兴大厦', '100085', '010-25851234', '13986765412', 'ecshop@ecshop.com', '中午', '法院', '', '3', '城际快递', '1', '余额支付', '等待所有商品备齐后再发', '', '', '', '', '', '', '8600.00', '10.00', '0.00', '0.00', '0.00', '0.00', '0.00', '8610.00', '0', '0.00', '0.00', '0.00', '0', '本站', '1242142808', '1242142808', '1242142808', '1380175762', '0', '0', '0', '20130926060978273', '', '0', '', '', '0', '', '0.00', '0', '0', '0.00');
INSERT INTO `ecs_order_info` ( `order_id`, `order_sn`, `user_id`, `order_status`, `shipping_status`, `pay_status`, `consignee`, `country`, `province`, `city`, `district`, `address`, `zipcode`, `tel`, `mobile`, `email`, `best_time`, `sign_building`, `postscript`, `shipping_id`, `shipping_name`, `pay_id`, `pay_name`, `how_oos`, `how_surplus`, `pack_name`, `card_name`, `card_message`, `inv_payee`, `inv_content`, `goods_amount`, `shipping_fee`, `insure_fee`, `pay_fee`, `pack_fee`, `card_fee`, `money_paid`, `surplus`, `integral`, `integral_money`, `bonus`, `order_amount`, `from_ad`, `referer`, `add_time`, `confirm_time`, `pay_time`, `shipping_time`, `pack_id`, `card_id`, `bonus_id`, `invoice_no`, `extension_code`, `extension_id`, `to_buyer`, `pay_note`, `agency_id`, `inv_type`, `tax`, `is_separate`, `parent_id`, `discount` ) VALUES  ('6', '2009051217221', '3', '3', '0', '0', '叶先生', '1', '2', '52', '510', '通州区旗舰凯旋小区', '', '13588104710', '', 'text@ecshop.com', '', '', '', '5', '申通快递', '2', '银行汇款/转帐', '等待所有商品备齐后再发', '', '', '', '', '', '', '20.00', '15.00', '0.00', '0.00', '0.00', '0.00', '0.00', '0.00', '0', '0.00', '0.00', '35.00', '0', '', '1242143292', '0', '0', '0', '0', '0', '0', '', '', '0', '', '', '0', '', '0.00', '0', '0', '0.00');
INSERT INTO `ecs_order_info` ( `order_id`, `order_sn`, `user_id`, `order_status`, `shipping_status`, `pay_status`, `consignee`, `country`, `province`, `city`, `district`, `address`, `zipcode`, `tel`, `mobile`, `email`, `best_time`, `sign_building`, `postscript`, `shipping_id`, `shipping_name`, `pay_id`, `pay_name`, `how_oos`, `how_surplus`, `pack_name`, `card_name`, `card_message`, `inv_payee`, `inv_content`, `goods_amount`, `shipping_fee`, `insure_fee`, `pay_fee`, `pack_fee`, `card_fee`, `money_paid`, `surplus`, `integral`, `integral_money`, `bonus`, `order_amount`, `from_ad`, `referer`, `add_time`, `confirm_time`, `pay_time`, `shipping_time`, `pack_id`, `card_id`, `bonus_id`, `invoice_no`, `extension_code`, `extension_id`, `to_buyer`, `pay_note`, `agency_id`, `inv_type`, `tax`, `is_separate`, `parent_id`, `discount` ) VALUES  ('7', '2009051227085', '3', '1', '0', '0', '叶先生', '1', '2', '52', '510', '通州区旗舰凯旋小区', '', '13588104710', '', 'text@ecshop.com', '', '', '', '5', '申通快递', '2', '银行汇款/转帐', '等待所有商品备齐后再发', '', '', '', '', '', '', '2298.00', '15.00', '0.00', '0.00', '0.00', '0.00', '0.00', '1000.00', '0', '0.00', '0.00', '1198.10', '0', '', '1242143383', '1242143454', '0', '0', '0', '0', '0', '', '', '0', '', '', '0', '', '0.00', '0', '0', '114.90');
INSERT INTO `ecs_order_info` ( `order_id`, `order_sn`, `user_id`, `order_status`, `shipping_status`, `pay_status`, `consignee`, `country`, `province`, `city`, `district`, `address`, `zipcode`, `tel`, `mobile`, `email`, `best_time`, `sign_building`, `postscript`, `shipping_id`, `shipping_name`, `pay_id`, `pay_name`, `how_oos`, `how_surplus`, `pack_name`, `card_name`, `card_message`, `inv_payee`, `inv_content`, `goods_amount`, `shipping_fee`, `insure_fee`, `pay_fee`, `pack_fee`, `card_fee`, `money_paid`, `surplus`, `integral`, `integral_money`, `bonus`, `order_amount`, `from_ad`, `referer`, `add_time`, `confirm_time`, `pay_time`, `shipping_time`, `pack_id`, `card_id`, `bonus_id`, `invoice_no`, `extension_code`, `extension_id`, `to_buyer`, `pay_note`, `agency_id`, `inv_type`, `tax`, `is_separate`, `parent_id`, `discount` ) VALUES  ('8', '2009051299732', '3', '1', '0', '0', '叶先生', '1', '2', '52', '510', '通州区旗舰凯旋小区', '', '13588104710', '', 'text@ecshop.com', '', '', '', '5', '申通快递', '2', '银行汇款/转帐', '等待所有商品备齐后再发', '', '', '', '', '', '', '623.00', '15.00', '0.00', '0.00', '0.00', '0.00', '0.00', '0.00', '0', '0.00', '0.00', '638.00', '0', '', '1242143444', '1380175577', '0', '0', '0', '0', '0', '', '', '0', '', '', '0', '', '0.00', '0', '0', '0.00');
INSERT INTO `ecs_order_info` ( `order_id`, `order_sn`, `user_id`, `order_status`, `shipping_status`, `pay_status`, `consignee`, `country`, `province`, `city`, `district`, `address`, `zipcode`, `tel`, `mobile`, `email`, `best_time`, `sign_building`, `postscript`, `shipping_id`, `shipping_name`, `pay_id`, `pay_name`, `how_oos`, `how_surplus`, `pack_name`, `card_name`, `card_message`, `inv_payee`, `inv_content`, `goods_amount`, `shipping_fee`, `insure_fee`, `pay_fee`, `pack_fee`, `card_fee`, `money_paid`, `surplus`, `integral`, `integral_money`, `bonus`, `order_amount`, `from_ad`, `referer`, `add_time`, `confirm_time`, `pay_time`, `shipping_time`, `pack_id`, `card_id`, `bonus_id`, `invoice_no`, `extension_code`, `extension_id`, `to_buyer`, `pay_note`, `agency_id`, `inv_type`, `tax`, `is_separate`, `parent_id`, `discount` ) VALUES  ('9', '2009051210718', '3', '1', '0', '0', '叶先生', '1', '2', '52', '510', '通州区旗舰凯旋小区', '', '13588104710', '', 'text@ecshop.com', '', '', '', '5', '申通快递', '2', '银行汇款/转帐', '等待所有商品备齐后再发', '', '', '', '', '', '', '2000.00', '15.00', '0.00', '0.00', '0.00', '0.00', '0.00', '0.00', '0', '0.00', '0.00', '2015.00', '0', '', '1242143732', '1380175577', '0', '0', '0', '0', '0', '', '', '0', '', '', '0', '', '0.00', '0', '0', '0.00');
INSERT INTO `ecs_order_info` ( `order_id`, `order_sn`, `user_id`, `order_status`, `shipping_status`, `pay_status`, `consignee`, `country`, `province`, `city`, `district`, `address`, `zipcode`, `tel`, `mobile`, `email`, `best_time`, `sign_building`, `postscript`, `shipping_id`, `shipping_name`, `pay_id`, `pay_name`, `how_oos`, `how_surplus`, `pack_name`, `card_name`, `card_message`, `inv_payee`, `inv_content`, `goods_amount`, `shipping_fee`, `insure_fee`, `pay_fee`, `pack_fee`, `card_fee`, `money_paid`, `surplus`, `integral`, `integral_money`, `bonus`, `order_amount`, `from_ad`, `referer`, `add_time`, `confirm_time`, `pay_time`, `shipping_time`, `pack_id`, `card_id`, `bonus_id`, `invoice_no`, `extension_code`, `extension_id`, `to_buyer`, `pay_note`, `agency_id`, `inv_type`, `tax`, `is_separate`, `parent_id`, `discount` ) VALUES  ('10', '2009051268194', '1', '1', '0', '2', '刘先生', '1', '2', '52', '500', '海兴大厦', '', '010-25851234', '13986765412', 'ecshop@ecshop.com', '', '', '', '3', '城际快递', '1', '余额支付', '等待所有商品备齐后再发', '', '', '', '', '', '', '0.00', '10.00', '0.00', '0.00', '0.00', '0.00', '0.00', '10.00', '17000', '0.00', '0.00', '0.00', '0', '', '1242143920', '1242143920', '1242143920', '0', '0', '0', '0', '', 'exchange_goods', '24', '', '', '0', '', '0.00', '0', '0', '0.00');
INSERT INTO `ecs_order_info` ( `order_id`, `order_sn`, `user_id`, `order_status`, `shipping_status`, `pay_status`, `consignee`, `country`, `province`, `city`, `district`, `address`, `zipcode`, `tel`, `mobile`, `email`, `best_time`, `sign_building`, `postscript`, `shipping_id`, `shipping_name`, `pay_id`, `pay_name`, `how_oos`, `how_surplus`, `pack_name`, `card_name`, `card_message`, `inv_payee`, `inv_content`, `goods_amount`, `shipping_fee`, `insure_fee`, `pay_fee`, `pack_fee`, `card_fee`, `money_paid`, `surplus`, `integral`, `integral_money`, `bonus`, `order_amount`, `from_ad`, `referer`, `add_time`, `confirm_time`, `pay_time`, `shipping_time`, `pack_id`, `card_id`, `bonus_id`, `invoice_no`, `extension_code`, `extension_id`, `to_buyer`, `pay_note`, `agency_id`, `inv_type`, `tax`, `is_separate`, `parent_id`, `discount` ) VALUES  ('11', '2009051264945', '0', '5', '1', '2', '林小姐', '1', '2', '52', '500', '中关村海兴大厦', '', '135474510', '', 'linzi@116.com', '', '', '', '3', '城际快递', '2', '银行汇款/转帐', '', '', '', '', '', '', '', '3800.00', '10.00', '0.00', '0.00', '0.00', '0.00', '3810.00', '0.00', '0', '0.00', '0.00', '0.00', '0', '管理员添加', '1242144250', '1242144363', '1380175819', '1380175838', '0', '0', '0', '20130926061090203', '', '0', '', '', '0', '', '0.00', '0', '0', '0.00');
INSERT INTO `ecs_order_info` ( `order_id`, `order_sn`, `user_id`, `order_status`, `shipping_status`, `pay_status`, `consignee`, `country`, `province`, `city`, `district`, `address`, `zipcode`, `tel`, `mobile`, `email`, `best_time`, `sign_building`, `postscript`, `shipping_id`, `shipping_name`, `pay_id`, `pay_name`, `how_oos`, `how_surplus`, `pack_name`, `card_name`, `card_message`, `inv_payee`, `inv_content`, `goods_amount`, `shipping_fee`, `insure_fee`, `pay_fee`, `pack_fee`, `card_fee`, `money_paid`, `surplus`, `integral`, `integral_money`, `bonus`, `order_amount`, `from_ad`, `referer`, `add_time`, `confirm_time`, `pay_time`, `shipping_time`, `pack_id`, `card_id`, `bonus_id`, `invoice_no`, `extension_code`, `extension_id`, `to_buyer`, `pay_note`, `agency_id`, `inv_type`, `tax`, `is_separate`, `parent_id`, `discount` ) VALUES  ('12', '2009051712919', '1', '2', '0', '0', '刘先生', '1', '2', '52', '502', '海兴大厦', '', '010-25851234', '13986765412', 'ecshop@ecshop.com', '', '', '', '3', '城际快递', '3', '货到付款', '等待所有商品备齐后再发', '', '', '', '', '', '', '238.00', '10.00', '0.00', '5.00', '0.00', '0.00', '0.00', '0.00', '0', '0.00', '0.00', '253.00', '0', '本站', '1242576304', '0', '0', '0', '0', '0', '0', '', '', '0', '', '', '0', '', '0.00', '0', '0', '0.00');
INSERT INTO `ecs_order_info` ( `order_id`, `order_sn`, `user_id`, `order_status`, `shipping_status`, `pay_status`, `consignee`, `country`, `province`, `city`, `district`, `address`, `zipcode`, `tel`, `mobile`, `email`, `best_time`, `sign_building`, `postscript`, `shipping_id`, `shipping_name`, `pay_id`, `pay_name`, `how_oos`, `how_surplus`, `pack_name`, `card_name`, `card_message`, `inv_payee`, `inv_content`, `goods_amount`, `shipping_fee`, `insure_fee`, `pay_fee`, `pack_fee`, `card_fee`, `money_paid`, `surplus`, `integral`, `integral_money`, `bonus`, `order_amount`, `from_ad`, `referer`, `add_time`, `confirm_time`, `pay_time`, `shipping_time`, `pack_id`, `card_id`, `bonus_id`, `invoice_no`, `extension_code`, `extension_id`, `to_buyer`, `pay_note`, `agency_id`, `inv_type`, `tax`, `is_separate`, `parent_id`, `discount` ) VALUES  ('13', '2009051719232', '1', '1', '1', '0', '刘先生', '1', '2', '52', '502', '海兴大厦', '', '010-25851234', '13986765412', 'ecshop@ecshop.com', '', '', '', '3', '城际快递', '3', '货到付款', '等待所有商品备齐后再发', '', '', '', '', '', '', '960.00', '10.00', '0.00', '5.00', '0.00', '0.00', '0.00', '0.00', '0', '0.00', '0.00', '975.00', '0', '本站', '1242576341', '1242576445', '0', '1242576445', '0', '0', '0', '', '', '0', '', '', '0', '', '0.00', '0', '0', '0.00');
INSERT INTO `ecs_order_info` ( `order_id`, `order_sn`, `user_id`, `order_status`, `shipping_status`, `pay_status`, `consignee`, `country`, `province`, `city`, `district`, `address`, `zipcode`, `tel`, `mobile`, `email`, `best_time`, `sign_building`, `postscript`, `shipping_id`, `shipping_name`, `pay_id`, `pay_name`, `how_oos`, `how_surplus`, `pack_name`, `card_name`, `card_message`, `inv_payee`, `inv_content`, `goods_amount`, `shipping_fee`, `insure_fee`, `pay_fee`, `pack_fee`, `card_fee`, `money_paid`, `surplus`, `integral`, `integral_money`, `bonus`, `order_amount`, `from_ad`, `referer`, `add_time`, `confirm_time`, `pay_time`, `shipping_time`, `pack_id`, `card_id`, `bonus_id`, `invoice_no`, `extension_code`, `extension_id`, `to_buyer`, `pay_note`, `agency_id`, `inv_type`, `tax`, `is_separate`, `parent_id`, `discount` ) VALUES  ('14', '2009052224892', '1', '1', '1', '2', '刘先生', '1', '2', '52', '502', '海兴大厦', '', '010-25851234', '13986765412', 'ecshop@ecshop.com', '', '', '', '3', '城际快递', '1', '余额支付', '等待所有商品备齐后再发', '', '', '', '', '', '', '14045.00', '10.00', '0.00', '0.00', '0.00', '0.00', '0.00', '13806.60', '0', '0.00', '5.00', '0.00', '0', '本站', '1242976699', '1242976699', '1242976699', '1242976740', '0', '0', '2', '1123344', '', '0', '', '', '0', '', '0.00', '0', '0', '243.40');
INSERT INTO `ecs_order_info` ( `order_id`, `order_sn`, `user_id`, `order_status`, `shipping_status`, `pay_status`, `consignee`, `country`, `province`, `city`, `district`, `address`, `zipcode`, `tel`, `mobile`, `email`, `best_time`, `sign_building`, `postscript`, `shipping_id`, `shipping_name`, `pay_id`, `pay_name`, `how_oos`, `how_surplus`, `pack_name`, `card_name`, `card_message`, `inv_payee`, `inv_content`, `goods_amount`, `shipping_fee`, `insure_fee`, `pay_fee`, `pack_fee`, `card_fee`, `money_paid`, `surplus`, `integral`, `integral_money`, `bonus`, `order_amount`, `from_ad`, `referer`, `add_time`, `confirm_time`, `pay_time`, `shipping_time`, `pack_id`, `card_id`, `bonus_id`, `invoice_no`, `extension_code`, `extension_id`, `to_buyer`, `pay_note`, `agency_id`, `inv_type`, `tax`, `is_separate`, `parent_id`, `discount` ) VALUES  ('15', '2009061585887', '1', '4', '0', '0', '刘先生', '1', '2', '52', '502', '海兴大厦', '', '010-25851234', '13986765412', 'ecshop@ecshop.com', '', '', '', '3', '城际快递', '2', '银行汇款/转帐', '等待所有商品备齐后再发', '', '', '', '', '', '', '17044.00', '10.00', '0.00', '0.00', '0.00', '0.00', '0.00', '0.00', '0', '0.00', '0.00', '17054.00', '0', '本站', '1245044533', '1245044587', '1245044644', '1245045443', '0', '0', '0', '', '', '0', '', '', '0', '', '0.00', '0', '0', '0.00');
INSERT INTO `ecs_order_info` ( `order_id`, `order_sn`, `user_id`, `order_status`, `shipping_status`, `pay_status`, `consignee`, `country`, `province`, `city`, `district`, `address`, `zipcode`, `tel`, `mobile`, `email`, `best_time`, `sign_building`, `postscript`, `shipping_id`, `shipping_name`, `pay_id`, `pay_name`, `how_oos`, `how_surplus`, `pack_name`, `card_name`, `card_message`, `inv_payee`, `inv_content`, `goods_amount`, `shipping_fee`, `insure_fee`, `pay_fee`, `pack_fee`, `card_fee`, `money_paid`, `surplus`, `integral`, `integral_money`, `bonus`, `order_amount`, `from_ad`, `referer`, `add_time`, `confirm_time`, `pay_time`, `shipping_time`, `pack_id`, `card_id`, `bonus_id`, `invoice_no`, `extension_code`, `extension_id`, `to_buyer`, `pay_note`, `agency_id`, `inv_type`, `tax`, `is_separate`, `parent_id`, `discount` ) VALUES  ('16', '2009061525429', '1', '1', '4', '2', '刘先生', '1', '2', '52', '502', '海兴大厦', '', '010-25851234', '13986765412', 'ecshop@ecshop.com', '', '', '', '3', '城际快递', '1', '余额支付', '等待所有商品备齐后再发', '', '', '', '', '', '', '3186.30', '10.00', '0.00', '0.00', '0.00', '0.00', '0.00', '3196.30', '0', '0.00', '0.00', '0.00', '0', '本站', '1245045672', '1245045672', '1245045672', '1245045723', '0', '0', '0', '2009061525121', '', '0', '', '', '0', '', '0.00', '0', '0', '0.00');
INSERT INTO `ecs_order_info` ( `order_id`, `order_sn`, `user_id`, `order_status`, `shipping_status`, `pay_status`, `consignee`, `country`, `province`, `city`, `district`, `address`, `zipcode`, `tel`, `mobile`, `email`, `best_time`, `sign_building`, `postscript`, `shipping_id`, `shipping_name`, `pay_id`, `pay_name`, `how_oos`, `how_surplus`, `pack_name`, `card_name`, `card_message`, `inv_payee`, `inv_content`, `goods_amount`, `shipping_fee`, `insure_fee`, `pay_fee`, `pack_fee`, `card_fee`, `money_paid`, `surplus`, `integral`, `integral_money`, `bonus`, `order_amount`, `from_ad`, `referer`, `add_time`, `confirm_time`, `pay_time`, `shipping_time`, `pack_id`, `card_id`, `bonus_id`, `invoice_no`, `extension_code`, `extension_id`, `to_buyer`, `pay_note`, `agency_id`, `inv_type`, `tax`, `is_separate`, `parent_id`, `discount` ) VALUES  ('17', '2009061503335', '1', '4', '0', '0', '刘先生', '1', '2', '52', '502', '海兴大厦', '', '010-25851234', '13986765412', 'ecshop@ecshop.com', '', '', '', '3', '城际快递', '1', '余额支付', '等待所有商品备齐后再发', '', '', '', '', '', '', '1900.00', '10.00', '0.00', '0.00', '0.00', '0.00', '0.00', '0.00', '0', '0.00', '0.00', '0.00', '0', '本站', '1245047978', '1245047978', '1245047978', '1245048189', '0', '0', '0', '', '', '0', '', '', '0', '', '0.00', '0', '0', '0.00');
INSERT INTO `ecs_order_info` ( `order_id`, `order_sn`, `user_id`, `order_status`, `shipping_status`, `pay_status`, `consignee`, `country`, `province`, `city`, `district`, `address`, `zipcode`, `tel`, `mobile`, `email`, `best_time`, `sign_building`, `postscript`, `shipping_id`, `shipping_name`, `pay_id`, `pay_name`, `how_oos`, `how_surplus`, `pack_name`, `card_name`, `card_message`, `inv_payee`, `inv_content`, `goods_amount`, `shipping_fee`, `insure_fee`, `pay_fee`, `pack_fee`, `card_fee`, `money_paid`, `surplus`, `integral`, `integral_money`, `bonus`, `order_amount`, `from_ad`, `referer`, `add_time`, `confirm_time`, `pay_time`, `shipping_time`, `pack_id`, `card_id`, `bonus_id`, `invoice_no`, `extension_code`, `extension_id`, `to_buyer`, `pay_note`, `agency_id`, `inv_type`, `tax`, `is_separate`, `parent_id`, `discount` ) VALUES  ('18', '2009061510313', '1', '1', '3', '2', '刘先生', '1', '2', '52', '502', '海兴大厦', '', '010-25851234', '13986765412', 'ecshop@ecshop.com', '', '', '', '3', '城际快递', '1', '余额支付', '等待所有商品备齐后再发', '', '', '', '', '', '', '500.00', '10.00', '0.00', '0.00', '0.00', '0.00', '0.00', '500.00', '0', '0.00', '0.00', '0.00', '0', '本站', '1245048585', '1245048585', '1380175669', '0', '0', '0', '0', '', 'group_buy', '8', '', '', '0', '', '0.00', '0', '0', '0.00');
INSERT INTO `ecs_order_info` ( `order_id`, `order_sn`, `user_id`, `order_status`, `shipping_status`, `pay_status`, `consignee`, `country`, `province`, `city`, `district`, `address`, `zipcode`, `tel`, `mobile`, `email`, `best_time`, `sign_building`, `postscript`, `shipping_id`, `shipping_name`, `pay_id`, `pay_name`, `how_oos`, `how_surplus`, `pack_name`, `card_name`, `card_message`, `inv_payee`, `inv_content`, `goods_amount`, `shipping_fee`, `insure_fee`, `pay_fee`, `pack_fee`, `card_fee`, `money_paid`, `surplus`, `integral`, `integral_money`, `bonus`, `order_amount`, `from_ad`, `referer`, `add_time`, `confirm_time`, `pay_time`, `shipping_time`, `pack_id`, `card_id`, `bonus_id`, `invoice_no`, `extension_code`, `extension_id`, `to_buyer`, `pay_note`, `agency_id`, `inv_type`, `tax`, `is_separate`, `parent_id`, `discount` ) VALUES  ('19', '2009061909851', '1', '1', '1', '2', '刘先生', '1', '2', '52', '502', '海兴大厦', '', '010-25851234', '13986765412', 'ecshop@ecshop.com', '', '', '', '3', '城际快递', '1', '余额支付', '等待所有商品备齐后再发', '', '', '', '', '', '', '5567.70', '10.00', '0.00', '0.00', '0.00', '0.00', '0.00', '5577.70', '0', '0.00', '0.00', '0.00', '0', '本站', '1245384008', '1245384008', '1245384008', '1245384049', '0', '0', '0', '232421', '', '0', '', '', '0', '', '0.00', '0', '0', '0.00');
INSERT INTO `ecs_order_info` ( `order_id`, `order_sn`, `user_id`, `order_status`, `shipping_status`, `pay_status`, `consignee`, `country`, `province`, `city`, `district`, `address`, `zipcode`, `tel`, `mobile`, `email`, `best_time`, `sign_building`, `postscript`, `shipping_id`, `shipping_name`, `pay_id`, `pay_name`, `how_oos`, `how_surplus`, `pack_name`, `card_name`, `card_message`, `inv_payee`, `inv_content`, `goods_amount`, `shipping_fee`, `insure_fee`, `pay_fee`, `pack_fee`, `card_fee`, `money_paid`, `surplus`, `integral`, `integral_money`, `bonus`, `order_amount`, `from_ad`, `referer`, `add_time`, `confirm_time`, `pay_time`, `shipping_time`, `pack_id`, `card_id`, `bonus_id`, `invoice_no`, `extension_code`, `extension_id`, `to_buyer`, `pay_note`, `agency_id`, `inv_type`, `tax`, `is_separate`, `parent_id`, `discount` ) VALUES  ('20', '2013092646519', '0', '4', '0', '0', '11', '1', '2', '52', '500', '11', '', '111', '', '11@qq.com', '', '', '', '5', '申通快递', '2', '银行汇款/转帐', '等待所有商品备齐后再发', '', '', '', '', '', '', '6478.00', '15.00', '0.00', '0.00', '0.00', '0.00', '0.00', '0.00', '0', '0.00', '0.00', '6493.00', '0', '本站', '1380175540', '1380175577', '1380175596', '1381731628', '0', '0', '0', '', '', '0', '', '', '0', '', '0.00', '0', '0', '0.00');
INSERT INTO `ecs_order_info` ( `order_id`, `order_sn`, `user_id`, `order_status`, `shipping_status`, `pay_status`, `consignee`, `country`, `province`, `city`, `district`, `address`, `zipcode`, `tel`, `mobile`, `email`, `best_time`, `sign_building`, `postscript`, `shipping_id`, `shipping_name`, `pay_id`, `pay_name`, `how_oos`, `how_surplus`, `pack_name`, `card_name`, `card_message`, `inv_payee`, `inv_content`, `goods_amount`, `shipping_fee`, `insure_fee`, `pay_fee`, `pack_fee`, `card_fee`, `money_paid`, `surplus`, `integral`, `integral_money`, `bonus`, `order_amount`, `from_ad`, `referer`, `add_time`, `confirm_time`, `pay_time`, `shipping_time`, `pack_id`, `card_id`, `bonus_id`, `invoice_no`, `extension_code`, `extension_id`, `to_buyer`, `pay_note`, `agency_id`, `inv_type`, `tax`, `is_separate`, `parent_id`, `discount` ) VALUES  ('21', '2013092679263', '0', '0', '0', '0', '11', '1', '3', '37', '410', '11', '', '11', '', '22@qq.com', '', '', '', '5', '申通快递', '2', '银行汇款/转帐', '等待所有商品备齐后再发', '', '', '', '', '', '', '2750.00', '15.00', '0.00', '0.00', '0.00', '0.00', '0.00', '0.00', '0', '0.00', '0.00', '2765.00', '0', '本站', '1380176900', '0', '0', '0', '0', '0', '0', '', '', '0', '', '', '0', '', '0.00', '0', '0', '0.00');
INSERT INTO `ecs_order_info` ( `order_id`, `order_sn`, `user_id`, `order_status`, `shipping_status`, `pay_status`, `consignee`, `country`, `province`, `city`, `district`, `address`, `zipcode`, `tel`, `mobile`, `email`, `best_time`, `sign_building`, `postscript`, `shipping_id`, `shipping_name`, `pay_id`, `pay_name`, `how_oos`, `how_surplus`, `pack_name`, `card_name`, `card_message`, `inv_payee`, `inv_content`, `goods_amount`, `shipping_fee`, `insure_fee`, `pay_fee`, `pack_fee`, `card_fee`, `money_paid`, `surplus`, `integral`, `integral_money`, `bonus`, `order_amount`, `from_ad`, `referer`, `add_time`, `confirm_time`, `pay_time`, `shipping_time`, `pack_id`, `card_id`, `bonus_id`, `invoice_no`, `extension_code`, `extension_id`, `to_buyer`, `pay_note`, `agency_id`, `inv_type`, `tax`, `is_separate`, `parent_id`, `discount` ) VALUES  ('22', '2013092713998', '6', '0', '0', '0', '11', '1', '27', '343', '2914', '11', '11', '11', '', '123@qq.com', '', '', '', '3', '城际快递', '2', '银行汇款/转帐', '等待所有商品备齐后再发', '', '精品包装', '祝福贺卡', '1111111111111', '', '', '3980.00', '10.00', '0.00', '0.00', '0.00', '0.00', '0.00', '0.00', '0', '0.00', '0.00', '3990.00', '0', '本站', '1380261448', '0', '0', '0', '1', '1', '0', '', '', '0', '', '', '0', '', '0.00', '0', '0', '0.00');
INSERT INTO `ecs_order_info` ( `order_id`, `order_sn`, `user_id`, `order_status`, `shipping_status`, `pay_status`, `consignee`, `country`, `province`, `city`, `district`, `address`, `zipcode`, `tel`, `mobile`, `email`, `best_time`, `sign_building`, `postscript`, `shipping_id`, `shipping_name`, `pay_id`, `pay_name`, `how_oos`, `how_surplus`, `pack_name`, `card_name`, `card_message`, `inv_payee`, `inv_content`, `goods_amount`, `shipping_fee`, `insure_fee`, `pay_fee`, `pack_fee`, `card_fee`, `money_paid`, `surplus`, `integral`, `integral_money`, `bonus`, `order_amount`, `from_ad`, `referer`, `add_time`, `confirm_time`, `pay_time`, `shipping_time`, `pack_id`, `card_id`, `bonus_id`, `invoice_no`, `extension_code`, `extension_id`, `to_buyer`, `pay_note`, `agency_id`, `inv_type`, `tax`, `is_separate`, `parent_id`, `discount` ) VALUES  ('23', '2013101021014', '0', '0', '0', '0', '11', '1', '3', '38', '416', '111', '', '11', '', '2227988788@qq.com', '', '', '', '3', '城际快递', '3', '货到付款', '等待所有商品备齐后再发', '', '', '', '', '', '', '395.00', '10.00', '0.00', '5.00', '0.00', '0.00', '0.00', '0.00', '0', '0.00', '0.00', '410.00', '0', '本站', '1381388068', '0', '0', '0', '0', '0', '0', '', '', '0', '', '', '0', '', '0.00', '0', '0', '0.00');
INSERT INTO `ecs_order_info` ( `order_id`, `order_sn`, `user_id`, `order_status`, `shipping_status`, `pay_status`, `consignee`, `country`, `province`, `city`, `district`, `address`, `zipcode`, `tel`, `mobile`, `email`, `best_time`, `sign_building`, `postscript`, `shipping_id`, `shipping_name`, `pay_id`, `pay_name`, `how_oos`, `how_surplus`, `pack_name`, `card_name`, `card_message`, `inv_payee`, `inv_content`, `goods_amount`, `shipping_fee`, `insure_fee`, `pay_fee`, `pack_fee`, `card_fee`, `money_paid`, `surplus`, `integral`, `integral_money`, `bonus`, `order_amount`, `from_ad`, `referer`, `add_time`, `confirm_time`, `pay_time`, `shipping_time`, `pack_id`, `card_id`, `bonus_id`, `invoice_no`, `extension_code`, `extension_id`, `to_buyer`, `pay_note`, `agency_id`, `inv_type`, `tax`, `is_separate`, `parent_id`, `discount` ) VALUES  ('24', '2013101002951', '0', '0', '0', '0', '11', '1', '2', '52', '500', '11', '', '11', '', '2227988788@qq.com', '', '', '', '5', '申通快递', '2', '银行汇款/转帐', '等待所有商品备齐后再发', '', '', '', '', '', '', '300.00', '15.00', '0.00', '0.00', '0.00', '0.00', '0.00', '0.00', '0', '0.00', '0.00', '315.00', '0', '本站', '1381388219', '0', '0', '0', '0', '0', '0', '', '', '0', '', '', '0', '', '0.00', '0', '0', '0.00');
INSERT INTO `ecs_order_info` ( `order_id`, `order_sn`, `user_id`, `order_status`, `shipping_status`, `pay_status`, `consignee`, `country`, `province`, `city`, `district`, `address`, `zipcode`, `tel`, `mobile`, `email`, `best_time`, `sign_building`, `postscript`, `shipping_id`, `shipping_name`, `pay_id`, `pay_name`, `how_oos`, `how_surplus`, `pack_name`, `card_name`, `card_message`, `inv_payee`, `inv_content`, `goods_amount`, `shipping_fee`, `insure_fee`, `pay_fee`, `pack_fee`, `card_fee`, `money_paid`, `surplus`, `integral`, `integral_money`, `bonus`, `order_amount`, `from_ad`, `referer`, `add_time`, `confirm_time`, `pay_time`, `shipping_time`, `pack_id`, `card_id`, `bonus_id`, `invoice_no`, `extension_code`, `extension_id`, `to_buyer`, `pay_note`, `agency_id`, `inv_type`, `tax`, `is_separate`, `parent_id`, `discount` ) VALUES  ('25', '2013101483031', '6', '5', '1', '2', '11', '1', '27', '343', '2914', '11', '11', '11', '', '123@qq.com', '', '', '', '3', '城际快递', '2', '银行汇款/转帐', '等待所有商品备齐后再发', '', '', '', '', '', '', '68.00', '10.00', '0.00', '0.00', '0.00', '0.00', '78.00', '0.00', '0', '0.00', '0.00', '0.00', '0', '本站', '1381731578', '1381733991', '1381733995', '1381734020', '0', '0', '0', '20131014070057741', '', '0', '', '', '0', '', '0.00', '0', '0', '0.00');
INSERT INTO `ecs_order_info` ( `order_id`, `order_sn`, `user_id`, `order_status`, `shipping_status`, `pay_status`, `consignee`, `country`, `province`, `city`, `district`, `address`, `zipcode`, `tel`, `mobile`, `email`, `best_time`, `sign_building`, `postscript`, `shipping_id`, `shipping_name`, `pay_id`, `pay_name`, `how_oos`, `how_surplus`, `pack_name`, `card_name`, `card_message`, `inv_payee`, `inv_content`, `goods_amount`, `shipping_fee`, `insure_fee`, `pay_fee`, `pack_fee`, `card_fee`, `money_paid`, `surplus`, `integral`, `integral_money`, `bonus`, `order_amount`, `from_ad`, `referer`, `add_time`, `confirm_time`, `pay_time`, `shipping_time`, `pack_id`, `card_id`, `bonus_id`, `invoice_no`, `extension_code`, `extension_id`, `to_buyer`, `pay_note`, `agency_id`, `inv_type`, `tax`, `is_separate`, `parent_id`, `discount` ) VALUES  ('26', '2013101516155', '6', '0', '0', '0', '11', '1', '27', '343', '2914', '11', '11', '11', '', '123@qq.com', '', '', '', '3', '城际快递', '2', '银行汇款/转帐', '等待所有商品备齐后再发', '', '', '', '', '', '', '2750.00', '10.00', '0.00', '0.00', '0.00', '0.00', '0.00', '0.00', '0', '0.00', '0.00', '2760.00', '0', '本站', '1381822114', '0', '0', '0', '0', '0', '0', '', '', '0', '', '', '0', '', '0.00', '0', '0', '0.00');
INSERT INTO `ecs_order_info` ( `order_id`, `order_sn`, `user_id`, `order_status`, `shipping_status`, `pay_status`, `consignee`, `country`, `province`, `city`, `district`, `address`, `zipcode`, `tel`, `mobile`, `email`, `best_time`, `sign_building`, `postscript`, `shipping_id`, `shipping_name`, `pay_id`, `pay_name`, `how_oos`, `how_surplus`, `pack_name`, `card_name`, `card_message`, `inv_payee`, `inv_content`, `goods_amount`, `shipping_fee`, `insure_fee`, `pay_fee`, `pack_fee`, `card_fee`, `money_paid`, `surplus`, `integral`, `integral_money`, `bonus`, `order_amount`, `from_ad`, `referer`, `add_time`, `confirm_time`, `pay_time`, `shipping_time`, `pack_id`, `card_id`, `bonus_id`, `invoice_no`, `extension_code`, `extension_id`, `to_buyer`, `pay_note`, `agency_id`, `inv_type`, `tax`, `is_separate`, `parent_id`, `discount` ) VALUES  ('27', '2013101521696', '0', '0', '0', '0', '11', '1', '3', '36', '398', '11', '', '11', '', '11@qq.com', '', '', '', '3', '城际快递', '2', '银行汇款/转帐', '等待所有商品备齐后再发', '', '', '', '', '', '', '300.00', '10.00', '0.00', '0.00', '0.00', '0.00', '0.00', '0.00', '0', '0.00', '0.00', '310.00', '0', '本站', '1381822462', '0', '0', '0', '0', '0', '0', '', '', '0', '', '', '0', '', '0.00', '0', '0', '0.00');
INSERT INTO `ecs_order_info` ( `order_id`, `order_sn`, `user_id`, `order_status`, `shipping_status`, `pay_status`, `consignee`, `country`, `province`, `city`, `district`, `address`, `zipcode`, `tel`, `mobile`, `email`, `best_time`, `sign_building`, `postscript`, `shipping_id`, `shipping_name`, `pay_id`, `pay_name`, `how_oos`, `how_surplus`, `pack_name`, `card_name`, `card_message`, `inv_payee`, `inv_content`, `goods_amount`, `shipping_fee`, `insure_fee`, `pay_fee`, `pack_fee`, `card_fee`, `money_paid`, `surplus`, `integral`, `integral_money`, `bonus`, `order_amount`, `from_ad`, `referer`, `add_time`, `confirm_time`, `pay_time`, `shipping_time`, `pack_id`, `card_id`, `bonus_id`, `invoice_no`, `extension_code`, `extension_id`, `to_buyer`, `pay_note`, `agency_id`, `inv_type`, `tax`, `is_separate`, `parent_id`, `discount` ) VALUES  ('28', '2013101632173', '0', '0', '0', '0', '11', '1', '2', '52', '501', '11', '', '11', '', '222@qq.com', '', '', '', '5', '申通快递', '2', '银行汇款/转帐', '等待所有商品备齐后再发', '', '', '', '', '', '', '1337.00', '15.00', '0.00', '0.00', '0.00', '0.00', '0.00', '0.00', '0', '0.00', '0.00', '1352.00', '0', '本站', '1381908723', '0', '0', '0', '0', '0', '0', '', '', '0', '', '', '0', '', '0.00', '0', '0', '0.00');
INSERT INTO `ecs_order_info` ( `order_id`, `order_sn`, `user_id`, `order_status`, `shipping_status`, `pay_status`, `consignee`, `country`, `province`, `city`, `district`, `address`, `zipcode`, `tel`, `mobile`, `email`, `best_time`, `sign_building`, `postscript`, `shipping_id`, `shipping_name`, `pay_id`, `pay_name`, `how_oos`, `how_surplus`, `pack_name`, `card_name`, `card_message`, `inv_payee`, `inv_content`, `goods_amount`, `shipping_fee`, `insure_fee`, `pay_fee`, `pack_fee`, `card_fee`, `money_paid`, `surplus`, `integral`, `integral_money`, `bonus`, `order_amount`, `from_ad`, `referer`, `add_time`, `confirm_time`, `pay_time`, `shipping_time`, `pack_id`, `card_id`, `bonus_id`, `invoice_no`, `extension_code`, `extension_id`, `to_buyer`, `pay_note`, `agency_id`, `inv_type`, `tax`, `is_separate`, `parent_id`, `discount` ) VALUES  ('29', '2013111979308', '6', '0', '0', '0', '11', '1', '27', '343', '2914', '11', '11', '11', '', '123@qq.com', '', '', '', '3', '城际快递', '2', '银行汇款/转帐', '等待所有商品备齐后再发', '', '', '', '', '', '', '3700.00', '10.00', '0.00', '0.00', '0.00', '0.00', '0.00', '0.00', '0', '0.00', '0.00', '3710.00', '0', '本站', '1384828170', '0', '0', '0', '0', '0', '0', '', '', '0', '', '', '0', '', '0.00', '0', '0', '0.00');
INSERT INTO `ecs_order_info` ( `order_id`, `order_sn`, `user_id`, `order_status`, `shipping_status`, `pay_status`, `consignee`, `country`, `province`, `city`, `district`, `address`, `zipcode`, `tel`, `mobile`, `email`, `best_time`, `sign_building`, `postscript`, `shipping_id`, `shipping_name`, `pay_id`, `pay_name`, `how_oos`, `how_surplus`, `pack_name`, `card_name`, `card_message`, `inv_payee`, `inv_content`, `goods_amount`, `shipping_fee`, `insure_fee`, `pay_fee`, `pack_fee`, `card_fee`, `money_paid`, `surplus`, `integral`, `integral_money`, `bonus`, `order_amount`, `from_ad`, `referer`, `add_time`, `confirm_time`, `pay_time`, `shipping_time`, `pack_id`, `card_id`, `bonus_id`, `invoice_no`, `extension_code`, `extension_id`, `to_buyer`, `pay_note`, `agency_id`, `inv_type`, `tax`, `is_separate`, `parent_id`, `discount` ) VALUES  ('30', '2013111918678', '0', '0', '0', '0', '223233', '1', '2', '52', '501', '2233323223', '', '232323', '', '322323@2332.32', '', '32232323', '', '5', '申通快递', '2', '银行汇款/转帐', '等待所有商品备齐后再发', '', '', '', '', '', '', '3700.00', '15.00', '0.00', '0.00', '0.00', '0.00', '0.00', '0.00', '0', '0.00', '0.00', '3715.00', '0', '本站', '1384838343', '0', '0', '0', '0', '0', '0', '', '', '0', '', '', '0', '', '0.00', '0', '0', '0.00');
INSERT INTO `ecs_order_info` ( `order_id`, `order_sn`, `user_id`, `order_status`, `shipping_status`, `pay_status`, `consignee`, `country`, `province`, `city`, `district`, `address`, `zipcode`, `tel`, `mobile`, `email`, `best_time`, `sign_building`, `postscript`, `shipping_id`, `shipping_name`, `pay_id`, `pay_name`, `how_oos`, `how_surplus`, `pack_name`, `card_name`, `card_message`, `inv_payee`, `inv_content`, `goods_amount`, `shipping_fee`, `insure_fee`, `pay_fee`, `pack_fee`, `card_fee`, `money_paid`, `surplus`, `integral`, `integral_money`, `bonus`, `order_amount`, `from_ad`, `referer`, `add_time`, `confirm_time`, `pay_time`, `shipping_time`, `pack_id`, `card_id`, `bonus_id`, `invoice_no`, `extension_code`, `extension_id`, `to_buyer`, `pay_note`, `agency_id`, `inv_type`, `tax`, `is_separate`, `parent_id`, `discount` ) VALUES  ('31', '2014050956977', '0', '5', '2', '2', '323232', '1', '2', '52', '500', '232', '', '32323232', '', '323232@2332.23', '', '', '', '5', '申通快递', '2', '银行汇款/转帐', '等待所有商品备齐后再发', '', '', '', '', '', '', '2298.00', '15.00', '0.00', '0.00', '0.00', '0.00', '2313.00', '0.00', '0', '0.00', '0.00', '0.00', '0', '本站', '1399639202', '1399639212', '1399639214', '1399639229', '0', '0', '0', '20140509124048300', '', '0', '', '', '0', '', '0.00', '0', '0', '0.00');
INSERT INTO `ecs_order_info` ( `order_id`, `order_sn`, `user_id`, `order_status`, `shipping_status`, `pay_status`, `consignee`, `country`, `province`, `city`, `district`, `address`, `zipcode`, `tel`, `mobile`, `email`, `best_time`, `sign_building`, `postscript`, `shipping_id`, `shipping_name`, `pay_id`, `pay_name`, `how_oos`, `how_surplus`, `pack_name`, `card_name`, `card_message`, `inv_payee`, `inv_content`, `goods_amount`, `shipping_fee`, `insure_fee`, `pay_fee`, `pack_fee`, `card_fee`, `money_paid`, `surplus`, `integral`, `integral_money`, `bonus`, `order_amount`, `from_ad`, `referer`, `add_time`, `confirm_time`, `pay_time`, `shipping_time`, `pack_id`, `card_id`, `bonus_id`, `invoice_no`, `extension_code`, `extension_id`, `to_buyer`, `pay_note`, `agency_id`, `inv_type`, `tax`, `is_separate`, `parent_id`, `discount` ) VALUES  ('32', '2014050932041', '0', '0', '0', '0', '32332', '1', '3', '37', '411', '323232', '', '323232', '', '323232@2332.3232', '', '', '', '5', '申通快递', '2', '银行汇款/转帐', '等待所有商品备齐后再发', '', '', '', '', '', '', '2850.00', '15.00', '0.00', '0.00', '0.00', '0.00', '0.00', '0.00', '0', '0.00', '0.00', '2865.00', '0', '本站', '1399643712', '0', '0', '0', '0', '0', '0', '', '', '0', '', '', '0', '', '0.00', '0', '0', '0.00');
INSERT INTO `ecs_order_info` ( `order_id`, `order_sn`, `user_id`, `order_status`, `shipping_status`, `pay_status`, `consignee`, `country`, `province`, `city`, `district`, `address`, `zipcode`, `tel`, `mobile`, `email`, `best_time`, `sign_building`, `postscript`, `shipping_id`, `shipping_name`, `pay_id`, `pay_name`, `how_oos`, `how_surplus`, `pack_name`, `card_name`, `card_message`, `inv_payee`, `inv_content`, `goods_amount`, `shipping_fee`, `insure_fee`, `pay_fee`, `pack_fee`, `card_fee`, `money_paid`, `surplus`, `integral`, `integral_money`, `bonus`, `order_amount`, `from_ad`, `referer`, `add_time`, `confirm_time`, `pay_time`, `shipping_time`, `pack_id`, `card_id`, `bonus_id`, `invoice_no`, `extension_code`, `extension_id`, `to_buyer`, `pay_note`, `agency_id`, `inv_type`, `tax`, `is_separate`, `parent_id`, `discount` ) VALUES  ('33', '2014051338596', '0', '0', '0', '0', '32322332', '1', '4', '53', '520', '3232323', '', '3232323', '', '23322@qq.com', '', '', '', '5', '申通快递', '2', '银行汇款/转帐', '等待所有商品备齐后再发', '', '', '', '', '', '', '1337.00', '15.00', '0.00', '0.00', '0.00', '0.00', '0.00', '0.00', '0', '0.00', '0.00', '1352.00', '0', '本站', '1399944117', '0', '0', '0', '0', '0', '0', '', '', '0', '', '', '0', '', '0.00', '0', '0', '0.00');
INSERT INTO `ecs_order_info` ( `order_id`, `order_sn`, `user_id`, `order_status`, `shipping_status`, `pay_status`, `consignee`, `country`, `province`, `city`, `district`, `address`, `zipcode`, `tel`, `mobile`, `email`, `best_time`, `sign_building`, `postscript`, `shipping_id`, `shipping_name`, `pay_id`, `pay_name`, `how_oos`, `how_surplus`, `pack_name`, `card_name`, `card_message`, `inv_payee`, `inv_content`, `goods_amount`, `shipping_fee`, `insure_fee`, `pay_fee`, `pack_fee`, `card_fee`, `money_paid`, `surplus`, `integral`, `integral_money`, `bonus`, `order_amount`, `from_ad`, `referer`, `add_time`, `confirm_time`, `pay_time`, `shipping_time`, `pack_id`, `card_id`, `bonus_id`, `invoice_no`, `extension_code`, `extension_id`, `to_buyer`, `pay_note`, `agency_id`, `inv_type`, `tax`, `is_separate`, `parent_id`, `discount` ) VALUES  ('34', '2014051303211', '0', '0', '0', '0', '22', '1', '3', '37', '410', '22', '', '22', '', '22@qq.com', '', '', '', '6', '邮局平邮', '2', '银行汇款/转帐', '等待所有商品备齐后再发', '', '', '', '', '', '', '2750.00', '3.50', '0.00', '0.00', '0.00', '0.00', '0.00', '0.00', '0', '0.00', '0.00', '2753.50', '0', '本站', '1399948209', '0', '0', '0', '0', '0', '0', '', '', '0', '', '', '0', '', '0.00', '0', '0', '0.00');
INSERT INTO `ecs_order_info` ( `order_id`, `order_sn`, `user_id`, `order_status`, `shipping_status`, `pay_status`, `consignee`, `country`, `province`, `city`, `district`, `address`, `zipcode`, `tel`, `mobile`, `email`, `best_time`, `sign_building`, `postscript`, `shipping_id`, `shipping_name`, `pay_id`, `pay_name`, `how_oos`, `how_surplus`, `pack_name`, `card_name`, `card_message`, `inv_payee`, `inv_content`, `goods_amount`, `shipping_fee`, `insure_fee`, `pay_fee`, `pack_fee`, `card_fee`, `money_paid`, `surplus`, `integral`, `integral_money`, `bonus`, `order_amount`, `from_ad`, `referer`, `add_time`, `confirm_time`, `pay_time`, `shipping_time`, `pack_id`, `card_id`, `bonus_id`, `invoice_no`, `extension_code`, `extension_id`, `to_buyer`, `pay_note`, `agency_id`, `inv_type`, `tax`, `is_separate`, `parent_id`, `discount` ) VALUES  ('35', '2014052078850', '10', '5', '2', '2', '22', '1', '2', '52', '500', '22', '2', '22222222', '', 'yang@qq.com', '', '', '', '6', '邮局平邮', '2', '银行汇款/转帐', '等待所有商品备齐后再发', '', '精品包装', '祝福贺卡', 'fdfdfdfdffdfdf', '', '', '2800.00', '3.50', '0.00', '0.00', '0.00', '0.00', '2803.50', '0.00', '0', '0.00', '0.00', '0.00', '0', '本站', '1400577403', '1400577437', '1400577442', '1400577467', '1', '1', '0', '', '', '0', '', '', '0', '', '0.00', '0', '0', '0.00');
INSERT INTO `ecs_order_info` ( `order_id`, `order_sn`, `user_id`, `order_status`, `shipping_status`, `pay_status`, `consignee`, `country`, `province`, `city`, `district`, `address`, `zipcode`, `tel`, `mobile`, `email`, `best_time`, `sign_building`, `postscript`, `shipping_id`, `shipping_name`, `pay_id`, `pay_name`, `how_oos`, `how_surplus`, `pack_name`, `card_name`, `card_message`, `inv_payee`, `inv_content`, `goods_amount`, `shipping_fee`, `insure_fee`, `pay_fee`, `pack_fee`, `card_fee`, `money_paid`, `surplus`, `integral`, `integral_money`, `bonus`, `order_amount`, `from_ad`, `referer`, `add_time`, `confirm_time`, `pay_time`, `shipping_time`, `pack_id`, `card_id`, `bonus_id`, `invoice_no`, `extension_code`, `extension_id`, `to_buyer`, `pay_note`, `agency_id`, `inv_type`, `tax`, `is_separate`, `parent_id`, `discount` ) VALUES  ('36', '2014052103384', '0', '0', '0', '0', '22', '1', '2', '52', '500', '22', '', '22', '', '22@qq.com', '', '', '', '5', '申通快递', '2', '银行汇款/转帐', '等待所有商品备齐后再发', '', '', '', '', '', '', '4596.00', '15.00', '0.00', '0.00', '0.00', '0.00', '0.00', '0.00', '0', '0.00', '0.00', '4611.00', '0', '本站', '1400676665', '0', '0', '0', '0', '0', '0', '', '', '0', '', '', '0', '', '0.00', '0', '0', '0.00');
INSERT INTO `ecs_order_info` ( `order_id`, `order_sn`, `user_id`, `order_status`, `shipping_status`, `pay_status`, `consignee`, `country`, `province`, `city`, `district`, `address`, `zipcode`, `tel`, `mobile`, `email`, `best_time`, `sign_building`, `postscript`, `shipping_id`, `shipping_name`, `pay_id`, `pay_name`, `how_oos`, `how_surplus`, `pack_name`, `card_name`, `card_message`, `inv_payee`, `inv_content`, `goods_amount`, `shipping_fee`, `insure_fee`, `pay_fee`, `pack_fee`, `card_fee`, `money_paid`, `surplus`, `integral`, `integral_money`, `bonus`, `order_amount`, `from_ad`, `referer`, `add_time`, `confirm_time`, `pay_time`, `shipping_time`, `pack_id`, `card_id`, `bonus_id`, `invoice_no`, `extension_code`, `extension_id`, `to_buyer`, `pay_note`, `agency_id`, `inv_type`, `tax`, `is_separate`, `parent_id`, `discount` ) VALUES  ('37', '2014052157862', '0', '0', '0', '0', '22', '1', '26', '341', '2901', '22', '', '222222', '', '22@qq.com', '', '', '', '6', '邮局平邮', '2', '银行汇款/转帐', '等待所有商品备齐后再发', '', '', '', '', '', '', '2298.00', '3.50', '0.00', '0.00', '0.00', '0.00', '0.00', '0.00', '0', '0.00', '0.00', '2301.50', '0', '本站', '1400677038', '0', '0', '0', '0', '0', '0', '', '', '0', '', '', '0', '', '0.00', '0', '0', '0.00');
INSERT INTO `ecs_order_info` ( `order_id`, `order_sn`, `user_id`, `order_status`, `shipping_status`, `pay_status`, `consignee`, `country`, `province`, `city`, `district`, `address`, `zipcode`, `tel`, `mobile`, `email`, `best_time`, `sign_building`, `postscript`, `shipping_id`, `shipping_name`, `pay_id`, `pay_name`, `how_oos`, `how_surplus`, `pack_name`, `card_name`, `card_message`, `inv_payee`, `inv_content`, `goods_amount`, `shipping_fee`, `insure_fee`, `pay_fee`, `pack_fee`, `card_fee`, `money_paid`, `surplus`, `integral`, `integral_money`, `bonus`, `order_amount`, `from_ad`, `referer`, `add_time`, `confirm_time`, `pay_time`, `shipping_time`, `pack_id`, `card_id`, `bonus_id`, `invoice_no`, `extension_code`, `extension_id`, `to_buyer`, `pay_note`, `agency_id`, `inv_type`, `tax`, `is_separate`, `parent_id`, `discount` ) VALUES  ('38', '2014052175877', '10', '0', '0', '0', '22', '1', '2', '52', '500', '22', '2', '22222222', '', 'yang@qq.com', '', '', '', '6', '邮局平邮', '2', '银行汇款/转帐', '等待所有商品备齐后再发', '', '', '', '', '', '', '2750.00', '3.50', '0.00', '0.00', '0.00', '0.00', '0.00', '0.00', '0', '0.00', '0.00', '2753.50', '0', '本站', '1400678127', '0', '0', '0', '0', '0', '0', '', '', '0', '', '', '0', '', '0.00', '0', '0', '0.00');
INSERT INTO `ecs_order_info` ( `order_id`, `order_sn`, `user_id`, `order_status`, `shipping_status`, `pay_status`, `consignee`, `country`, `province`, `city`, `district`, `address`, `zipcode`, `tel`, `mobile`, `email`, `best_time`, `sign_building`, `postscript`, `shipping_id`, `shipping_name`, `pay_id`, `pay_name`, `how_oos`, `how_surplus`, `pack_name`, `card_name`, `card_message`, `inv_payee`, `inv_content`, `goods_amount`, `shipping_fee`, `insure_fee`, `pay_fee`, `pack_fee`, `card_fee`, `money_paid`, `surplus`, `integral`, `integral_money`, `bonus`, `order_amount`, `from_ad`, `referer`, `add_time`, `confirm_time`, `pay_time`, `shipping_time`, `pack_id`, `card_id`, `bonus_id`, `invoice_no`, `extension_code`, `extension_id`, `to_buyer`, `pay_note`, `agency_id`, `inv_type`, `tax`, `is_separate`, `parent_id`, `discount` ) VALUES  ('39', '2014052209831', '10', '0', '0', '0', '22', '1', '2', '52', '500', '22', '2', '22222222', '', 'yang@qq.com', '', '', '', '6', '邮局平邮', '2', '银行汇款/转帐', '等待所有商品备齐后再发', '', '', '', '', '', '', '1250.00', '3.50', '0.00', '0.00', '0.00', '0.00', '0.00', '0.00', '0', '0.00', '0.00', '1253.50', '0', '本站', '1400740664', '0', '0', '0', '0', '0', '0', '', '', '0', '', '', '0', '', '0.00', '0', '0', '0.00');
INSERT INTO `ecs_order_info` ( `order_id`, `order_sn`, `user_id`, `order_status`, `shipping_status`, `pay_status`, `consignee`, `country`, `province`, `city`, `district`, `address`, `zipcode`, `tel`, `mobile`, `email`, `best_time`, `sign_building`, `postscript`, `shipping_id`, `shipping_name`, `pay_id`, `pay_name`, `how_oos`, `how_surplus`, `pack_name`, `card_name`, `card_message`, `inv_payee`, `inv_content`, `goods_amount`, `shipping_fee`, `insure_fee`, `pay_fee`, `pack_fee`, `card_fee`, `money_paid`, `surplus`, `integral`, `integral_money`, `bonus`, `order_amount`, `from_ad`, `referer`, `add_time`, `confirm_time`, `pay_time`, `shipping_time`, `pack_id`, `card_id`, `bonus_id`, `invoice_no`, `extension_code`, `extension_id`, `to_buyer`, `pay_note`, `agency_id`, `inv_type`, `tax`, `is_separate`, `parent_id`, `discount` ) VALUES  ('40', '2014052277045', '0', '0', '0', '0', '22', '1', '2', '52', '508', '22', '', '22222', '', '22@qq.com', '', '', '', '3', '城际快递', '3', '货到付款', '取消订单', '', '', '', '', '', '', '2000.00', '10.00', '0.00', '5.00', '0.00', '0.00', '0.00', '0.00', '0', '0.00', '0.00', '2015.00', '0', '本站', '1400740713', '0', '0', '0', '0', '0', '0', '', '', '0', '', '', '0', '', '0.00', '0', '0', '0.00');
INSERT INTO `ecs_order_info` ( `order_id`, `order_sn`, `user_id`, `order_status`, `shipping_status`, `pay_status`, `consignee`, `country`, `province`, `city`, `district`, `address`, `zipcode`, `tel`, `mobile`, `email`, `best_time`, `sign_building`, `postscript`, `shipping_id`, `shipping_name`, `pay_id`, `pay_name`, `how_oos`, `how_surplus`, `pack_name`, `card_name`, `card_message`, `inv_payee`, `inv_content`, `goods_amount`, `shipping_fee`, `insure_fee`, `pay_fee`, `pack_fee`, `card_fee`, `money_paid`, `surplus`, `integral`, `integral_money`, `bonus`, `order_amount`, `from_ad`, `referer`, `add_time`, `confirm_time`, `pay_time`, `shipping_time`, `pack_id`, `card_id`, `bonus_id`, `invoice_no`, `extension_code`, `extension_id`, `to_buyer`, `pay_note`, `agency_id`, `inv_type`, `tax`, `is_separate`, `parent_id`, `discount` ) VALUES  ('41', '2014052298851', '0', '0', '0', '0', '222', '1', '2', '52', '509', '22', '', '222', '', '22@qq.com', '', '', '', '5', '申通快递', '2', '银行汇款/转帐', '等待所有商品备齐后再发', '', '', '', '', '', '', '1250.00', '15.00', '0.00', '0.00', '0.00', '0.00', '0.00', '0.00', '0', '0.00', '0.00', '1265.00', '0', '本站', '1400740748', '0', '0', '0', '0', '0', '0', '', '', '0', '', '', '0', '', '0.00', '0', '0', '0.00');
INSERT INTO `ecs_order_info` ( `order_id`, `order_sn`, `user_id`, `order_status`, `shipping_status`, `pay_status`, `consignee`, `country`, `province`, `city`, `district`, `address`, `zipcode`, `tel`, `mobile`, `email`, `best_time`, `sign_building`, `postscript`, `shipping_id`, `shipping_name`, `pay_id`, `pay_name`, `how_oos`, `how_surplus`, `pack_name`, `card_name`, `card_message`, `inv_payee`, `inv_content`, `goods_amount`, `shipping_fee`, `insure_fee`, `pay_fee`, `pack_fee`, `card_fee`, `money_paid`, `surplus`, `integral`, `integral_money`, `bonus`, `order_amount`, `from_ad`, `referer`, `add_time`, `confirm_time`, `pay_time`, `shipping_time`, `pack_id`, `card_id`, `bonus_id`, `invoice_no`, `extension_code`, `extension_id`, `to_buyer`, `pay_note`, `agency_id`, `inv_type`, `tax`, `is_separate`, `parent_id`, `discount` ) VALUES  ('42', '2014060794707', '10', '5', '2', '2', '22', '1', '2', '52', '500', '22', '2', '22222222', '', 'yang@qq.com', '', '', '', '6', '邮局平邮', '2', '银行汇款/转帐', '等待所有商品备齐后再发', '', '', '', '', '', '', '1250.00', '3.50', '0.00', '0.00', '0.00', '0.00', '1253.50', '0.00', '0', '0.00', '0.00', '0.00', '0', '本站', '1402121288', '1402121361', '1402121604', '1402121623', '0', '0', '0', '', '', '0', '', '', '0', '', '0.00', '0', '0', '0.00');
INSERT INTO `ecs_order_info` ( `order_id`, `order_sn`, `user_id`, `order_status`, `shipping_status`, `pay_status`, `consignee`, `country`, `province`, `city`, `district`, `address`, `zipcode`, `tel`, `mobile`, `email`, `best_time`, `sign_building`, `postscript`, `shipping_id`, `shipping_name`, `pay_id`, `pay_name`, `how_oos`, `how_surplus`, `pack_name`, `card_name`, `card_message`, `inv_payee`, `inv_content`, `goods_amount`, `shipping_fee`, `insure_fee`, `pay_fee`, `pack_fee`, `card_fee`, `money_paid`, `surplus`, `integral`, `integral_money`, `bonus`, `order_amount`, `from_ad`, `referer`, `add_time`, `confirm_time`, `pay_time`, `shipping_time`, `pack_id`, `card_id`, `bonus_id`, `invoice_no`, `extension_code`, `extension_id`, `to_buyer`, `pay_note`, `agency_id`, `inv_type`, `tax`, `is_separate`, `parent_id`, `discount` ) VALUES  ('43', '2014060798252', '10', '5', '2', '2', '22', '1', '2', '52', '500', '22', '2', '22222222', '', 'yang@qq.com', '', '', '', '6', '邮局平邮', '2', '银行汇款/转帐', '等待所有商品备齐后再发', '', '', '', '', '', '', '1337.00', '3.50', '0.00', '0.00', '0.00', '0.00', '1340.50', '0.00', '0', '0.00', '0.00', '0.00', '0', '本站', '1402121300', '1402121361', '1402121563', '1402121580', '0', '0', '0', '', '', '0', '', '', '0', '', '0.00', '0', '0', '0.00');
INSERT INTO `ecs_order_info` ( `order_id`, `order_sn`, `user_id`, `order_status`, `shipping_status`, `pay_status`, `consignee`, `country`, `province`, `city`, `district`, `address`, `zipcode`, `tel`, `mobile`, `email`, `best_time`, `sign_building`, `postscript`, `shipping_id`, `shipping_name`, `pay_id`, `pay_name`, `how_oos`, `how_surplus`, `pack_name`, `card_name`, `card_message`, `inv_payee`, `inv_content`, `goods_amount`, `shipping_fee`, `insure_fee`, `pay_fee`, `pack_fee`, `card_fee`, `money_paid`, `surplus`, `integral`, `integral_money`, `bonus`, `order_amount`, `from_ad`, `referer`, `add_time`, `confirm_time`, `pay_time`, `shipping_time`, `pack_id`, `card_id`, `bonus_id`, `invoice_no`, `extension_code`, `extension_id`, `to_buyer`, `pay_note`, `agency_id`, `inv_type`, `tax`, `is_separate`, `parent_id`, `discount` ) VALUES  ('44', '2014060768254', '10', '5', '2', '2', '22', '1', '2', '52', '500', '22', '2', '22222222', '', 'yang@qq.com', '', '', '', '6', '邮局平邮', '2', '银行汇款/转帐', '等待所有商品备齐后再发', '', '', '', '', '', '', '5999.00', '3.50', '0.00', '0.00', '0.00', '0.00', '6002.50', '0.00', '0', '0.00', '0.00', '0.00', '0', '本站', '1402121310', '1402121361', '1402121524', '1402121542', '0', '0', '0', '', '', '0', '', '', '0', '', '0.00', '0', '0', '0.00');
INSERT INTO `ecs_order_info` ( `order_id`, `order_sn`, `user_id`, `order_status`, `shipping_status`, `pay_status`, `consignee`, `country`, `province`, `city`, `district`, `address`, `zipcode`, `tel`, `mobile`, `email`, `best_time`, `sign_building`, `postscript`, `shipping_id`, `shipping_name`, `pay_id`, `pay_name`, `how_oos`, `how_surplus`, `pack_name`, `card_name`, `card_message`, `inv_payee`, `inv_content`, `goods_amount`, `shipping_fee`, `insure_fee`, `pay_fee`, `pack_fee`, `card_fee`, `money_paid`, `surplus`, `integral`, `integral_money`, `bonus`, `order_amount`, `from_ad`, `referer`, `add_time`, `confirm_time`, `pay_time`, `shipping_time`, `pack_id`, `card_id`, `bonus_id`, `invoice_no`, `extension_code`, `extension_id`, `to_buyer`, `pay_note`, `agency_id`, `inv_type`, `tax`, `is_separate`, `parent_id`, `discount` ) VALUES  ('45', '2014060718878', '10', '5', '2', '2', '22', '1', '2', '52', '500', '22', '2', '22222222', '', 'yang@qq.com', '', '', '', '6', '邮局平邮', '2', '银行汇款/转帐', '等待所有商品备齐后再发', '', '', '', '', '', '', '2000.00', '3.50', '0.00', '0.00', '0.00', '0.00', '2003.50', '0.00', '0', '0.00', '0.00', '0.00', '0', '本站', '1402121324', '1402121361', '1402121374', '1402121429', '0', '0', '0', '', '', '0', '', '', '0', '', '0.00', '0', '0', '0.00');
DROP TABLE IF EXISTS `ecs_pack`;
CREATE TABLE `ecs_pack` (
  `pack_id` tinyint(3) unsigned NOT NULL auto_increment,
  `pack_name` varchar(120) NOT NULL default '',
  `pack_img` varchar(255) NOT NULL default '',
  `pack_fee` decimal(6,2) unsigned NOT NULL default '0.00',
  `free_money` smallint(5) unsigned NOT NULL default '0',
  `pack_desc` varchar(255) NOT NULL default '',
  PRIMARY KEY  (`pack_id`)
) ENGINE=MyISAM DEFAULT CHARSET=utf8;
INSERT INTO `ecs_pack` ( `pack_id`, `pack_name`, `pack_img`, `pack_fee`, `free_money`, `pack_desc` ) VALUES  ('1', '精品包装', '1242108360911825791.jpg', '5.00', '800', '精品包装，尽心为您设计一份不一样的礼物');
DROP TABLE IF EXISTS `ecs_package_goods`;
CREATE TABLE `ecs_package_goods` (
  `package_id` mediumint(8) unsigned NOT NULL default '0',
  `goods_id` mediumint(8) unsigned NOT NULL default '0',
  `product_id` mediumint(8) unsigned NOT NULL default '0',
  `goods_number` smallint(5) unsigned NOT NULL default '1',
  `admin_id` tinyint(3) unsigned NOT NULL default '0',
  PRIMARY KEY  (`package_id`,`goods_id`,`admin_id`,`product_id`)
) ENGINE=MyISAM DEFAULT CHARSET=utf8;
INSERT INTO `ecs_package_goods` ( `package_id`, `goods_id`, `product_id`, `goods_number`, `admin_id` ) VALUES  ('5', '6', '0', '1', '1');
INSERT INTO `ecs_package_goods` ( `package_id`, `goods_id`, `product_id`, `goods_number`, `admin_id` ) VALUES  ('5', '5', '0', '1', '1');
INSERT INTO `ecs_package_goods` ( `package_id`, `goods_id`, `product_id`, `goods_number`, `admin_id` ) VALUES  ('6', '4', '0', '1', '1');
INSERT INTO `ecs_package_goods` ( `package_id`, `goods_id`, `product_id`, `goods_number`, `admin_id` ) VALUES  ('6', '7', '0', '1', '1');
INSERT INTO `ecs_package_goods` ( `package_id`, `goods_id`, `product_id`, `goods_number`, `admin_id` ) VALUES  ('6', '32', '0', '1', '1');
INSERT INTO `ecs_package_goods` ( `package_id`, `goods_id`, `product_id`, `goods_number`, `admin_id` ) VALUES  ('5', '31', '0', '1', '1');
DROP TABLE IF EXISTS `ecs_payment`;
CREATE TABLE `ecs_payment` (
  `pay_id` tinyint(3) unsigned NOT NULL auto_increment,
  `pay_code` varchar(20) NOT NULL default '',
  `pay_name` varchar(120) NOT NULL default '',
  `pay_fee` varchar(10) NOT NULL default '0',
  `pay_desc` text NOT NULL,
  `pay_order` tinyint(3) unsigned NOT NULL default '0',
  `pay_config` text NOT NULL,
  `enabled` tinyint(1) unsigned NOT NULL default '0',
  `is_cod` tinyint(1) unsigned NOT NULL default '0',
  `is_online` tinyint(1) unsigned NOT NULL default '0',
  PRIMARY KEY  (`pay_id`),
  UNIQUE KEY `pay_code` (`pay_code`)
) ENGINE=MyISAM DEFAULT CHARSET=utf8;
INSERT INTO `ecs_payment` ( `pay_id`, `pay_code`, `pay_name`, `pay_fee`, `pay_desc`, `pay_order`, `pay_config`, `enabled`, `is_cod`, `is_online` ) VALUES  ('1', 'balance', '余额支付', '0', '使用帐户余额支付。只有会员才能使用，通过设置信用额度，可以透支。', '0', 'a:0:{}', '1', '0', '1');
INSERT INTO `ecs_payment` ( `pay_id`, `pay_code`, `pay_name`, `pay_fee`, `pay_desc`, `pay_order`, `pay_config`, `enabled`, `is_cod`, `is_online` ) VALUES  ('2', 'bank', '银行汇款/转帐', '0', '银行名称\n收款人信息：全称 ××× ；帐号或地址 ××× ；开户行 ×××。\n注意事项：办理电汇时，请在电汇单“汇款用途”一栏处注明您的订单号。', '0', 'a:0:{}', '1', '0', '0');
INSERT INTO `ecs_payment` ( `pay_id`, `pay_code`, `pay_name`, `pay_fee`, `pay_desc`, `pay_order`, `pay_config`, `enabled`, `is_cod`, `is_online` ) VALUES  ('3', 'cod', '货到付款', '0', '开通城市：×××\n货到付款区域：×××', '0', 'a:0:{}', '1', '1', '0');
DROP TABLE IF EXISTS `ecs_plugins`;
CREATE TABLE `ecs_plugins` (
  `code` varchar(30) NOT NULL default '',
  `version` varchar(10) NOT NULL default '',
  `library` varchar(255) NOT NULL default '',
  `assign` tinyint(1) unsigned NOT NULL default '0',
  `install_date` int(10) unsigned NOT NULL default '0',
  PRIMARY KEY  (`code`)
) ENGINE=MyISAM DEFAULT CHARSET=utf8;
DROP TABLE IF EXISTS `ecs_products`;
CREATE TABLE `ecs_products` (
  `product_id` mediumint(8) unsigned NOT NULL auto_increment,
  `goods_id` mediumint(8) unsigned NOT NULL default '0',
  `goods_attr` varchar(50) default NULL,
  `product_sn` varchar(60) default NULL,
  `product_number` smallint(5) unsigned default '0',
  PRIMARY KEY  (`product_id`)
) ENGINE=MyISAM DEFAULT CHARSET=utf8;
INSERT INTO `ecs_products` ( `product_id`, `goods_id`, `goods_attr`, `product_sn`, `product_number` ) VALUES  ('1', '32', '163', '', '99');
INSERT INTO `ecs_products` ( `product_id`, `goods_id`, `goods_attr`, `product_sn`, `product_number` ) VALUES  ('2', '24', '167', '', '100');
INSERT INTO `ecs_products` ( `product_id`, `goods_id`, `goods_attr`, `product_sn`, `product_number` ) VALUES  ('3', '23', '175', '', '100');
INSERT INTO `ecs_products` ( `product_id`, `goods_id`, `goods_attr`, `product_sn`, `product_number` ) VALUES  ('4', '21', '188', '', '19');
INSERT INTO `ecs_products` ( `product_id`, `goods_id`, `goods_attr`, `product_sn`, `product_number` ) VALUES  ('5', '20', '194', '', '13');
INSERT INTO `ecs_products` ( `product_id`, `goods_id`, `goods_attr`, `product_sn`, `product_number` ) VALUES  ('6', '17', '201', '', '1');
INSERT INTO `ecs_products` ( `product_id`, `goods_id`, `goods_attr`, `product_sn`, `product_number` ) VALUES  ('7', '14', '213', '', '4');
INSERT INTO `ecs_products` ( `product_id`, `goods_id`, `goods_attr`, `product_sn`, `product_number` ) VALUES  ('8', '13', '217', '', '8');
INSERT INTO `ecs_products` ( `product_id`, `goods_id`, `goods_attr`, `product_sn`, `product_number` ) VALUES  ('9', '10', '239', '', '5');
INSERT INTO `ecs_products` ( `product_id`, `goods_id`, `goods_attr`, `product_sn`, `product_number` ) VALUES  ('10', '10', '240', '', '12');
INSERT INTO `ecs_products` ( `product_id`, `goods_id`, `goods_attr`, `product_sn`, `product_number` ) VALUES  ('11', '9', '227', '', '11');
INSERT INTO `ecs_products` ( `product_id`, `goods_id`, `goods_attr`, `product_sn`, `product_number` ) VALUES  ('12', '9', '226', '', '3');
INSERT INTO `ecs_products` ( `product_id`, `goods_id`, `goods_attr`, `product_sn`, `product_number` ) VALUES  ('13', '8', '231', '', '17');
INSERT INTO `ecs_products` ( `product_id`, `goods_id`, `goods_attr`, `product_sn`, `product_number` ) VALUES  ('14', '1', '237', '', '1');
DROP TABLE IF EXISTS `ecs_reg_extend_info`;
CREATE TABLE `ecs_reg_extend_info` (
  `Id` int(10) unsigned NOT NULL auto_increment,
  `user_id` mediumint(8) unsigned NOT NULL,
  `reg_field_id` int(10) unsigned NOT NULL,
  `content` text NOT NULL,
  PRIMARY KEY  (`Id`)
) ENGINE=MyISAM DEFAULT CHARSET=utf8;
DROP TABLE IF EXISTS `ecs_reg_fields`;
CREATE TABLE `ecs_reg_fields` (
  `id` tinyint(3) unsigned NOT NULL auto_increment,
  `reg_field_name` varchar(60) NOT NULL,
  `dis_order` tinyint(3) unsigned NOT NULL default '100',
  `display` tinyint(1) unsigned NOT NULL default '1',
  `type` tinyint(1) unsigned NOT NULL default '0',
  `is_need` tinyint(1) unsigned NOT NULL default '1',
  PRIMARY KEY  (`id`)
) ENGINE=MyISAM DEFAULT CHARSET=utf8;
INSERT INTO `ecs_reg_fields` ( `id`, `reg_field_name`, `dis_order`, `display`, `type`, `is_need` ) VALUES  ('1', 'MSN', '0', '0', '1', '0');
INSERT INTO `ecs_reg_fields` ( `id`, `reg_field_name`, `dis_order`, `display`, `type`, `is_need` ) VALUES  ('2', 'QQ', '0', '0', '1', '0');
INSERT INTO `ecs_reg_fields` ( `id`, `reg_field_name`, `dis_order`, `display`, `type`, `is_need` ) VALUES  ('3', '办公电话', '0', '0', '1', '0');
INSERT INTO `ecs_reg_fields` ( `id`, `reg_field_name`, `dis_order`, `display`, `type`, `is_need` ) VALUES  ('4', '家庭电话', '0', '0', '1', '0');
INSERT INTO `ecs_reg_fields` ( `id`, `reg_field_name`, `dis_order`, `display`, `type`, `is_need` ) VALUES  ('5', '手机', '0', '1', '1', '1');
INSERT INTO `ecs_reg_fields` ( `id`, `reg_field_name`, `dis_order`, `display`, `type`, `is_need` ) VALUES  ('6', '密码找回问题', '0', '0', '1', '0');
DROP TABLE IF EXISTS `ecs_role`;
CREATE TABLE `ecs_role` (
  `role_id` smallint(5) unsigned NOT NULL auto_increment,
  `role_name` varchar(60) NOT NULL default '',
  `action_list` text NOT NULL,
  `role_describe` text,
  PRIMARY KEY  (`role_id`),
  KEY `user_name` (`role_name`)
) ENGINE=MyISAM DEFAULT CHARSET=utf8;
DROP TABLE IF EXISTS `ecs_searchengine`;
CREATE TABLE `ecs_searchengine` (
  `date` date NOT NULL default '0000-00-00',
  `searchengine` varchar(20) NOT NULL default '',
  `count` mediumint(8) unsigned NOT NULL default '0',
  PRIMARY KEY  (`date`,`searchengine`)
) ENGINE=MyISAM DEFAULT CHARSET=utf8;
DROP TABLE IF EXISTS `ecs_shipping`;
CREATE TABLE `ecs_shipping` (
  `shipping_id` tinyint(3) unsigned NOT NULL auto_increment,
  `shipping_code` varchar(20) NOT NULL default '',
  `shipping_name` varchar(120) NOT NULL default '',
  `shipping_desc` varchar(255) NOT NULL default '',
  `insure` varchar(10) NOT NULL default '0',
  `support_cod` tinyint(1) unsigned NOT NULL default '0',
  `enabled` tinyint(1) unsigned NOT NULL default '0',
  `shipping_print` text NOT NULL,
  `print_bg` varchar(255) default NULL,
  `config_lable` text,
  `print_model` tinyint(1) default '0',
  `shipping_order` tinyint(3) unsigned NOT NULL default '0',
  PRIMARY KEY  (`shipping_id`),
  KEY `shipping_code` (`shipping_code`,`enabled`)
) ENGINE=MyISAM DEFAULT CHARSET=utf8;
INSERT INTO `ecs_shipping` ( `shipping_id`, `shipping_code`, `shipping_name`, `shipping_desc`, `insure`, `support_cod`, `enabled`, `shipping_print`, `print_bg`, `config_lable`, `print_model`, `shipping_order` ) VALUES  ('1', 'post_express', '邮政快递包裹', '邮政快递包裹的描述内容。', '1%', '0', '1', '', '', '', '0', '0');
INSERT INTO `ecs_shipping` ( `shipping_id`, `shipping_code`, `shipping_name`, `shipping_desc`, `insure`, `support_cod`, `enabled`, `shipping_print`, `print_bg`, `config_lable`, `print_model`, `shipping_order` ) VALUES  ('2', 'yto', '圆通速递', '上海圆通物流（速递）有限公司经过多年的网络快速发展，在中国速递行业中一直处于领先地位。为了能更好的发展国际快件市场，加快与国际市场的接轨，强化圆通的整体实力，圆通已在东南亚、欧美、中东、北美洲、非洲等许多城市运作国际快件业务', '0', '1', '1', '', '', '', '0', '0');
INSERT INTO `ecs_shipping` ( `shipping_id`, `shipping_code`, `shipping_name`, `shipping_desc`, `insure`, `support_cod`, `enabled`, `shipping_print`, `print_bg`, `config_lable`, `print_model`, `shipping_order` ) VALUES  ('3', 'city_express', '城际快递', '配送的运费是固定的', '0', '1', '1', '', '', '', '0', '0');
INSERT INTO `ecs_shipping` ( `shipping_id`, `shipping_code`, `shipping_name`, `shipping_desc`, `insure`, `support_cod`, `enabled`, `shipping_print`, `print_bg`, `config_lable`, `print_model`, `shipping_order` ) VALUES  ('4', 'flat', '市内快递', '固定运费的配送方式内容', '0', '1', '1', '', '', '', '0', '0');
INSERT INTO `ecs_shipping` ( `shipping_id`, `shipping_code`, `shipping_name`, `shipping_desc`, `insure`, `support_cod`, `enabled`, `shipping_print`, `print_bg`, `config_lable`, `print_model`, `shipping_order` ) VALUES  ('5', 'sto_express', '申通快递', '江、浙、沪地区首重为15元/KG，其他地区18元/KG， 续重均为5-6元/KG， 云南地区为8元', '0', '0', '1', '', '', '', '0', '0');
INSERT INTO `ecs_shipping` ( `shipping_id`, `shipping_code`, `shipping_name`, `shipping_desc`, `insure`, `support_cod`, `enabled`, `shipping_print`, `print_bg`, `config_lable`, `print_model`, `shipping_order` ) VALUES  ('6', 'post_mail', '邮局平邮', '邮局平邮的描述内容。', '0', '0', '1', '', '', '', '0', '0');
INSERT INTO `ecs_shipping` ( `shipping_id`, `shipping_code`, `shipping_name`, `shipping_desc`, `insure`, `support_cod`, `enabled`, `shipping_print`, `print_bg`, `config_lable`, `print_model`, `shipping_order` ) VALUES  ('7', 'fpd', '运费到付', '所购商品到达即付运费', '0', '0', '1', '', '', '', '0', '0');
DROP TABLE IF EXISTS `ecs_shipping_area`;
CREATE TABLE `ecs_shipping_area` (
  `shipping_area_id` smallint(5) unsigned NOT NULL auto_increment,
  `shipping_area_name` varchar(150) NOT NULL default '',
  `shipping_id` tinyint(3) unsigned NOT NULL default '0',
  `configure` text NOT NULL,
  PRIMARY KEY  (`shipping_area_id`),
  KEY `shipping_id` (`shipping_id`)
) ENGINE=MyISAM DEFAULT CHARSET=utf8;
INSERT INTO `ecs_shipping_area` ( `shipping_area_id`, `shipping_area_name`, `shipping_id`, `configure` ) VALUES  ('1', '申通', '5', 'a:5:{i:0;a:2:{s:4:\"name\";s:8:\"item_fee\";s:5:\"value\";s:2:\"15\";}i:1;a:2:{s:4:\"name\";s:8:\"base_fee\";s:5:\"value\";s:2:\"15\";}i:2;a:2:{s:4:\"name\";s:8:\"step_fee\";s:5:\"value\";s:1:\"5\";}i:3;a:2:{s:4:\"name\";s:10:\"free_money\";s:5:\"value\";s:1:\"0\";}i:4;a:2:{s:4:\"name\";s:16:\"fee_compute_mode\";s:5:\"value\";s:9:\"by_weight\";}}');
INSERT INTO `ecs_shipping_area` ( `shipping_area_id`, `shipping_area_name`, `shipping_id`, `configure` ) VALUES  ('2', '1', '3', 'a:4:{i:0;a:2:{s:4:\"name\";s:8:\"base_fee\";s:5:\"value\";s:2:\"10\";}i:1;a:2:{s:4:\"name\";s:10:\"free_money\";s:5:\"value\";s:6:\"100000\";}i:2;a:2:{s:4:\"name\";s:16:\"fee_compute_mode\";s:5:\"value\";N;}i:3;a:2:{s:4:\"name\";s:7:\"pay_fee\";s:5:\"value\";s:1:\"5\";}}');
INSERT INTO `ecs_shipping_area` ( `shipping_area_id`, `shipping_area_name`, `shipping_id`, `configure` ) VALUES  ('3', '邮局', '6', 'a:7:{i:0;a:2:{s:4:\"name\";s:8:\"item_fee\";s:5:\"value\";s:1:\"4\";}i:1;a:2:{s:4:\"name\";s:8:\"base_fee\";s:5:\"value\";s:3:\"3.5\";}i:2;a:2:{s:4:\"name\";s:8:\"step_fee\";s:5:\"value\";s:3:\"2.5\";}i:3;a:2:{s:4:\"name\";s:9:\"step_fee1\";s:5:\"value\";N;}i:4;a:2:{s:4:\"name\";s:8:\"pack_fee\";s:5:\"value\";s:1:\"0\";}i:5;a:2:{s:4:\"name\";s:10:\"free_money\";s:5:\"value\";s:5:\"50000\";}i:6;a:2:{s:4:\"name\";s:16:\"fee_compute_mode\";s:5:\"value\";s:9:\"by_weight\";}}');
INSERT INTO `ecs_shipping_area` ( `shipping_area_id`, `shipping_area_name`, `shipping_id`, `configure` ) VALUES  ('4', '运费到付', '7', 'a:2:{i:0;a:2:{s:4:\"name\";s:10:\"free_money\";s:5:\"value\";s:5:\"50000\";}i:1;a:2:{s:4:\"name\";s:16:\"fee_compute_mode\";s:5:\"value\";N;}}');
DROP TABLE IF EXISTS `ecs_shop_config`;
CREATE TABLE `ecs_shop_config` (
  `id` smallint(5) unsigned NOT NULL auto_increment,
  `parent_id` smallint(5) unsigned NOT NULL default '0',
  `code` varchar(30) NOT NULL default '',
  `type` varchar(10) NOT NULL default '',
  `store_range` varchar(255) NOT NULL default '',
  `store_dir` varchar(255) NOT NULL default '',
  `value` text NOT NULL,
  `sort_order` tinyint(3) unsigned NOT NULL default '1',
  PRIMARY KEY  (`id`),
  UNIQUE KEY `code` (`code`),
  KEY `parent_id` (`parent_id`)
) ENGINE=MyISAM DEFAULT CHARSET=utf8;
INSERT INTO `ecs_shop_config` ( `id`, `parent_id`, `code`, `type`, `store_range`, `store_dir`, `value`, `sort_order` ) VALUES  ('1', '0', 'shop_info', 'group', '', '', '', '1');
INSERT INTO `ecs_shop_config` ( `id`, `parent_id`, `code`, `type`, `store_range`, `store_dir`, `value`, `sort_order` ) VALUES  ('2', '0', 'basic', 'group', '', '', '', '1');
INSERT INTO `ecs_shop_config` ( `id`, `parent_id`, `code`, `type`, `store_range`, `store_dir`, `value`, `sort_order` ) VALUES  ('3', '0', 'display', 'group', '', '', '', '1');
INSERT INTO `ecs_shop_config` ( `id`, `parent_id`, `code`, `type`, `store_range`, `store_dir`, `value`, `sort_order` ) VALUES  ('4', '0', 'shopping_flow', 'group', '', '', '', '1');
INSERT INTO `ecs_shop_config` ( `id`, `parent_id`, `code`, `type`, `store_range`, `store_dir`, `value`, `sort_order` ) VALUES  ('5', '0', 'smtp', 'group', '', '', '', '1');
INSERT INTO `ecs_shop_config` ( `id`, `parent_id`, `code`, `type`, `store_range`, `store_dir`, `value`, `sort_order` ) VALUES  ('6', '0', 'hidden', 'hidden', '', '', '', '1');
INSERT INTO `ecs_shop_config` ( `id`, `parent_id`, `code`, `type`, `store_range`, `store_dir`, `value`, `sort_order` ) VALUES  ('7', '0', 'goods', 'group', '', '', '', '1');
INSERT INTO `ecs_shop_config` ( `id`, `parent_id`, `code`, `type`, `store_range`, `store_dir`, `value`, `sort_order` ) VALUES  ('8', '0', 'sms', 'group', '', '', '', '1');
INSERT INTO `ecs_shop_config` ( `id`, `parent_id`, `code`, `type`, `store_range`, `store_dir`, `value`, `sort_order` ) VALUES  ('9', '0', 'wap', 'group', '', '', '', '1');
INSERT INTO `ecs_shop_config` ( `id`, `parent_id`, `code`, `type`, `store_range`, `store_dir`, `value`, `sort_order` ) VALUES  ('101', '1', 'shop_name', 'text', '', '', 'ECSHOP', '1');
INSERT INTO `ecs_shop_config` ( `id`, `parent_id`, `code`, `type`, `store_range`, `store_dir`, `value`, `sort_order` ) VALUES  ('102', '1', 'shop_title', 'text', '', '', 'ECSHOP演示站', '1');
INSERT INTO `ecs_shop_config` ( `id`, `parent_id`, `code`, `type`, `store_range`, `store_dir`, `value`, `sort_order` ) VALUES  ('103', '1', 'shop_desc', 'text', '', '', 'ECSHOP演示站', '1');
INSERT INTO `ecs_shop_config` ( `id`, `parent_id`, `code`, `type`, `store_range`, `store_dir`, `value`, `sort_order` ) VALUES  ('104', '1', 'shop_keywords', 'text', '', '', 'ECSHOP演示站', '1');
INSERT INTO `ecs_shop_config` ( `id`, `parent_id`, `code`, `type`, `store_range`, `store_dir`, `value`, `sort_order` ) VALUES  ('105', '1', 'shop_country', 'manual', '', '', '1', '1');
INSERT INTO `ecs_shop_config` ( `id`, `parent_id`, `code`, `type`, `store_range`, `store_dir`, `value`, `sort_order` ) VALUES  ('106', '1', 'shop_province', 'manual', '', '', '2', '1');
INSERT INTO `ecs_shop_config` ( `id`, `parent_id`, `code`, `type`, `store_range`, `store_dir`, `value`, `sort_order` ) VALUES  ('107', '1', 'shop_city', 'manual', '', '', '52', '1');
INSERT INTO `ecs_shop_config` ( `id`, `parent_id`, `code`, `type`, `store_range`, `store_dir`, `value`, `sort_order` ) VALUES  ('108', '1', 'shop_address', 'text', '', '', '', '1');
INSERT INTO `ecs_shop_config` ( `id`, `parent_id`, `code`, `type`, `store_range`, `store_dir`, `value`, `sort_order` ) VALUES  ('109', '1', 'qq', 'text', '', '', '800007396', '1');
INSERT INTO `ecs_shop_config` ( `id`, `parent_id`, `code`, `type`, `store_range`, `store_dir`, `value`, `sort_order` ) VALUES  ('110', '1', 'ww', 'text', '', '', 'ecshop开发中心', '1');
INSERT INTO `ecs_shop_config` ( `id`, `parent_id`, `code`, `type`, `store_range`, `store_dir`, `value`, `sort_order` ) VALUES  ('111', '1', 'skype', 'text', '', '', '', '1');
INSERT INTO `ecs_shop_config` ( `id`, `parent_id`, `code`, `type`, `store_range`, `store_dir`, `value`, `sort_order` ) VALUES  ('112', '1', 'ym', 'text', '', '', '', '1');
INSERT INTO `ecs_shop_config` ( `id`, `parent_id`, `code`, `type`, `store_range`, `store_dir`, `value`, `sort_order` ) VALUES  ('113', '1', 'msn', 'text', '', '', '', '1');
INSERT INTO `ecs_shop_config` ( `id`, `parent_id`, `code`, `type`, `store_range`, `store_dir`, `value`, `sort_order` ) VALUES  ('114', '1', 'service_email', 'text', '', '', '', '1');
INSERT INTO `ecs_shop_config` ( `id`, `parent_id`, `code`, `type`, `store_range`, `store_dir`, `value`, `sort_order` ) VALUES  ('115', '1', 'service_phone', 'text', '', '', '400-663-5268', '1');
INSERT INTO `ecs_shop_config` ( `id`, `parent_id`, `code`, `type`, `store_range`, `store_dir`, `value`, `sort_order` ) VALUES  ('116', '1', 'shop_closed', 'select', '0,1', '', '0', '1');
INSERT INTO `ecs_shop_config` ( `id`, `parent_id`, `code`, `type`, `store_range`, `store_dir`, `value`, `sort_order` ) VALUES  ('117', '1', 'close_comment', 'textarea', '', '', '', '1');
INSERT INTO `ecs_shop_config` ( `id`, `parent_id`, `code`, `type`, `store_range`, `store_dir`, `value`, `sort_order` ) VALUES  ('118', '1', 'shop_logo', 'file', '', '../themes/{$template}/images/', '', '1');
INSERT INTO `ecs_shop_config` ( `id`, `parent_id`, `code`, `type`, `store_range`, `store_dir`, `value`, `sort_order` ) VALUES  ('119', '1', 'licensed', 'select', '0,1', '', '1', '1');
INSERT INTO `ecs_shop_config` ( `id`, `parent_id`, `code`, `type`, `store_range`, `store_dir`, `value`, `sort_order` ) VALUES  ('120', '1', 'user_notice', 'textarea', '', '', '用户中心公告！', '1');
INSERT INTO `ecs_shop_config` ( `id`, `parent_id`, `code`, `type`, `store_range`, `store_dir`, `value`, `sort_order` ) VALUES  ('121', '1', 'shop_notice', 'textarea', '', '', '<MARQUEE scrollamount=\"2\">\r\n		我们目前已经为全国<b class=\"red\">29480</b>个楼盘的<b class=\"red\">97116</b>个户型提供了<b class=\"red\">280213</b>个方案，至今为<b class=\"red\">355277</b>名客户提供免费专享服务。</p>\r\n		</MARQUEE>', '1');
INSERT INTO `ecs_shop_config` ( `id`, `parent_id`, `code`, `type`, `store_range`, `store_dir`, `value`, `sort_order` ) VALUES  ('122', '1', 'shop_reg_closed', 'select', '1,0', '', '0', '1');
INSERT INTO `ecs_shop_config` ( `id`, `parent_id`, `code`, `type`, `store_range`, `store_dir`, `value`, `sort_order` ) VALUES  ('201', '2', 'lang', 'manual', '', '', 'zh_cn', '1');
INSERT INTO `ecs_shop_config` ( `id`, `parent_id`, `code`, `type`, `store_range`, `store_dir`, `value`, `sort_order` ) VALUES  ('202', '2', 'icp_number', 'text', '', '', '', '1');
INSERT INTO `ecs_shop_config` ( `id`, `parent_id`, `code`, `type`, `store_range`, `store_dir`, `value`, `sort_order` ) VALUES  ('203', '2', 'icp_file', 'file', '', '../cert/', '', '1');
INSERT INTO `ecs_shop_config` ( `id`, `parent_id`, `code`, `type`, `store_range`, `store_dir`, `value`, `sort_order` ) VALUES  ('204', '2', 'watermark', 'file', '', '../images/', '', '1');
INSERT INTO `ecs_shop_config` ( `id`, `parent_id`, `code`, `type`, `store_range`, `store_dir`, `value`, `sort_order` ) VALUES  ('205', '2', 'watermark_place', 'select', '0,1,2,3,4,5', '', '1', '1');
INSERT INTO `ecs_shop_config` ( `id`, `parent_id`, `code`, `type`, `store_range`, `store_dir`, `value`, `sort_order` ) VALUES  ('206', '2', 'watermark_alpha', 'text', '', '', '65', '1');
INSERT INTO `ecs_shop_config` ( `id`, `parent_id`, `code`, `type`, `store_range`, `store_dir`, `value`, `sort_order` ) VALUES  ('207', '2', 'use_storage', 'select', '1,0', '', '1', '1');
INSERT INTO `ecs_shop_config` ( `id`, `parent_id`, `code`, `type`, `store_range`, `store_dir`, `value`, `sort_order` ) VALUES  ('208', '2', 'market_price_rate', 'text', '', '', '1.2', '1');
INSERT INTO `ecs_shop_config` ( `id`, `parent_id`, `code`, `type`, `store_range`, `store_dir`, `value`, `sort_order` ) VALUES  ('209', '2', 'rewrite', 'select', '0,1,2', '', '0', '1');
INSERT INTO `ecs_shop_config` ( `id`, `parent_id`, `code`, `type`, `store_range`, `store_dir`, `value`, `sort_order` ) VALUES  ('210', '2', 'integral_name', 'text', '', '', '积分', '1');
INSERT INTO `ecs_shop_config` ( `id`, `parent_id`, `code`, `type`, `store_range`, `store_dir`, `value`, `sort_order` ) VALUES  ('211', '2', 'integral_scale', 'text', '', '', '1', '1');
INSERT INTO `ecs_shop_config` ( `id`, `parent_id`, `code`, `type`, `store_range`, `store_dir`, `value`, `sort_order` ) VALUES  ('212', '2', 'integral_percent', 'text', '', '', '1', '1');
INSERT INTO `ecs_shop_config` ( `id`, `parent_id`, `code`, `type`, `store_range`, `store_dir`, `value`, `sort_order` ) VALUES  ('213', '2', 'sn_prefix', 'text', '', '', 'ECS', '1');
INSERT INTO `ecs_shop_config` ( `id`, `parent_id`, `code`, `type`, `store_range`, `store_dir`, `value`, `sort_order` ) VALUES  ('214', '2', 'comment_check', 'select', '0,1', '', '1', '1');
INSERT INTO `ecs_shop_config` ( `id`, `parent_id`, `code`, `type`, `store_range`, `store_dir`, `value`, `sort_order` ) VALUES  ('215', '2', 'no_picture', 'file', '', '../images/', '', '1');
INSERT INTO `ecs_shop_config` ( `id`, `parent_id`, `code`, `type`, `store_range`, `store_dir`, `value`, `sort_order` ) VALUES  ('218', '2', 'stats_code', 'textarea', '', '', '', '1');
INSERT INTO `ecs_shop_config` ( `id`, `parent_id`, `code`, `type`, `store_range`, `store_dir`, `value`, `sort_order` ) VALUES  ('219', '2', 'cache_time', 'text', '', '', '3600', '1');
INSERT INTO `ecs_shop_config` ( `id`, `parent_id`, `code`, `type`, `store_range`, `store_dir`, `value`, `sort_order` ) VALUES  ('220', '2', 'register_points', 'text', '', '', '0', '1');
INSERT INTO `ecs_shop_config` ( `id`, `parent_id`, `code`, `type`, `store_range`, `store_dir`, `value`, `sort_order` ) VALUES  ('221', '2', 'enable_gzip', 'select', '0,1', '', '0', '1');
INSERT INTO `ecs_shop_config` ( `id`, `parent_id`, `code`, `type`, `store_range`, `store_dir`, `value`, `sort_order` ) VALUES  ('222', '2', 'top10_time', 'select', '0,1,2,3,4', '', '0', '1');
INSERT INTO `ecs_shop_config` ( `id`, `parent_id`, `code`, `type`, `store_range`, `store_dir`, `value`, `sort_order` ) VALUES  ('223', '2', 'timezone', 'options', '-12,-11,-10,-9,-8,-7,-6,-5,-4,-3.5,-3,-2,-1,0,1,2,3,3.5,4,4.5,5,5.5,5.75,6,6.5,7,8,9,9.5,10,11,12', '', '8', '1');
INSERT INTO `ecs_shop_config` ( `id`, `parent_id`, `code`, `type`, `store_range`, `store_dir`, `value`, `sort_order` ) VALUES  ('224', '2', 'upload_size_limit', 'options', '-1,0,64,128,256,512,1024,2048,4096', '', '64', '1');
INSERT INTO `ecs_shop_config` ( `id`, `parent_id`, `code`, `type`, `store_range`, `store_dir`, `value`, `sort_order` ) VALUES  ('226', '2', 'cron_method', 'select', '0,1', '', '0', '1');
INSERT INTO `ecs_shop_config` ( `id`, `parent_id`, `code`, `type`, `store_range`, `store_dir`, `value`, `sort_order` ) VALUES  ('227', '2', 'comment_factor', 'select', '0,1,2,3', '', '0', '1');
INSERT INTO `ecs_shop_config` ( `id`, `parent_id`, `code`, `type`, `store_range`, `store_dir`, `value`, `sort_order` ) VALUES  ('228', '2', 'enable_order_check', 'select', '0,1', '', '1', '1');
INSERT INTO `ecs_shop_config` ( `id`, `parent_id`, `code`, `type`, `store_range`, `store_dir`, `value`, `sort_order` ) VALUES  ('229', '2', 'default_storage', 'text', '', '', '1', '1');
INSERT INTO `ecs_shop_config` ( `id`, `parent_id`, `code`, `type`, `store_range`, `store_dir`, `value`, `sort_order` ) VALUES  ('230', '2', 'bgcolor', 'text', '', '', '#FFFFFF', '1');
INSERT INTO `ecs_shop_config` ( `id`, `parent_id`, `code`, `type`, `store_range`, `store_dir`, `value`, `sort_order` ) VALUES  ('231', '2', 'visit_stats', 'select', 'on,off', '', 'on', '1');
INSERT INTO `ecs_shop_config` ( `id`, `parent_id`, `code`, `type`, `store_range`, `store_dir`, `value`, `sort_order` ) VALUES  ('232', '2', 'send_mail_on', 'select', 'on,off', '', 'off', '1');
INSERT INTO `ecs_shop_config` ( `id`, `parent_id`, `code`, `type`, `store_range`, `store_dir`, `value`, `sort_order` ) VALUES  ('233', '2', 'auto_generate_gallery', 'select', '1,0', '', '1', '1');
INSERT INTO `ecs_shop_config` ( `id`, `parent_id`, `code`, `type`, `store_range`, `store_dir`, `value`, `sort_order` ) VALUES  ('234', '2', 'retain_original_img', 'select', '1,0', '', '1', '1');
INSERT INTO `ecs_shop_config` ( `id`, `parent_id`, `code`, `type`, `store_range`, `store_dir`, `value`, `sort_order` ) VALUES  ('235', '2', 'member_email_validate', 'select', '1,0', '', '1', '1');
INSERT INTO `ecs_shop_config` ( `id`, `parent_id`, `code`, `type`, `store_range`, `store_dir`, `value`, `sort_order` ) VALUES  ('236', '2', 'message_board', 'select', '1,0', '', '1', '1');
INSERT INTO `ecs_shop_config` ( `id`, `parent_id`, `code`, `type`, `store_range`, `store_dir`, `value`, `sort_order` ) VALUES  ('239', '2', 'certificate_id', 'hidden', '', '', '', '1');
INSERT INTO `ecs_shop_config` ( `id`, `parent_id`, `code`, `type`, `store_range`, `store_dir`, `value`, `sort_order` ) VALUES  ('240', '2', 'token', 'hidden', '', '', '', '1');
INSERT INTO `ecs_shop_config` ( `id`, `parent_id`, `code`, `type`, `store_range`, `store_dir`, `value`, `sort_order` ) VALUES  ('241', '2', 'certi', 'hidden', '', '', 'http://service.shopex.cn/openapi/api.php', '1');
INSERT INTO `ecs_shop_config` ( `id`, `parent_id`, `code`, `type`, `store_range`, `store_dir`, `value`, `sort_order` ) VALUES  ('242', '2', 'send_verify_email', 'select', '1,0', '', '0', '1');
INSERT INTO `ecs_shop_config` ( `id`, `parent_id`, `code`, `type`, `store_range`, `store_dir`, `value`, `sort_order` ) VALUES  ('243', '2', 'ent_id', 'hidden', '', '', '', '1');
INSERT INTO `ecs_shop_config` ( `id`, `parent_id`, `code`, `type`, `store_range`, `store_dir`, `value`, `sort_order` ) VALUES  ('244', '2', 'ent_ac', 'hidden', '', '', '', '1');
INSERT INTO `ecs_shop_config` ( `id`, `parent_id`, `code`, `type`, `store_range`, `store_dir`, `value`, `sort_order` ) VALUES  ('245', '2', 'ent_sign', 'hidden', '', '', '', '1');
INSERT INTO `ecs_shop_config` ( `id`, `parent_id`, `code`, `type`, `store_range`, `store_dir`, `value`, `sort_order` ) VALUES  ('246', '2', 'ent_email', 'hidden', '', '', '', '1');
INSERT INTO `ecs_shop_config` ( `id`, `parent_id`, `code`, `type`, `store_range`, `store_dir`, `value`, `sort_order` ) VALUES  ('301', '3', 'date_format', 'hidden', '', '', 'Y-m-d', '1');
INSERT INTO `ecs_shop_config` ( `id`, `parent_id`, `code`, `type`, `store_range`, `store_dir`, `value`, `sort_order` ) VALUES  ('302', '3', 'time_format', 'text', '', '', 'Y-m-d H:i:s', '1');
INSERT INTO `ecs_shop_config` ( `id`, `parent_id`, `code`, `type`, `store_range`, `store_dir`, `value`, `sort_order` ) VALUES  ('303', '3', 'currency_format', 'text', '', '', '￥%s元', '1');
INSERT INTO `ecs_shop_config` ( `id`, `parent_id`, `code`, `type`, `store_range`, `store_dir`, `value`, `sort_order` ) VALUES  ('304', '3', 'thumb_width', 'text', '', '', '225', '1');
INSERT INTO `ecs_shop_config` ( `id`, `parent_id`, `code`, `type`, `store_range`, `store_dir`, `value`, `sort_order` ) VALUES  ('305', '3', 'thumb_height', 'text', '', '', '225', '1');
INSERT INTO `ecs_shop_config` ( `id`, `parent_id`, `code`, `type`, `store_range`, `store_dir`, `value`, `sort_order` ) VALUES  ('306', '3', 'image_width', 'text', '', '', '350', '1');
INSERT INTO `ecs_shop_config` ( `id`, `parent_id`, `code`, `type`, `store_range`, `store_dir`, `value`, `sort_order` ) VALUES  ('307', '3', 'image_height', 'text', '', '', '350', '1');
INSERT INTO `ecs_shop_config` ( `id`, `parent_id`, `code`, `type`, `store_range`, `store_dir`, `value`, `sort_order` ) VALUES  ('312', '3', 'top_number', 'text', '', '', '6', '1');
INSERT INTO `ecs_shop_config` ( `id`, `parent_id`, `code`, `type`, `store_range`, `store_dir`, `value`, `sort_order` ) VALUES  ('313', '3', 'history_number', 'text', '', '', '5', '1');
INSERT INTO `ecs_shop_config` ( `id`, `parent_id`, `code`, `type`, `store_range`, `store_dir`, `value`, `sort_order` ) VALUES  ('314', '3', 'comments_number', 'text', '', '', '5', '1');
INSERT INTO `ecs_shop_config` ( `id`, `parent_id`, `code`, `type`, `store_range`, `store_dir`, `value`, `sort_order` ) VALUES  ('315', '3', 'bought_goods', 'text', '', '', '3', '1');
INSERT INTO `ecs_shop_config` ( `id`, `parent_id`, `code`, `type`, `store_range`, `store_dir`, `value`, `sort_order` ) VALUES  ('316', '3', 'article_number', 'text', '', '', '8', '1');
INSERT INTO `ecs_shop_config` ( `id`, `parent_id`, `code`, `type`, `store_range`, `store_dir`, `value`, `sort_order` ) VALUES  ('317', '3', 'goods_name_length', 'text', '', '', '30', '1');
INSERT INTO `ecs_shop_config` ( `id`, `parent_id`, `code`, `type`, `store_range`, `store_dir`, `value`, `sort_order` ) VALUES  ('318', '3', 'price_format', 'select', '0,1,2,3,4,5', '', '5', '1');
INSERT INTO `ecs_shop_config` ( `id`, `parent_id`, `code`, `type`, `store_range`, `store_dir`, `value`, `sort_order` ) VALUES  ('319', '3', 'page_size', 'text', '', '', '8', '1');
INSERT INTO `ecs_shop_config` ( `id`, `parent_id`, `code`, `type`, `store_range`, `store_dir`, `value`, `sort_order` ) VALUES  ('320', '3', 'sort_order_type', 'select', '0,1,2', '', '0', '1');
INSERT INTO `ecs_shop_config` ( `id`, `parent_id`, `code`, `type`, `store_range`, `store_dir`, `value`, `sort_order` ) VALUES  ('321', '3', 'sort_order_method', 'select', '0,1', '', '0', '1');
INSERT INTO `ecs_shop_config` ( `id`, `parent_id`, `code`, `type`, `store_range`, `store_dir`, `value`, `sort_order` ) VALUES  ('322', '3', 'show_order_type', 'select', '0,1,2', '', '1', '1');
INSERT INTO `ecs_shop_config` ( `id`, `parent_id`, `code`, `type`, `store_range`, `store_dir`, `value`, `sort_order` ) VALUES  ('323', '3', 'attr_related_number', 'text', '', '', '5', '1');
INSERT INTO `ecs_shop_config` ( `id`, `parent_id`, `code`, `type`, `store_range`, `store_dir`, `value`, `sort_order` ) VALUES  ('324', '3', 'goods_gallery_number', 'text', '', '', '7', '1');
INSERT INTO `ecs_shop_config` ( `id`, `parent_id`, `code`, `type`, `store_range`, `store_dir`, `value`, `sort_order` ) VALUES  ('325', '3', 'article_title_length', 'text', '', '', '20', '1');
INSERT INTO `ecs_shop_config` ( `id`, `parent_id`, `code`, `type`, `store_range`, `store_dir`, `value`, `sort_order` ) VALUES  ('326', '3', 'name_of_region_1', 'text', '', '', '国家', '1');
INSERT INTO `ecs_shop_config` ( `id`, `parent_id`, `code`, `type`, `store_range`, `store_dir`, `value`, `sort_order` ) VALUES  ('327', '3', 'name_of_region_2', 'text', '', '', '省', '1');
INSERT INTO `ecs_shop_config` ( `id`, `parent_id`, `code`, `type`, `store_range`, `store_dir`, `value`, `sort_order` ) VALUES  ('328', '3', 'name_of_region_3', 'text', '', '', '市', '1');
INSERT INTO `ecs_shop_config` ( `id`, `parent_id`, `code`, `type`, `store_range`, `store_dir`, `value`, `sort_order` ) VALUES  ('329', '3', 'name_of_region_4', 'text', '', '', '区', '1');
INSERT INTO `ecs_shop_config` ( `id`, `parent_id`, `code`, `type`, `store_range`, `store_dir`, `value`, `sort_order` ) VALUES  ('330', '3', 'search_keywords', 'text', '', '', '68ecshop,68ecshop官方论坛,68ecshop模板中心,68ecshop模板', '0');
INSERT INTO `ecs_shop_config` ( `id`, `parent_id`, `code`, `type`, `store_range`, `store_dir`, `value`, `sort_order` ) VALUES  ('332', '3', 'related_goods_number', 'text', '', '', '4', '1');
INSERT INTO `ecs_shop_config` ( `id`, `parent_id`, `code`, `type`, `store_range`, `store_dir`, `value`, `sort_order` ) VALUES  ('333', '3', 'help_open', 'select', '0,1', '', '1', '1');
INSERT INTO `ecs_shop_config` ( `id`, `parent_id`, `code`, `type`, `store_range`, `store_dir`, `value`, `sort_order` ) VALUES  ('334', '3', 'article_page_size', 'text', '', '', '10', '1');
INSERT INTO `ecs_shop_config` ( `id`, `parent_id`, `code`, `type`, `store_range`, `store_dir`, `value`, `sort_order` ) VALUES  ('335', '3', 'page_style', 'select', '0,1', '', '1', '1');
INSERT INTO `ecs_shop_config` ( `id`, `parent_id`, `code`, `type`, `store_range`, `store_dir`, `value`, `sort_order` ) VALUES  ('336', '3', 'recommend_order', 'select', '0,1', '', '0', '1');
INSERT INTO `ecs_shop_config` ( `id`, `parent_id`, `code`, `type`, `store_range`, `store_dir`, `value`, `sort_order` ) VALUES  ('337', '3', 'index_ad', 'hidden', '', '', 'sys', '1');
INSERT INTO `ecs_shop_config` ( `id`, `parent_id`, `code`, `type`, `store_range`, `store_dir`, `value`, `sort_order` ) VALUES  ('401', '4', 'can_invoice', 'select', '1,0', '', '1', '1');
INSERT INTO `ecs_shop_config` ( `id`, `parent_id`, `code`, `type`, `store_range`, `store_dir`, `value`, `sort_order` ) VALUES  ('402', '4', 'use_integral', 'select', '1,0', '', '1', '1');
INSERT INTO `ecs_shop_config` ( `id`, `parent_id`, `code`, `type`, `store_range`, `store_dir`, `value`, `sort_order` ) VALUES  ('403', '4', 'use_bonus', 'select', '1,0', '', '1', '1');
INSERT INTO `ecs_shop_config` ( `id`, `parent_id`, `code`, `type`, `store_range`, `store_dir`, `value`, `sort_order` ) VALUES  ('404', '4', 'use_surplus', 'select', '1,0', '', '1', '1');
INSERT INTO `ecs_shop_config` ( `id`, `parent_id`, `code`, `type`, `store_range`, `store_dir`, `value`, `sort_order` ) VALUES  ('405', '4', 'use_how_oos', 'select', '1,0', '', '1', '1');
INSERT INTO `ecs_shop_config` ( `id`, `parent_id`, `code`, `type`, `store_range`, `store_dir`, `value`, `sort_order` ) VALUES  ('406', '4', 'send_confirm_email', 'select', '1,0', '', '0', '1');
INSERT INTO `ecs_shop_config` ( `id`, `parent_id`, `code`, `type`, `store_range`, `store_dir`, `value`, `sort_order` ) VALUES  ('407', '4', 'send_ship_email', 'select', '1,0', '', '0', '1');
INSERT INTO `ecs_shop_config` ( `id`, `parent_id`, `code`, `type`, `store_range`, `store_dir`, `value`, `sort_order` ) VALUES  ('408', '4', 'send_cancel_email', 'select', '1,0', '', '0', '1');
INSERT INTO `ecs_shop_config` ( `id`, `parent_id`, `code`, `type`, `store_range`, `store_dir`, `value`, `sort_order` ) VALUES  ('409', '4', 'send_invalid_email', 'select', '1,0', '', '0', '1');
INSERT INTO `ecs_shop_config` ( `id`, `parent_id`, `code`, `type`, `store_range`, `store_dir`, `value`, `sort_order` ) VALUES  ('410', '4', 'order_pay_note', 'select', '1,0', '', '1', '1');
INSERT INTO `ecs_shop_config` ( `id`, `parent_id`, `code`, `type`, `store_range`, `store_dir`, `value`, `sort_order` ) VALUES  ('411', '4', 'order_unpay_note', 'select', '1,0', '', '1', '1');
INSERT INTO `ecs_shop_config` ( `id`, `parent_id`, `code`, `type`, `store_range`, `store_dir`, `value`, `sort_order` ) VALUES  ('412', '4', 'order_ship_note', 'select', '1,0', '', '1', '1');
INSERT INTO `ecs_shop_config` ( `id`, `parent_id`, `code`, `type`, `store_range`, `store_dir`, `value`, `sort_order` ) VALUES  ('413', '4', 'order_receive_note', 'select', '1,0', '', '1', '1');
INSERT INTO `ecs_shop_config` ( `id`, `parent_id`, `code`, `type`, `store_range`, `store_dir`, `value`, `sort_order` ) VALUES  ('414', '4', 'order_unship_note', 'select', '1,0', '', '1', '1');
INSERT INTO `ecs_shop_config` ( `id`, `parent_id`, `code`, `type`, `store_range`, `store_dir`, `value`, `sort_order` ) VALUES  ('415', '4', 'order_return_note', 'select', '1,0', '', '1', '1');
INSERT INTO `ecs_shop_config` ( `id`, `parent_id`, `code`, `type`, `store_range`, `store_dir`, `value`, `sort_order` ) VALUES  ('416', '4', 'order_invalid_note', 'select', '1,0', '', '1', '1');
INSERT INTO `ecs_shop_config` ( `id`, `parent_id`, `code`, `type`, `store_range`, `store_dir`, `value`, `sort_order` ) VALUES  ('417', '4', 'order_cancel_note', 'select', '1,0', '', '1', '1');
INSERT INTO `ecs_shop_config` ( `id`, `parent_id`, `code`, `type`, `store_range`, `store_dir`, `value`, `sort_order` ) VALUES  ('418', '4', 'invoice_content', 'textarea', '', '', '', '1');
INSERT INTO `ecs_shop_config` ( `id`, `parent_id`, `code`, `type`, `store_range`, `store_dir`, `value`, `sort_order` ) VALUES  ('419', '4', 'anonymous_buy', 'select', '1,0', '', '1', '1');
INSERT INTO `ecs_shop_config` ( `id`, `parent_id`, `code`, `type`, `store_range`, `store_dir`, `value`, `sort_order` ) VALUES  ('420', '4', 'min_goods_amount', 'text', '', '', '0', '1');
INSERT INTO `ecs_shop_config` ( `id`, `parent_id`, `code`, `type`, `store_range`, `store_dir`, `value`, `sort_order` ) VALUES  ('421', '4', 'one_step_buy', 'select', '1,0', '', '0', '1');
INSERT INTO `ecs_shop_config` ( `id`, `parent_id`, `code`, `type`, `store_range`, `store_dir`, `value`, `sort_order` ) VALUES  ('422', '4', 'invoice_type', 'manual', '', '', 'a:2:{s:4:\"type\";a:3:{i:0;s:1:\"1\";i:1;s:1:\"2\";i:2;s:0:\"\";}s:4:\"rate\";a:3:{i:0;d:1;i:1;d:1.5;i:2;d:0;}}', '1');
INSERT INTO `ecs_shop_config` ( `id`, `parent_id`, `code`, `type`, `store_range`, `store_dir`, `value`, `sort_order` ) VALUES  ('423', '4', 'stock_dec_time', 'select', '1,0', '', '0', '1');
INSERT INTO `ecs_shop_config` ( `id`, `parent_id`, `code`, `type`, `store_range`, `store_dir`, `value`, `sort_order` ) VALUES  ('424', '4', 'cart_confirm', 'options', '1,2,3,4', '', '3', '0');
INSERT INTO `ecs_shop_config` ( `id`, `parent_id`, `code`, `type`, `store_range`, `store_dir`, `value`, `sort_order` ) VALUES  ('425', '4', 'send_service_email', 'select', '1,0', '', '0', '1');
INSERT INTO `ecs_shop_config` ( `id`, `parent_id`, `code`, `type`, `store_range`, `store_dir`, `value`, `sort_order` ) VALUES  ('426', '4', 'show_goods_in_cart', 'select', '1,2,3', '', '3', '1');
INSERT INTO `ecs_shop_config` ( `id`, `parent_id`, `code`, `type`, `store_range`, `store_dir`, `value`, `sort_order` ) VALUES  ('427', '4', 'show_attr_in_cart', 'select', '1,0', '', '1', '1');
INSERT INTO `ecs_shop_config` ( `id`, `parent_id`, `code`, `type`, `store_range`, `store_dir`, `value`, `sort_order` ) VALUES  ('501', '5', 'smtp_host', 'text', '', '', 'localhost', '1');
INSERT INTO `ecs_shop_config` ( `id`, `parent_id`, `code`, `type`, `store_range`, `store_dir`, `value`, `sort_order` ) VALUES  ('502', '5', 'smtp_port', 'text', '', '', '25', '1');
INSERT INTO `ecs_shop_config` ( `id`, `parent_id`, `code`, `type`, `store_range`, `store_dir`, `value`, `sort_order` ) VALUES  ('503', '5', 'smtp_user', 'text', '', '', '', '1');
INSERT INTO `ecs_shop_config` ( `id`, `parent_id`, `code`, `type`, `store_range`, `store_dir`, `value`, `sort_order` ) VALUES  ('504', '5', 'smtp_pass', 'password', '', '', '', '1');
INSERT INTO `ecs_shop_config` ( `id`, `parent_id`, `code`, `type`, `store_range`, `store_dir`, `value`, `sort_order` ) VALUES  ('505', '5', 'smtp_mail', 'text', '', '', '', '1');
INSERT INTO `ecs_shop_config` ( `id`, `parent_id`, `code`, `type`, `store_range`, `store_dir`, `value`, `sort_order` ) VALUES  ('506', '5', 'mail_charset', 'select', 'UTF8,GB2312,BIG5', '', 'UTF8', '1');
INSERT INTO `ecs_shop_config` ( `id`, `parent_id`, `code`, `type`, `store_range`, `store_dir`, `value`, `sort_order` ) VALUES  ('507', '5', 'mail_service', 'select', '0,1', '', '0', '0');
INSERT INTO `ecs_shop_config` ( `id`, `parent_id`, `code`, `type`, `store_range`, `store_dir`, `value`, `sort_order` ) VALUES  ('508', '5', 'smtp_ssl', 'select', '0,1', '', '0', '0');
INSERT INTO `ecs_shop_config` ( `id`, `parent_id`, `code`, `type`, `store_range`, `store_dir`, `value`, `sort_order` ) VALUES  ('601', '6', 'integrate_code', 'hidden', '', '', 'ecshop', '1');
INSERT INTO `ecs_shop_config` ( `id`, `parent_id`, `code`, `type`, `store_range`, `store_dir`, `value`, `sort_order` ) VALUES  ('602', '6', 'integrate_config', 'hidden', '', '', '', '1');
INSERT INTO `ecs_shop_config` ( `id`, `parent_id`, `code`, `type`, `store_range`, `store_dir`, `value`, `sort_order` ) VALUES  ('603', '6', 'hash_code', 'hidden', '', '', 'f86f208625cf610e5bb09e6862bec9df', '1');
INSERT INTO `ecs_shop_config` ( `id`, `parent_id`, `code`, `type`, `store_range`, `store_dir`, `value`, `sort_order` ) VALUES  ('604', '6', 'template', 'hidden', '', '', '68ecshop_xinjuwang', '1');
INSERT INTO `ecs_shop_config` ( `id`, `parent_id`, `code`, `type`, `store_range`, `store_dir`, `value`, `sort_order` ) VALUES  ('605', '6', 'install_date', 'hidden', '', '', '1380088048', '1');
INSERT INTO `ecs_shop_config` ( `id`, `parent_id`, `code`, `type`, `store_range`, `store_dir`, `value`, `sort_order` ) VALUES  ('606', '6', 'ecs_version', 'hidden', '', '', 'v2.7.3', '1');
INSERT INTO `ecs_shop_config` ( `id`, `parent_id`, `code`, `type`, `store_range`, `store_dir`, `value`, `sort_order` ) VALUES  ('607', '6', 'sms_user_name', 'hidden', '', '', '', '1');
INSERT INTO `ecs_shop_config` ( `id`, `parent_id`, `code`, `type`, `store_range`, `store_dir`, `value`, `sort_order` ) VALUES  ('608', '6', 'sms_password', 'hidden', '', '', '', '1');
INSERT INTO `ecs_shop_config` ( `id`, `parent_id`, `code`, `type`, `store_range`, `store_dir`, `value`, `sort_order` ) VALUES  ('609', '6', 'sms_auth_str', 'hidden', '', '', '', '1');
INSERT INTO `ecs_shop_config` ( `id`, `parent_id`, `code`, `type`, `store_range`, `store_dir`, `value`, `sort_order` ) VALUES  ('610', '6', 'sms_domain', 'hidden', '', '', '', '1');
INSERT INTO `ecs_shop_config` ( `id`, `parent_id`, `code`, `type`, `store_range`, `store_dir`, `value`, `sort_order` ) VALUES  ('611', '6', 'sms_count', 'hidden', '', '', '', '1');
INSERT INTO `ecs_shop_config` ( `id`, `parent_id`, `code`, `type`, `store_range`, `store_dir`, `value`, `sort_order` ) VALUES  ('612', '6', 'sms_total_money', 'hidden', '', '', '', '1');
INSERT INTO `ecs_shop_config` ( `id`, `parent_id`, `code`, `type`, `store_range`, `store_dir`, `value`, `sort_order` ) VALUES  ('613', '6', 'sms_balance', 'hidden', '', '', '', '1');
INSERT INTO `ecs_shop_config` ( `id`, `parent_id`, `code`, `type`, `store_range`, `store_dir`, `value`, `sort_order` ) VALUES  ('614', '6', 'sms_last_request', 'hidden', '', '', '', '1');
INSERT INTO `ecs_shop_config` ( `id`, `parent_id`, `code`, `type`, `store_range`, `store_dir`, `value`, `sort_order` ) VALUES  ('616', '6', 'affiliate', 'hidden', '', '', 'a:3:{s:6:\"config\";a:7:{s:6:\"expire\";d:24;s:11:\"expire_unit\";s:4:\"hour\";s:11:\"separate_by\";i:0;s:15:\"level_point_all\";s:2:\"5%\";s:15:\"level_money_all\";s:2:\"1%\";s:18:\"level_register_all\";i:2;s:17:\"level_register_up\";i:60;}s:4:\"item\";a:4:{i:0;a:2:{s:11:\"level_point\";s:3:\"60%\";s:11:\"level_money\";s:3:\"60%\";}i:1;a:2:{s:11:\"level_point\";s:3:\"30%\";s:11:\"level_money\";s:3:\"30%\";}i:2;a:2:{s:11:\"level_point\";s:2:\"7%\";s:11:\"level_money\";s:2:\"7%\";}i:3;a:2:{s:11:\"level_point\";s:2:\"3%\";s:11:\"level_money\";s:2:\"3%\";}}s:2:\"on\";i:1;}', '1');
INSERT INTO `ecs_shop_config` ( `id`, `parent_id`, `code`, `type`, `store_range`, `store_dir`, `value`, `sort_order` ) VALUES  ('617', '6', 'captcha', 'hidden', '', '', '39', '1');
INSERT INTO `ecs_shop_config` ( `id`, `parent_id`, `code`, `type`, `store_range`, `store_dir`, `value`, `sort_order` ) VALUES  ('618', '6', 'captcha_width', 'hidden', '', '', '100', '1');
INSERT INTO `ecs_shop_config` ( `id`, `parent_id`, `code`, `type`, `store_range`, `store_dir`, `value`, `sort_order` ) VALUES  ('619', '6', 'captcha_height', 'hidden', '', '', '35', '1');
INSERT INTO `ecs_shop_config` ( `id`, `parent_id`, `code`, `type`, `store_range`, `store_dir`, `value`, `sort_order` ) VALUES  ('620', '6', 'sitemap', 'hidden', '', '', 'a:6:{s:19:\"homepage_changefreq\";s:6:\"hourly\";s:17:\"homepage_priority\";s:3:\"0.9\";s:19:\"category_changefreq\";s:6:\"hourly\";s:17:\"category_priority\";s:3:\"0.8\";s:18:\"content_changefreq\";s:6:\"weekly\";s:16:\"content_priority\";s:3:\"0.7\";}', '0');
INSERT INTO `ecs_shop_config` ( `id`, `parent_id`, `code`, `type`, `store_range`, `store_dir`, `value`, `sort_order` ) VALUES  ('621', '6', 'points_rule', 'hidden', '', '', '', '0');
INSERT INTO `ecs_shop_config` ( `id`, `parent_id`, `code`, `type`, `store_range`, `store_dir`, `value`, `sort_order` ) VALUES  ('622', '6', 'flash_theme', 'hidden', '', '', 'pinkfocus', '1');
INSERT INTO `ecs_shop_config` ( `id`, `parent_id`, `code`, `type`, `store_range`, `store_dir`, `value`, `sort_order` ) VALUES  ('623', '6', 'stylename', 'hidden', '', '', '', '1');
INSERT INTO `ecs_shop_config` ( `id`, `parent_id`, `code`, `type`, `store_range`, `store_dir`, `value`, `sort_order` ) VALUES  ('701', '7', 'show_goodssn', 'select', '1,0', '', '0', '1');
INSERT INTO `ecs_shop_config` ( `id`, `parent_id`, `code`, `type`, `store_range`, `store_dir`, `value`, `sort_order` ) VALUES  ('702', '7', 'show_brand', 'select', '1,0', '', '0', '1');
INSERT INTO `ecs_shop_config` ( `id`, `parent_id`, `code`, `type`, `store_range`, `store_dir`, `value`, `sort_order` ) VALUES  ('703', '7', 'show_goodsweight', 'select', '1,0', '', '0', '1');
INSERT INTO `ecs_shop_config` ( `id`, `parent_id`, `code`, `type`, `store_range`, `store_dir`, `value`, `sort_order` ) VALUES  ('704', '7', 'show_goodsnumber', 'select', '1,0', '', '0', '1');
INSERT INTO `ecs_shop_config` ( `id`, `parent_id`, `code`, `type`, `store_range`, `store_dir`, `value`, `sort_order` ) VALUES  ('705', '7', 'show_addtime', 'select', '1,0', '', '0', '1');
INSERT INTO `ecs_shop_config` ( `id`, `parent_id`, `code`, `type`, `store_range`, `store_dir`, `value`, `sort_order` ) VALUES  ('706', '7', 'goodsattr_style', 'select', '1,0', '', '1', '1');
INSERT INTO `ecs_shop_config` ( `id`, `parent_id`, `code`, `type`, `store_range`, `store_dir`, `value`, `sort_order` ) VALUES  ('707', '7', 'show_marketprice', 'select', '1,0', '', '1', '1');
INSERT INTO `ecs_shop_config` ( `id`, `parent_id`, `code`, `type`, `store_range`, `store_dir`, `value`, `sort_order` ) VALUES  ('801', '8', 'sms_shop_mobile', 'text', '', '', '', '1');
INSERT INTO `ecs_shop_config` ( `id`, `parent_id`, `code`, `type`, `store_range`, `store_dir`, `value`, `sort_order` ) VALUES  ('802', '8', 'sms_order_placed', 'select', '1,0', '', '0', '1');
INSERT INTO `ecs_shop_config` ( `id`, `parent_id`, `code`, `type`, `store_range`, `store_dir`, `value`, `sort_order` ) VALUES  ('803', '8', 'sms_order_payed', 'select', '1,0', '', '0', '1');
INSERT INTO `ecs_shop_config` ( `id`, `parent_id`, `code`, `type`, `store_range`, `store_dir`, `value`, `sort_order` ) VALUES  ('804', '8', 'sms_order_shipped', 'select', '1,0', '', '0', '1');
INSERT INTO `ecs_shop_config` ( `id`, `parent_id`, `code`, `type`, `store_range`, `store_dir`, `value`, `sort_order` ) VALUES  ('901', '9', 'wap_config', 'select', '1,0', '', '0', '1');
INSERT INTO `ecs_shop_config` ( `id`, `parent_id`, `code`, `type`, `store_range`, `store_dir`, `value`, `sort_order` ) VALUES  ('902', '9', 'wap_logo', 'file', '', '../images/', '', '1');
INSERT INTO `ecs_shop_config` ( `id`, `parent_id`, `code`, `type`, `store_range`, `store_dir`, `value`, `sort_order` ) VALUES  ('903', '2', 'message_check', 'select', '1,0', '', '1', '1');
DROP TABLE IF EXISTS `ecs_suppliers`;
CREATE TABLE `ecs_suppliers` (
  `suppliers_id` smallint(5) unsigned NOT NULL auto_increment,
  `suppliers_name` varchar(255) default NULL,
  `suppliers_desc` mediumtext,
  `is_check` tinyint(1) unsigned NOT NULL default '1',
  PRIMARY KEY  (`suppliers_id`)
) ENGINE=MyISAM DEFAULT CHARSET=utf8;
INSERT INTO `ecs_suppliers` ( `suppliers_id`, `suppliers_name`, `suppliers_desc`, `is_check` ) VALUES  ('1', '北京供货商', '北京供货商', '1');
INSERT INTO `ecs_suppliers` ( `suppliers_id`, `suppliers_name`, `suppliers_desc`, `is_check` ) VALUES  ('2', '上海供货商', '上海供货商', '1');
DROP TABLE IF EXISTS `ecs_tag`;
CREATE TABLE `ecs_tag` (
  `tag_id` mediumint(8) NOT NULL auto_increment,
  `user_id` mediumint(8) unsigned NOT NULL default '0',
  `goods_id` mediumint(8) unsigned NOT NULL default '0',
  `tag_words` varchar(255) NOT NULL default '',
  PRIMARY KEY  (`tag_id`),
  KEY `user_id` (`user_id`),
  KEY `goods_id` (`goods_id`)
) ENGINE=MyISAM DEFAULT CHARSET=utf8;
INSERT INTO `ecs_tag` ( `tag_id`, `user_id`, `goods_id`, `tag_words` ) VALUES  ('1', '0', '13', '音乐手机');
INSERT INTO `ecs_tag` ( `tag_id`, `user_id`, `goods_id`, `tag_words` ) VALUES  ('2', '0', '14', '音乐手机');
INSERT INTO `ecs_tag` ( `tag_id`, `user_id`, `goods_id`, `tag_words` ) VALUES  ('3', '0', '23', '音乐手机');
INSERT INTO `ecs_tag` ( `tag_id`, `user_id`, `goods_id`, `tag_words` ) VALUES  ('4', '0', '23', '智能手机');
INSERT INTO `ecs_tag` ( `tag_id`, `user_id`, `goods_id`, `tag_words` ) VALUES  ('5', '0', '14', '智能手机');
INSERT INTO `ecs_tag` ( `tag_id`, `user_id`, `goods_id`, `tag_words` ) VALUES  ('6', '0', '22', '智能手机');
INSERT INTO `ecs_tag` ( `tag_id`, `user_id`, `goods_id`, `tag_words` ) VALUES  ('7', '0', '31', '音乐手机');
DROP TABLE IF EXISTS `ecs_template`;
CREATE TABLE `ecs_template` (
  `filename` varchar(30) NOT NULL default '',
  `region` varchar(40) NOT NULL default '',
  `library` varchar(40) NOT NULL default '',
  `sort_order` tinyint(1) unsigned NOT NULL default '0',
  `id` smallint(5) unsigned NOT NULL default '0',
  `number` tinyint(1) unsigned NOT NULL default '5',
  `type` tinyint(1) unsigned NOT NULL default '0',
  `theme` varchar(60) NOT NULL default '',
  `remarks` varchar(30) NOT NULL default '',
  KEY `filename` (`filename`,`region`),
  KEY `theme` (`theme`),
  KEY `remarks` (`remarks`)
) ENGINE=MyISAM DEFAULT CHARSET=utf8;
INSERT INTO `ecs_template` ( `filename`, `region`, `library`, `sort_order`, `id`, `number`, `type`, `theme`, `remarks` ) VALUES  ('index', '左边区域', '/library/vote_list.lbi', '8', '0', '0', '0', 'default', '');
INSERT INTO `ecs_template` ( `filename`, `region`, `library`, `sort_order`, `id`, `number`, `type`, `theme`, `remarks` ) VALUES  ('index', '左边区域', '/library/email_list.lbi', '9', '0', '0', '0', 'default', '');
INSERT INTO `ecs_template` ( `filename`, `region`, `library`, `sort_order`, `id`, `number`, `type`, `theme`, `remarks` ) VALUES  ('index', '左边区域', '/library/order_query.lbi', '6', '0', '0', '0', 'default', '');
INSERT INTO `ecs_template` ( `filename`, `region`, `library`, `sort_order`, `id`, `number`, `type`, `theme`, `remarks` ) VALUES  ('index', '左边区域', '/library/cart.lbi', '0', '0', '0', '0', 'default', '');
INSERT INTO `ecs_template` ( `filename`, `region`, `library`, `sort_order`, `id`, `number`, `type`, `theme`, `remarks` ) VALUES  ('index', '左边区域', '/library/promotion_info.lbi', '3', '0', '0', '0', 'default', '');
INSERT INTO `ecs_template` ( `filename`, `region`, `library`, `sort_order`, `id`, `number`, `type`, `theme`, `remarks` ) VALUES  ('index', '左边区域', '/library/auction.lbi', '4', '0', '3', '0', 'default', '');
INSERT INTO `ecs_template` ( `filename`, `region`, `library`, `sort_order`, `id`, `number`, `type`, `theme`, `remarks` ) VALUES  ('index', '左边区域', '/library/group_buy.lbi', '5', '0', '3', '0', 'default', '');
INSERT INTO `ecs_template` ( `filename`, `region`, `library`, `sort_order`, `id`, `number`, `type`, `theme`, `remarks` ) VALUES  ('index', '', '/library/recommend_promotion.lbi', '0', '0', '4', '0', 'default', '');
INSERT INTO `ecs_template` ( `filename`, `region`, `library`, `sort_order`, `id`, `number`, `type`, `theme`, `remarks` ) VALUES  ('index', '右边主区域', '/library/recommend_hot.lbi', '2', '0', '10', '0', 'default', '');
INSERT INTO `ecs_template` ( `filename`, `region`, `library`, `sort_order`, `id`, `number`, `type`, `theme`, `remarks` ) VALUES  ('index', '右边主区域', '/library/recommend_new.lbi', '1', '0', '10', '0', 'default', '');
INSERT INTO `ecs_template` ( `filename`, `region`, `library`, `sort_order`, `id`, `number`, `type`, `theme`, `remarks` ) VALUES  ('index', '右边主区域', '/library/recommend_best.lbi', '0', '0', '10', '0', 'default', '');
INSERT INTO `ecs_template` ( `filename`, `region`, `library`, `sort_order`, `id`, `number`, `type`, `theme`, `remarks` ) VALUES  ('index', '左边区域', '/library/invoice_query.lbi', '7', '0', '0', '0', 'default', '');
INSERT INTO `ecs_template` ( `filename`, `region`, `library`, `sort_order`, `id`, `number`, `type`, `theme`, `remarks` ) VALUES  ('index', '左边区域', '/library/top10.lbi', '2', '0', '0', '0', 'default', '');
INSERT INTO `ecs_template` ( `filename`, `region`, `library`, `sort_order`, `id`, `number`, `type`, `theme`, `remarks` ) VALUES  ('index', '左边区域', '/library/category_tree.lbi', '1', '0', '0', '0', 'default', '');
INSERT INTO `ecs_template` ( `filename`, `region`, `library`, `sort_order`, `id`, `number`, `type`, `theme`, `remarks` ) VALUES  ('index', '', '/library/brands.lbi', '0', '0', '11', '0', 'default', '');
INSERT INTO `ecs_template` ( `filename`, `region`, `library`, `sort_order`, `id`, `number`, `type`, `theme`, `remarks` ) VALUES  ('category', '左边区域', '/library/category_tree.lbi', '1', '0', '0', '0', 'default', '');
INSERT INTO `ecs_template` ( `filename`, `region`, `library`, `sort_order`, `id`, `number`, `type`, `theme`, `remarks` ) VALUES  ('category', '右边区域', '/library/recommend_best.lbi', '0', '0', '5', '0', 'default', '');
INSERT INTO `ecs_template` ( `filename`, `region`, `library`, `sort_order`, `id`, `number`, `type`, `theme`, `remarks` ) VALUES  ('category', '右边区域', '/library/goods_list.lbi', '1', '0', '0', '0', 'default', '');
INSERT INTO `ecs_template` ( `filename`, `region`, `library`, `sort_order`, `id`, `number`, `type`, `theme`, `remarks` ) VALUES  ('category', '右边区域', '/library/pages.lbi', '2', '0', '0', '0', 'default', '');
INSERT INTO `ecs_template` ( `filename`, `region`, `library`, `sort_order`, `id`, `number`, `type`, `theme`, `remarks` ) VALUES  ('category', '左边区域', '/library/cart.lbi', '0', '0', '0', '0', 'default', '');
INSERT INTO `ecs_template` ( `filename`, `region`, `library`, `sort_order`, `id`, `number`, `type`, `theme`, `remarks` ) VALUES  ('category', '左边区域', '/library/price_grade.lbi', '3', '0', '0', '0', 'default', '');
INSERT INTO `ecs_template` ( `filename`, `region`, `library`, `sort_order`, `id`, `number`, `type`, `theme`, `remarks` ) VALUES  ('category', '左边区域', '/library/filter_attr.lbi', '2', '0', '0', '0', 'default', '');
INSERT INTO `ecs_template` ( `filename`, `region`, `library`, `sort_order`, `id`, `number`, `type`, `theme`, `remarks` ) VALUES  ('index', '首页公告下广告', '/library/ad_position.lbi', '0', '4', '1', '4', '68ecshop_xinjuwang', '');
INSERT INTO `ecs_template` ( `filename`, `region`, `library`, `sort_order`, `id`, `number`, `type`, `theme`, `remarks` ) VALUES  ('index', '商店公告', '/library/cat_articles.lbi', '0', '12', '5', '3', '68ecshop_xinjuwang', '');
INSERT INTO `ecs_template` ( `filename`, `region`, `library`, `sort_order`, `id`, `number`, `type`, `theme`, `remarks` ) VALUES  ('index', '商品分类2', '/library/cat_goods.lbi', '0', '1', '10', '1', '68ecshop_xinjuwang', '');
INSERT INTO `ecs_template` ( `filename`, `region`, `library`, `sort_order`, `id`, `number`, `type`, `theme`, `remarks` ) VALUES  ('index', '商品分类1', '/library/cat_goods.lbi', '0', '3', '10', '1', '68ecshop_xinjuwang', '');
INSERT INTO `ecs_template` ( `filename`, `region`, `library`, `sort_order`, `id`, `number`, `type`, `theme`, `remarks` ) VALUES  ('index', '', '/library/brands.lbi', '0', '0', '6', '0', '68ecshop_xinjuwang', '');
INSERT INTO `ecs_template` ( `filename`, `region`, `library`, `sort_order`, `id`, `number`, `type`, `theme`, `remarks` ) VALUES  ('index', '', '/library/auction.lbi', '0', '0', '5', '0', '68ecshop_xinjuwang', '');
INSERT INTO `ecs_template` ( `filename`, `region`, `library`, `sort_order`, `id`, `number`, `type`, `theme`, `remarks` ) VALUES  ('index', '', '/library/group_buy.lbi', '0', '0', '5', '0', '68ecshop_xinjuwang', '');
INSERT INTO `ecs_template` ( `filename`, `region`, `library`, `sort_order`, `id`, `number`, `type`, `theme`, `remarks` ) VALUES  ('index', '', '/library/recommend_promotion.lbi', '0', '0', '4', '0', '68ecshop_xinjuwang', '');
INSERT INTO `ecs_template` ( `filename`, `region`, `library`, `sort_order`, `id`, `number`, `type`, `theme`, `remarks` ) VALUES  ('index', '', '/library/recommend_hot.lbi', '0', '0', '5', '0', '68ecshop_xinjuwang', '');
INSERT INTO `ecs_template` ( `filename`, `region`, `library`, `sort_order`, `id`, `number`, `type`, `theme`, `remarks` ) VALUES  ('index', '', '/library/recommend_new.lbi', '0', '0', '5', '0', '68ecshop_xinjuwang', '');
INSERT INTO `ecs_template` ( `filename`, `region`, `library`, `sort_order`, `id`, `number`, `type`, `theme`, `remarks` ) VALUES  ('index', '', '/library/recommend_best.lbi', '0', '0', '5', '0', '68ecshop_xinjuwang', '');
DROP TABLE IF EXISTS `ecs_topic`;
CREATE TABLE `ecs_topic` (
  `topic_id` int(10) unsigned NOT NULL auto_increment,
  `title` varchar(255) NOT NULL default '''''',
  `intro` text NOT NULL,
  `start_time` int(11) NOT NULL default '0',
  `end_time` int(10) NOT NULL default '0',
  `data` text NOT NULL,
  `template` varchar(255) NOT NULL default '''''',
  `css` text NOT NULL,
  `topic_img` varchar(255) default NULL,
  `title_pic` varchar(255) default NULL,
  `base_style` char(6) default NULL,
  `htmls` mediumtext,
  `keywords` varchar(255) default NULL,
  `description` varchar(255) default NULL,
  KEY `topic_id` (`topic_id`)
) ENGINE=MyISAM DEFAULT CHARSET=utf8;
INSERT INTO `ecs_topic` ( `topic_id`, `title`, `intro`, `start_time`, `end_time`, `data`, `template`, `css`, `topic_img`, `title_pic`, `base_style`, `htmls`, `keywords`, `description` ) VALUES  ('1', '夏新优惠大酬宾', '<p>夏新产品优惠开始了</p>', '1241107200', '1496332800', 'O:8:\"stdClass\":1:{s:7:\"default\";a:17:{i:0;s:11:\"夏新N7|17\";i:1;s:44:\"ECSHOP模板中心68ecshop.com测试商品|1\";i:2;s:44:\"ECSHOP模板中心68ecshop.com测试商品|8\";i:3;s:44:\"ECSHOP模板中心68ecshop.com测试商品|9\";i:4;s:45:\"ECSHOP模板中心68ecshop.com测试商品|10\";i:5;s:45:\"ECSHOP模板中心68ecshop.com测试商品|12\";i:6;s:45:\"ECSHOP模板中心68ecshop.com测试商品|13\";i:7;s:45:\"ECSHOP模板中心68ecshop.com测试商品|14\";i:8;s:45:\"ECSHOP模板中心68ecshop.com测试商品|16\";i:9;s:45:\"ECSHOP模板中心68ecshop.com测试商品|17\";i:10;s:45:\"ECSHOP模板中心68ecshop.com测试商品|20\";i:11;s:45:\"ECSHOP模板中心68ecshop.com测试商品|21\";i:12;s:45:\"ECSHOP模板中心68ecshop.com测试商品|22\";i:13;s:45:\"ECSHOP模板中心68ecshop.com测试商品|23\";i:14;s:45:\"ECSHOP模板中心68ecshop.com测试商品|24\";i:15;s:45:\"ECSHOP模板中心68ecshop.com测试商品|31\";i:16;s:45:\"ECSHOP模板中心68ecshop.com测试商品|32\";}}', '', '', '', '', '', '', '', '');
DROP TABLE IF EXISTS `ecs_user_feed`;
CREATE TABLE `ecs_user_feed` (
  `feed_id` mediumint(8) unsigned NOT NULL auto_increment,
  `user_id` mediumint(8) unsigned NOT NULL default '0',
  `value_id` mediumint(8) unsigned NOT NULL default '0',
  `goods_id` mediumint(8) unsigned NOT NULL default '0',
  `feed_type` tinyint(1) unsigned NOT NULL default '0',
  `is_feed` tinyint(1) unsigned NOT NULL default '0',
  PRIMARY KEY  (`feed_id`)
) ENGINE=MyISAM DEFAULT CHARSET=utf8;
DROP TABLE IF EXISTS `ecs_virtual_card`;
CREATE TABLE `ecs_virtual_card` (
  `card_id` mediumint(8) NOT NULL auto_increment,
  `goods_id` mediumint(8) unsigned NOT NULL default '0',
  `card_sn` varchar(60) NOT NULL default '',
  `card_password` varchar(60) NOT NULL default '',
  `add_date` int(11) NOT NULL default '0',
  `end_date` int(11) NOT NULL default '0',
  `is_saled` tinyint(1) NOT NULL default '0',
  `order_sn` varchar(20) NOT NULL default '',
  `crc32` varchar(12) NOT NULL default '0',
  PRIMARY KEY  (`card_id`),
  KEY `goods_id` (`goods_id`),
  KEY `car_sn` (`card_sn`),
  KEY `is_saled` (`is_saled`)
) ENGINE=MyISAM DEFAULT CHARSET=utf8;
INSERT INTO `ecs_virtual_card` ( `card_id`, `goods_id`, `card_sn`, `card_password`, `add_date`, `end_date`, `is_saled`, `order_sn`, `crc32` ) VALUES  ('1', '25', 'RVlYQhFY', 'RVlYQhFYQg', '1241972716', '1273449600', '0', '', '-1958172277');
INSERT INTO `ecs_virtual_card` ( `card_id`, `goods_id`, `card_sn`, `card_password`, `add_date`, `end_date`, `is_saled`, `order_sn`, `crc32` ) VALUES  ('2', '25', 'RVlYQhFYQhFQEg', 'RVlYQhFYQhFQEg', '1241972726', '1273449600', '0', '', '-1958172277');
INSERT INTO `ecs_virtual_card` ( `card_id`, `goods_id`, `card_sn`, `card_password`, `add_date`, `end_date`, `is_saled`, `order_sn`, `crc32` ) VALUES  ('3', '26', 'RVlYQhFYQg', 'RVlYQhFYQg', '1241972801', '1273449600', '0', '', '-1958172277');
INSERT INTO `ecs_virtual_card` ( `card_id`, `goods_id`, `card_sn`, `card_password`, `add_date`, `end_date`, `is_saled`, `order_sn`, `crc32` ) VALUES  ('4', '26', 'RVlYQhFYQhFQEVo', 'RVlYQhFYQhFQEVo', '1241972811', '1273449600', '0', '', '-1958172277');
INSERT INTO `ecs_virtual_card` ( `card_id`, `goods_id`, `card_sn`, `card_password`, `add_date`, `end_date`, `is_saled`, `order_sn`, `crc32` ) VALUES  ('5', '27', 'RlpbQRI', 'RlpbQRJbQQ', '1241972903', '1273449600', '0', '', '-1958172277');
INSERT INTO `ecs_virtual_card` ( `card_id`, `goods_id`, `card_sn`, `card_password`, `add_date`, `end_date`, `is_saled`, `order_sn`, `crc32` ) VALUES  ('6', '27', 'RlpbQRJbQg', 'RVpbQBJaQRE', '1241972911', '1273449600', '0', '', '-1958172277');
INSERT INTO `ecs_virtual_card` ( `card_id`, `goods_id`, `card_sn`, `card_password`, `add_date`, `end_date`, `is_saled`, `order_sn`, `crc32` ) VALUES  ('7', '30', 'RVtbQBJYQBJQE1lU', 'R1pYRxJaQhRTEVhXSEdaWA', '1241973121', '1273449600', '0', '', '-1958172277');
INSERT INTO `ecs_virtual_card` ( `card_id`, `goods_id`, `card_sn`, `card_password`, `add_date`, `end_date`, `is_saled`, `order_sn`, `crc32` ) VALUES  ('8', '30', 'R1pYRxJYRxNTFV9S', 'TF5cQBVdQA', '1241973127', '1273449600', '0', '', '-1958172277');
INSERT INTO `ecs_virtual_card` ( `card_id`, `goods_id`, `card_sn`, `card_password`, `add_date`, `end_date`, `is_saled`, `order_sn`, `crc32` ) VALUES  ('9', '30', 'Q15cSxZeRhhWFg', 'TV9fSxdfSxdXGFxTQUI', '1241973134', '1273449600', '0', '', '-1958172277');
INSERT INTO `ecs_virtual_card` ( `card_id`, `goods_id`, `card_sn`, `card_password`, `add_date`, `end_date`, `is_saled`, `order_sn`, `crc32` ) VALUES  ('10', '30', 'QVxaRhRaRhRSF11d', 'TFBeRRheRRhWFlJdSU1Q', '1241973146', '1273449600', '0', '', '-1958172277');
INSERT INTO `ecs_virtual_card` ( `card_id`, `goods_id`, `card_sn`, `card_password`, `add_date`, `end_date`, `is_saled`, `order_sn`, `crc32` ) VALUES  ('11', '30', 'R1xaRxNcRw', 'QF1dRRVdRBY', '1241973157', '1273449600', '0', '', '-1958172277');
INSERT INTO `ecs_virtual_card` ( `card_id`, `goods_id`, `card_sn`, `card_password`, `add_date`, `end_date`, `is_saled`, `order_sn`, `crc32` ) VALUES  ('12', '30', 'RlpbQRNdQBJU', 'R1xaQRRaQRVSEg', '1241973164', '1273449600', '0', '', '-1958172277');
INSERT INTO `ecs_virtual_card` ( `card_id`, `goods_id`, `card_sn`, `card_password`, `add_date`, `end_date`, `is_saled`, `order_sn`, `crc32` ) VALUES  ('13', '30', 'RltdQBRaQQ', 'Rl1dRRheRRhYF10', '1241973170', '1273449600', '0', '', '-1958172277');
INSERT INTO `ecs_virtual_card` ( `card_id`, `goods_id`, `card_sn`, `card_password`, `add_date`, `end_date`, `is_saled`, `order_sn`, `crc32` ) VALUES  ('14', '30', 'RltdQBVeRhg', 'RlxaQRZeRhVV', '1241973178', '1273449600', '0', '', '-1958172277');
INSERT INTO `ecs_virtual_card` ( `card_id`, `goods_id`, `card_sn`, `card_password`, `add_date`, `end_date`, `is_saled`, `order_sn`, `crc32` ) VALUES  ('15', '30', 'QFtbRhRaQRZVEw', 'Rl1aQRRaQRZUElg', '1241973185', '1273449600', '0', '', '-1958172277');
DROP TABLE IF EXISTS `ecs_volume_price`;
CREATE TABLE `ecs_volume_price` (
  `price_type` tinyint(1) unsigned NOT NULL,
  `goods_id` mediumint(8) unsigned NOT NULL,
  `volume_number` smallint(5) unsigned NOT NULL default '0',
  `volume_price` decimal(10,2) NOT NULL default '0.00',
  PRIMARY KEY  (`price_type`,`goods_id`,`volume_number`)
) ENGINE=MyISAM DEFAULT CHARSET=utf8;
INSERT INTO `ecs_volume_price` ( `price_type`, `goods_id`, `volume_number`, `volume_price` ) VALUES  ('1', '1', '5', '1366.00');
INSERT INTO `ecs_volume_price` ( `price_type`, `goods_id`, `volume_number`, `volume_price` ) VALUES  ('1', '9', '5', '2100.00');
INSERT INTO `ecs_volume_price` ( `price_type`, `goods_id`, `volume_number`, `volume_price` ) VALUES  ('1', '9', '3', '2200.00');
INSERT INTO `ecs_volume_price` ( `price_type`, `goods_id`, `volume_number`, `volume_price` ) VALUES  ('1', '13', '3', '1200.00');
INSERT INTO `ecs_volume_price` ( `price_type`, `goods_id`, `volume_number`, `volume_price` ) VALUES  ('1', '13', '5', '1150.00');
DROP TABLE IF EXISTS `ecs_vote`;
CREATE TABLE `ecs_vote` (
  `vote_id` smallint(5) unsigned NOT NULL auto_increment,
  `vote_name` varchar(250) NOT NULL default '',
  `start_time` int(11) unsigned NOT NULL default '0',
  `end_time` int(11) unsigned NOT NULL default '0',
  `can_multi` tinyint(1) unsigned NOT NULL default '0',
  `vote_count` int(10) unsigned NOT NULL default '0',
  PRIMARY KEY  (`vote_id`)
) ENGINE=MyISAM DEFAULT CHARSET=utf8;
INSERT INTO `ecs_vote` ( `vote_id`, `vote_name`, `start_time`, `end_time`, `can_multi`, `vote_count` ) VALUES  ('1', '您从哪里知道我们的网站', '1213200000', '1274803200', '0', '0');
DROP TABLE IF EXISTS `ecs_vote_option`;
CREATE TABLE `ecs_vote_option` (
  `option_id` smallint(5) unsigned NOT NULL auto_increment,
  `vote_id` smallint(5) unsigned NOT NULL default '0',
  `option_name` varchar(250) NOT NULL default '',
  `option_count` int(8) unsigned NOT NULL default '0',
  `option_order` tinyint(3) unsigned NOT NULL default '100',
  PRIMARY KEY  (`option_id`),
  KEY `vote_id` (`vote_id`)
) ENGINE=MyISAM DEFAULT CHARSET=utf8;
INSERT INTO `ecs_vote_option` ( `option_id`, `vote_id`, `option_name`, `option_count`, `option_order` ) VALUES  ('1', '1', '论坛', '0', '100');
INSERT INTO `ecs_vote_option` ( `option_id`, `vote_id`, `option_name`, `option_count`, `option_order` ) VALUES  ('2', '1', '朋友', '0', '100');
INSERT INTO `ecs_vote_option` ( `option_id`, `vote_id`, `option_name`, `option_count`, `option_order` ) VALUES  ('3', '1', '友情链接', '0', '100');
DROP TABLE IF EXISTS `ecs_wholesale`;
CREATE TABLE `ecs_wholesale` (
  `act_id` mediumint(8) unsigned NOT NULL auto_increment,
  `goods_id` mediumint(8) unsigned NOT NULL,
  `goods_name` varchar(255) NOT NULL,
  `rank_ids` varchar(255) NOT NULL,
  `prices` text NOT NULL,
  `enabled` tinyint(3) unsigned NOT NULL,
  PRIMARY KEY  (`act_id`),
  KEY `goods_id` (`goods_id`)
) ENGINE=MyISAM DEFAULT CHARSET=utf8;
INSERT INTO `ecs_wholesale` ( `act_id`, `goods_id`, `goods_name`, `rank_ids`, `prices`, `enabled` ) VALUES  ('1', '21', '金立 A30', '1,2', 'a:1:{i:0;a:2:{s:4:\"attr\";a:1:{i:120;s:1:\"0\";}s:7:\"qp_list\";a:2:{i:0;a:2:{s:8:\"quantity\";i:50;s:5:\"price\";d:1700;}i:1;a:2:{s:8:\"quantity\";i:100;s:5:\"price\";d:1680;}}}}', '1');
-- END ecshop v2.x SQL Dump Program 